No,エリア,都内1事業所,全国1事業所,法人種別,都内事業所数,全国事業所数,事業所タイプ(推定),法人番号,法人名,代表者名,管理者名,事業所名,事業所番号,事業所所在地,電話番号,電話番号(整形),FAX,ホームページ,利用可能曜日,指定年月日,記録者,架電状況,架電日,架電回数,対応者,見込み度,次回アクション,次回架電予定日,希望時間帯,通話メモ,備考
2,世田谷区,○,○,営利法人,1,1,独立系,4010901027839,こうもと株式会社,,,たまケア介護支援事業所,1371209287,東京都　世田谷区　北烏山　1-10-10,03-3309-6028,03-3309-6028,,,平日,,,,,,,,,,,,
3,世田谷区,○,○,営利法人,1,1,独立系,6010901020255,やすらぎケア株式会社,,,やすらぎケア下高井戸店,1371206879,東京都世田谷区赤堤5-13-7,03-5329-5350,03-5329-5350,03-5329-5388,https://yasuragi-care.site/,"平日,土曜日",,,,,,,,,,,,
4,世田谷区,○,○,営利法人,1,1,独立系,8010901053253,アルテミス・アポロン株式会社,,,アルテミス　ケア,1371217033,東京都世田谷区千歳台４－２６－２芦花公園スカイハイツ６０３,03-6411-3885,03-6411-3885,03-6411-3884,,平日,,,,,,,,,,,,
6,世田谷区,○,○,営利法人,1,1,独立系,9012401010155,エー・リンク株式会社,,,エー・リンク居宅介護支援事業所,1371209261,東京都世田谷区豪徳寺１－１３－１１ドルチェ豪徳寺２０５,03-6413-5571,03-6413-5571,03-6413-5573,http://www.alinkcorp.co.jp,"平日,土曜日",,,,,,,,,,,,
11,世田谷区,○,○,営利法人,1,1,独立系,4013201002909,ジャパンスタッフ株式会社,,,ジャパンスタッフ,1371217520,東京都世田谷区中町4-28-8ファインヒル上野毛201号,03-6411-6255,03-6411-6255,03-6411-6266,,平日,,,,,,,,,,,,
15,世田谷区,○,○,営利法人,1,1,独立系,1012403002876,デバッガーズ合同会社,,,にじゅうまるケアセンター,1371215037,東京都世田谷区南烏山3-13-6芦花ハウスⅡ108,03-5384-1411,03-5384-1411,03-5384-1411,,平日,,,,,,,,,,,,
16,世田谷区,○,○,営利法人,1,1,独立系,8010901018025,ヘルパーステーション・フランク　株式会社,,,ヘルパーステーション・フランク株式会社,1371208735,東京都世田谷区北烏山１－５６－２２,03-6427-0510,03-6427-0510,03-6427-0520,,平日,,,,,,,,,,,,
17,世田谷区,○,○,営利法人,1,1,独立系,2010902021719,ライフサポートやすらぎ　有限会社,,,ライフサポートやすらぎ,1371215466,東京都世田谷区豪徳寺1-50-16,03-6805-5055,03-6805-5055,03-5787-8885,http://yasuragi-g.jp/,平日,,,,,,,,,,,,
18,世田谷区,○,○,営利法人,1,1,独立系,1010901006267,ルパックス透光株式会社,,,透光介護支援センター,1371201102,東京都世田谷区世田谷１丁目３６番１２号,03-3426-3328,03-3426-3328,03-3706-7036,https://www.lpax.co.jp/,"平日,土曜日",,,,,,,,,,,,
24,世田谷区,○,○,営利法人,1,1,薬局併設,3010901016462,下宿薬局株式会社,,,下宿薬局,1371208867,東京都世田谷区船橋１－３０－２タイユービル,03-3706-0606,03-3706-0606,03-3706-0609,https://www.tokyo-chouzai.co.jp/,平日,,,,,,,,,,,,
39,世田谷区,○,○,営利法人,1,1,独立系,4010903003375,合同会社EachCare世田谷,,,EachCare世田谷,1371214212,東京都世田谷区若林4-17-3,03-6805-5471,03-6805-5471,03-6805-5472,https://each-care4173.wixsite.com/mysite,平日,,,,,,,,,,,,
40,世田谷区,○,○,営利法人,1,1,独立系,1010903001778,合同会社　菜の花,,,菜の花ケアプラン,1371210566,東京都世田谷区船橋1-23-18コーポ福寿101,03-5450-7313,03-5450-7313,03-5450-7317,,平日,,,,,,,,,,,,
41,世田谷区,○,○,営利法人,1,1,独立系,8010903004601,合同会社まなび,,,まなびケアプラン,1371215433,東京都世田谷区三軒茶屋2-41-3スカイプラザヨコミゾ301,03-5787-6451,03-5787-6451,03-5787-6452,,"平日,土曜日",,,,,,,,,,,,
42,世田谷区,○,○,営利法人,1,1,独立系,4010903006980,合同会社アクシブ,,,ケアプラン九品仏,1371216621,東京都世田谷区奥沢7-18-1ハドル自由ヶ丘401,03-5760-6245,03-5760-6245,03-5760-6246,http://axv.co.jp,平日,,,,,,,,,,,,
43,世田谷区,○,○,営利法人,1,1,独立系,5010903001510,合同会社オリーブ・ケア,,,オリーブ・ケア千歳台,1371209121,東京都世田谷区千歳台3-28-4101,03-3482-8421,03-3482-8421,03-3482-8422,http://hp.kaipoke.biz/81h/index.html,平日,,,,,,,,,,,,
44,世田谷区,○,○,営利法人,1,1,独立系,4010903002492,合同会社クウの翼,,,クウの翼介護サービス,1371212661,東京都世田谷区等々力4-4-1喜島ビル1F,03-6805-9251,03-6805-9251,03-6805-9925,http://www.kuunotsubasa.jp,平日,,,,,,,,,,,,
45,世田谷区,○,○,営利法人,1,1,独立系,3010903009695,合同会社ケアプランよし,,,ケアプランよし,1371217678,東京都世田谷区経堂2丁目17番16号メゾン・ド・シルフ206,03-6780-6717,03-6780-6717,03-6780-6787,https://careplan-yoshi.com,平日,,,,,,,,,,,,
46,世田谷区,○,○,営利法人,1,1,独立系,8010903005475,合同会社シンシア,,,介護サービスシンシア桜新町,1371215987,東京都世田谷区桜新町1-6-8ラフォーレ桜新町2番館101,03(3705)0078,03-3705-0078,03(5760)6880,,平日,,,,,,,,,,,,
47,世田谷区,○,○,営利法人,1,1,独立系,9010903003858,合同会社マウ計画,,,ケアプランマウ,1371214766,東京都世田谷区給田3-7-16,03-6909-1264,03-6909-1264,03-6909-1265,,平日,,,,,,,,,,,,
48,世田谷区,○,○,営利法人,1,1,独立系,6012403004711,合同会社ライフケア経堂,,,ライフケア経堂,1371216373,東京都世田谷区宮坂3-19-2203,03-6804-4460,03-6804-4460,03-6804-4461,https://sites.google.com/view/lifecarekyoudo-setagaya,平日,,,,,,,,,,,,
49,世田谷区,○,○,営利法人,1,1,独立系,1010903002297,合同会社上寿,,,ライフサポートことり,1371212273,東京都世田谷区経堂2-30-12カーサ・デ・トリエーヌ205,03-5799-6586,03-5799-6586,03-5799-6589,,"平日,土曜日",,,,,,,,,,,,
50,世田谷区,○,○,営利法人,1,1,独立系,1012403003809,合同会社会社あいメッセージ,,,あいメッセージ成城,1371215581,東京都世田谷区成城2-34-2村上ハイツ201,03-6411-2980,03-6411-2980,03-6411-4187,http://hp.kaipoke.biz/6f5/130448/base_0001.html,平日,,,,,,,,,,,,
51,世田谷区,○,○,営利法人,1,1,独立系,4010903001445,合同会社大鉾,,,ほこほこ計画,1371208909,東京都世田谷区祖師谷2-9-2ヴェルドミール福田102号室,03-6411-9422,03-6411-9422,03-5490-5155,,平日,,,,,,,,,,,,
52,世田谷区,○,○,営利法人,1,1,独立系,2010903001884,合同会社東郷館,,,けあぷらん世田谷,1371210939,東京都世田谷区経堂２－６－１アームス経堂３０５,０３－６４１３－５５８８,03-6413-5588,０３－６４１３－５００４,,平日,,,,,,,,,,,,
53,世田谷区,○,○,営利法人,1,1,独立系,9010903001572,合同会社母の手,,,母の手ケア,1371211341,東京都世田谷区上馬　5-6-9,03-3411-7707,03-3411-7707,03-3411-7707,,"平日,土曜日",,,,,,,,,,,,
54,世田谷区,○,○,営利法人,1,1,独立系,6010903009214,合同会社ＫＲカンパニー,,,ケアプランしま,1371217421,東京都世田谷区玉堤1‐11‐10211,080‐3546‐1722,080-3546-1722,03‐6432‐3624,,平日,,,,,,,,,,,,
55,世田谷区,○,○,営利法人,1,1,独立系,5010903005362,合同会社Ｒｏｎ,,,ケアプランたかぽん,1371215888,東京都世田谷区世田谷１丁目4-9ウインコーポ世田谷101,03-6413-1456,03-6413-1456,03-6413-1457,https://rontakapon2020.chillout.jp/,平日,,,,,,,,,,,,
56,世田谷区,○,○,営利法人,1,1,独立系,5010903008588,合同会社ｍｉｎｋｉ,,,ケアプラン下馬,1371217157,東京都世田谷区下馬3-15-9,03-6786-0899,03-6786-0899,03-5539-0414,,平日,,,,,,,,,,,,
57,世田谷区,○,○,営利法人,1,1,独立系,1010903003287,合同会社ｓｍｉｌｅカンパニー,,,ケアプラン　すみれ,1371214006,東京都世田谷区新町３－１０－１０デザインコート桜新町１０2,080-7113-3732,080-7113-3732,03-3429-6269,,平日,,,,,,,,,,,,
58,世田谷区,○,○,営利法人,1,1,独立系,8011003001134,山口ケアサービス合資会社,,,山口ケアサービス,1371501709,東京都世田谷区松原2-28-181階,03-5355-4044,03-5355-4044,03-5355-4045,,"平日,土曜日",,,,,,,,,,,,
59,世田谷区,○,○,営利法人,1,1,独立系,4010902017954,有限会社　ハル・サポート,,,介護の八木,1371202621,東京都世田谷区桜新町2-26-14102,03-6413-6595,03-6413-6595,03-6413-6569,http://www.hal-jp.com,平日,,,,,,,,,,,,
60,世田谷区,○,○,営利法人,1,1,独立系,4010902019447,有限会社　ピュアライフ,,,もみの木ケアセンター,1371203264,東京都世田谷区三宿2－28-21,03-3424-6055,03-3424-6055,03-3424-6077,http://mominoki-kaigo.jp/,平日,,,,,,,,,,,,
61,世田谷区,○,○,営利法人,1,1,独立系,5010902017945,有限会社おひさま,,,有限会社　おひさま,1371202472,東京都世田谷区深沢5-28-3,03-5758-7077,03-5758-7077,03-5758-7076,https://ohisama-kaigo.jimdofree.com/,平日,,,,,,,,,,,,
62,世田谷区,○,○,営利法人,1,1,独立系,7010902021730,有限会社てらーる,,,さわやか介護センター,1371204619,東京都世田谷区八幡山3-10-14てらーるはうす101,03-3329-6683,03-3329-6683,03-3329-6803,https://sawayaka-kaigo.net/,平日,,,,,,,,,,,,
63,世田谷区,○,○,営利法人,1,1,独立系,2010902003972,有限会社ガスコン,,,ＨＡＰＰＹ　ＬＩＦＥ　ＰＬＡＮ,1371214915,東京都世田谷区宮坂３－３３－３,03-6413-0637,03-6413-0637,03-6413-0647,,平日,,,,,,,,,,,,
64,世田谷区,○,○,営利法人,1,1,独立系,5010902023290,有限会社ケアステーションたね,,,ケアステーションたね,1371205467,東京都世田谷区赤堤５－３２－４共栄荘１０１,03-5355-3455,03-5355-3455,03-6379-2206,http://www.care-tane.co.jp/,平日,,,,,,,,,,,,
68,世田谷区,○,○,営利法人,1,1,独立系,3010902021296,有限会社タウンライフケア,,,タウンライフケア桜上水,1371204346,東京都世田谷区桜上水1-20-12シャトレ経堂202号,03-5316-5625,03-5316-5625,03-5316-5626,https://townlife-care.co.jp,平日,,,,,,,,,,,,
69,世田谷区,○,○,営利法人,1,1,独立系,7010902013744,有限会社ヘルパーサービス和知,,,ケアサービス和知,1371200542,東京都世田谷区代沢5丁目7番3号,03-3411-3108,03-3411-3108,03-3411-4674,https://wachi-helper.co.jp,平日,,,,,,,,,,,,
70,世田谷区,○,○,営利法人,1,1,独立系,5010902014100,有限会社マイム,,,在宅ケアサービスもえぎ,1371204114,東京都世田谷区駒沢2-53-12,03-3424-6621,03-3424-6621,03-3424-5207,,"平日,土曜日",,,,,,,,,,,,
71,世田谷区,○,○,営利法人,1,1,独立系,1010902020110,有限会社幸せ在宅計画社,,,お天気介護サービス,1371203595,東京都世田谷区宮坂2-26-26宮坂ハイム501号,03-5450-7270,03-5450-7270,03-5450-6280,http://park7.wakwak.com/~otenki/,平日,,,,,,,,,,,,
72,世田谷区,○,○,営利法人,1,1,独立系,3010902008896,有限会社玉川ケアサービス,,,有限会社玉川ケアサービス,1371200872,東京都世田谷区玉川台1-13-14用賀武井ビル301・302号,03-3709-6776,03-3709-6776,03-6431-0551,http://www.tamakea.com/,平日,,,,,,,,,,,,
76,世田谷区,○,○,営利法人,1,1,独立系,3010901022824,株式会社SORA,,,居宅介護支援事業部SORA,1371208842,東京都世田谷区駒沢３丁目２８番11号アーバン駒沢1F,03-6413-5727,03-6413-5727,03-6413-5728,http://sora-care.com,"平日,祝日",,,,,,,,,,,,
81,世田谷区,○,○,営利法人,1,1,独立系,4012401018252,株式会社　クリスタルカンパニー,,,チームケアめぐみ,1371207976,東京都世田谷区喜多見３－１４－１１さがらコーポ１０２号室,03-5727-0738,03-5727-0738,03-5727-0706,http://www.megumi-care.net,平日,,,,,,,,,,,,
83,世田谷区,○,○,営利法人,1,1,独立系,4010901017534,株式会社　タンドル,,,タンドル南烏山,1371206614,東京都世田谷区南烏山6-4-21ＳＪＫビル2Ｆ,03-5314-1206,03-5314-1206,03-5314-1243,,"平日,祝日",,,,,,,,,,,,
86,世田谷区,○,○,営利法人,1,1,独立系,6010901023885,株式会社　ラ・フルール,,,ラ・フルール,1371207869,東京都世田谷区南烏山5-21-12メゾンＶＩＥ103,03-3300-2899,03-3300-2899,03-5313-9093,,"平日,祝日",,,,,,,,,,,,
87,世田谷区,○,○,営利法人,1,1,独立系,3010901020976,株式会社　春企画,,,ケアセンター春の風,1371207018,東京都世田谷区上北沢４ー１６ー７上北沢グリーンコーポ205号,03-6423-7192,03-6423-7192,03-6423-7193,,平日,,,,,,,,,,,,
88,世田谷区,○,○,営利法人,1,1,独立系,6010901009513,株式会社　野沢トータルケア,,,株式会社　野沢トータルケア　居宅介護支援事業所,1371200690,東京都世田谷区野沢２－２４－２,03-3422-6450,03-3422-6450,03-3424-4503,http://nozawatotalcare.jp/,平日,,,,,,,,,,,,
89,世田谷区,○,○,営利法人,1,1,独立系,6010901045194,株式会社　鳥人会,,,ケアプランつぐみ,1371216829,東京都世田谷区中町1-17-14メゾンブランシュ109,03-6432-2723,03-6432-2723,03-6432-2724,,平日,,,,,,,,,,,,
92,世田谷区,○,○,営利法人,1,1,独立系,8010901040490,株式会社くじプランニング,,,あや介護計画,1371214691,東京都世田谷区北沢2-19-2月村光ビル405,03-6450-9731,03-6450-9731,03-6450-9732,,"平日,土曜日",,,,,,,,,,,,
95,世田谷区,○,○,営利法人,1,1,独立系,8010901025566,株式会社はなケア,,,株式会社はなケア用賀ケアセンター,1371208313,東京都世田谷区用賀4-33-17,03-6411-7591,03-6411-7591,03-6411-7594,http://hanacare.co.jp,平日,,,,,,,,,,,,
96,世田谷区,○,○,営利法人,1,1,独立系,2020001096208,株式会社まいくるケア,,,Tenonからすやま,1371216969,東京都世田谷区南烏山6-38-10ピュアエリート304,03-5314-5539,03-5314-5539,03-6279-5656,https://tenon-crosslife.co.jp,平日,,,,,,,,,,,,
102,世田谷区,○,○,営利法人,1,1,独立系,7020001059358,株式会社ウェリナ,,,ケアプランセンターみなみ,1371210228,東京都世田谷区下馬6-12-15ロータリー学芸大学三宝第７ビル　2Ｆ,03-6303-1303,03-6303-1303,03-6303-1305,http://www.minami-tyo-welina.com,平日,,,,,,,,,,,,
103,世田谷区,○,○,営利法人,1,1,医療機関併設,9010401063818,株式会社エルタナ,,,山手クリニック　ケアプランセンター,1371215664,東京都世田谷区代沢2-28-11,03-5431-5230,03-5431-5230,03-5431-5229,,"平日,土曜日",,,,,,,,,,,,
104,世田谷区,○,○,営利法人,1,1,独立系,8013201017325,株式会社カルミア,,,ケアプラン栞,1371209030,東京都世田谷区中町3-6-12,03-6411-6527,03-6411-6527,03-3704-2711,,平日,,,,,,,,,,,,
105,世田谷区,○,○,営利法人,1,1,独立系,4010901020496,株式会社グッドパートナーズ,,,グッド玉川居宅,1371215607,東京都世田谷区玉川４－７－４ホームズ二子玉川１０１号,03-6431-0075,03-6431-0075,03-6432-7568,https://www.good-partners.jp/,平日,,,,,,,,,,,,
110,世田谷区,○,○,営利法人,1,1,独立系,8010901018207,株式会社ケアプラン駒沢,,,ケアプラン駒沢,1371203603,東京都世田谷区上馬3-4-11-1F,03-3413-5038,03-3413-5038,03-3413-5039,,平日,,,,,,,,,,,,
113,世田谷区,○,○,営利法人,1,1,独立系,3010901021801,株式会社ケイオー医療サービス,,,ケイオー医療介護ケアセンター,1371202936,東京都世田谷区南烏山5-34-183Ｆ,03-3305-5025,03-3305-5025,03-3309-0200,,平日,,,,,,,,,,,,
114,世田谷区,○,○,営利法人,1,1,独立系,6010901034932,株式会社コクーン,,,水車の家　ケアマネジメント,1371213313,東京都世田谷区桜新町二丁目26番14号,03-6413-6595,03-6413-6595,03-6413-6569,,"平日,祝日",,,,,,,,,,,,
115,世田谷区,○,○,営利法人,1,1,独立系,7010901020808,株式会社コスモ・ケア・サポート,,,コスモ・ケア・サポート,1371217108,東京都世田谷区奥沢4-24-6　コンドミニアム自由が丘101コンドミニアム自由が丘101,03-6413-8847,03-6413-8847,03-6421-9971,,"平日,祝日",,,,,,,,,,,,
116,世田谷区,○,○,営利法人,1,1,独立系,2010901035174,株式会社コマツプランニング,,,ケアサービス　ダイヤモンド,1371212778,東京都世田谷区上祖師谷５－３１－１１１階,０３－６２７９－６５０７,03-6279-6507,０３－６２７９－６５０８,,"平日,祝日",,,,,,,,,,,,
117,世田谷区,○,○,営利法人,1,1,独立系,4020001086025,株式会社サロンデイ,,,薬クリエイトの介護支援センター給田,1371212497,東京都世田谷区給田３－２６－６２階,03-5314-3020,03-5314-3020,03-5314-3021,,"平日,祝日",,,,,,,,,,,,
118,世田谷区,○,○,営利法人,1,1,独立系,4010901028952,株式会社シード,,,シード居宅介護支援事業所,1371209907,東京都世田谷区用賀3-15-18シャンティメゾン101,03-5491-4351,03-5491-4351,03-5491-4352,,平日,,,,,,,,,,,,
121,世田谷区,○,○,営利法人,1,1,独立系,1010901030548,株式会社スマイル・ケア,,,居宅介護支援事業所　スマイル・ケア,1371215599,東京都世田谷区三軒茶屋1-5-9メゾンSAKAEアベニュー三軒茶屋303,03-6413-8810,03-6413-8810,03-5432-9109,https://smilecare-kaigo.com/?page_id=21,平日,,,,,,,,,,,,
128,世田谷区,○,○,営利法人,1,1,独立系,6010901033356,株式会社ヘルシコ,,,ぺんぎん介護,1371211986,東京都世田谷区宮坂2-15-4鈴木ビル2A,03-6804-4286,03-6804-4286,03-6804-4287,,平日,,,,,,,,,,,,
132,世田谷区,○,○,営利法人,1,1,独立系,6010901011048,株式会社ホットジョブ,,,ホットジョブ　さくら・ぷらんにんぐ,1371301076,東京都世田谷区北沢1-23-12マウントビル2階,03-5452-1839,03-5452-1839,03-3469-0773,http://www.hotjob.jp/sakura/,"平日,土曜日",,,,,,,,,,,,
135,世田谷区,○,○,営利法人,1,1,独立系,2010901024359,株式会社ライフタイムメディ,,,グリーンメディケアプランセンター,1371217660,東京都世田谷区松原2-42-9美鈴Ｎﾋﾞﾙ402,03-6770-5338,03-6770-5338,03-6770-5339,https://gc-lifetime.co.jp/,平日,,,,,,,,,,,,
136,世田谷区,○,○,営利法人,1,1,独立系,4010901030958,株式会社ライフデザイン・フローラ,,,フローラ用賀,1371210897,東京都世田谷区桜新町1-14-23萬豊ビル302,03-6413-5609,03-6413-5609,03-5450-5520,http://www.ld-flora.co.jp/com/,"平日,祝日",,,,,,,,,,,,
137,世田谷区,○,○,営利法人,1,1,独立系,8013401006037,株式会社リベア,,,エブリンクケア,1371215144,東京都世田谷区大原1-45-13井上ハイツ103,03-6379-2612,03-6379-2612,03-6700-7039,http://livea.co.jp,平日,,,,,,,,,,,,
138,世田谷区,○,○,営利法人,1,1,独立系,7190002002647,株式会社ロングツリー,,,ほほえみサポート,1371213529,東京都世田谷区砧8-4-17LONG　TREE砧,03‐6411‐0612,03-6411-0612,03‐6411‐0615,,"平日,土曜日",,,,,,,,,,,,
139,世田谷区,○,○,営利法人,1,1,独立系,8010901018578,株式会社亀右衛門,,,株式会社　亀右衛門,1371208230,東京都世田谷区三軒茶屋1-35-1三軒茶屋ゴールデンビル203,03-5431-3911,03-5431-3911,03-5431-3922,http://kameemon.co.jp,"平日,祝日",,,,,,,,,,,,
142,世田谷区,○,○,営利法人,1,1,独立系,7010901056810,株式会社千歳,,,介護センターさくら,1371217728,東京都世田谷区千歳台1－39－16205,03-3484-6188,03-3484-6188,03-3484-9277,,平日,,,,,,,,,,,,
147,世田谷区,○,,営利法人,1,2,施設併設,3011001039957,株式会社東急イーライフデザイン,,,ホームケア世田谷,1371208891,東京都世田谷区上用賀1-22-23グランクレール馬事公苑,03-5717-7303,03-5717-7303,03-5717-7304,https://homecare.grancreer.com/access/homecare_setagaya.html,"平日,土曜日,日曜日",,,,,,,,,,,,
148,世田谷区,○,○,営利法人,1,1,独立系,8010901018603,株式会社松原ケアーマネージメント,,,松原ケアマネジメント,1371206515,東京都世田谷区赤堤5-34-9,03-5355-5003,03-5355-5003,03-5355-5077,http://matsubaracare.jp,平日,,,,,,,,,,,,
149,世田谷区,○,○,営利法人,1,1,独立系,1010901006639,株式会社生・活・計・画,,,ほほえみの木々,1371201094,東京都世田谷区代沢4-28-12KSハイム　１階,03-5432-6188,03-5432-6188,03-5432-6196,http://www.hohoemi-net.jp,平日,,,,,,,,,,,,
151,世田谷区,○,○,営利法人,1,1,独立系,5010901030370,株式会社Ａｉｎｅ,,,アイネケアセンター,1371214444,東京都世田谷区松原2-21-2金子ハウス102,03-5355-8900,03-5355-8900,03-5355-8901,http://www.aine-care.jp,平日,,,,,,,,,,,,
152,世田谷区,○,○,営利法人,1,1,独立系,4012801023001,株式会社ＥＮ,,,えん,1371217215,東京都世田谷区宮坂3-7-12シティーコーポ経堂107,0357996397,0357996397,0357996394,,平日,,,,,,,,,,,,
153,世田谷区,○,○,営利法人,1,1,独立系,6020001156024,株式会社ＨＯＰＥ,,,ケアプラン　いのり,1371217512,東京都世田谷区南烏山6丁目13-13冨岡コーポ　C-109,03-6909-0658,03-6909-0658,03-6909-0659,,平日,,,,,,,,,,,,
154,世田谷区,○,○,営利法人,1,1,独立系,5010901016683,株式会社Ｎ・システム,,,アイ・ケアステーション岡本,1371207646,東京都世田谷区岡本1-33-14パークサイド砧220,03-5797-5211,03-5797-5211,03-5797-5212,http://www.n-system-web.co.jp/,平日,,,,,,,,,,,,
155,世田谷区,○,○,営利法人,1,1,独立系,6012301013277,株式会社ＴＹサービス,,,絆サービス,1371216944,東京都世田谷区船橋1-14-2グリーンハイツ2-E,0368244207,0368244207,0368244208,,平日,,,,,,,,,,,,
156,世田谷区,○,○,営利法人,1,1,独立系,3010901030785,株式会社ｍｏｒｅ,,,ケアプランカフェ・モア世田谷瀬田,1371217868,東京都世田谷区２－５－８ツノイハイム３０１号室,０３－５７９７－９４３４,03-5797-9434,０３－５７９７－９４３５,http://more-g.co.jp,平日,,,,,,,,,,,,
157,世田谷区,○,○,営利法人,1,1,独立系,6011801043602,株式会社ｓｉｒｏＱｕｍａ,,,シロクマ居宅介護支援事業所,1371217140,東京都世田谷区砧8-13-8ジベ成城203,03-6411-0390,03-6411-0390,03-6411-0391,https://shirokumaworks.com/,平日,,,,,,,,,,,,
159,世田谷区,○,○,営利法人,1,1,独立系,1010401048330,正和ライフサービス株式会社,,,正和クラブ深沢,1371203397,東京都世田谷区深沢４－９－３,03-5758-6512,03-5758-6512,03-5758-6239,http://www.seiwaclub.com,"平日,土曜日,祝日",,,,,,,,,,,,
195,世田谷区,○,○,営利法人,1,1,独立系,5011002020906,（有）メディカル・ワーク・システム,,,ほっとケア・タケダ,1371211192,東京都世田谷区大蔵2-4-14ベルメゾンＡｎ106,03-5727-8457,03-5727-8457,03-5727-8458,,平日,,,,,,,,,,,,
196,世田谷区,○,○,営利法人,1,1,独立系,3010901055444,Ｐｅａｋ　Ｃａｒｅ株式会社,,,ケアプランサービス陽だまり,1371217645,東京都世田谷区祖師谷4‐26‐3アトリエンテ祖師谷B1階,03-5349-1839,03-5349-1839,03-6388-1722,,平日,,,,,,,,,,,,
197,世田谷区,○,○,営利法人,1,1,独立系,2010701026976,Ｓ．Ａ．Ｇｒｏｕｐ株式会社,,,スターズプランニング,1371214543,東京都世田谷区太子堂4-4-2ラウスパレス三軒茶屋702,03-6453-2757,03-6453-2757,03-6453-2601,http://www.stars-station.jp,"平日,祝日",,,,,,,,,,,,
198,世田谷区,○,○,営利法人,1,1,独立系,6010901051572,ＳＧサービス株式会社,,,ブルーベリー・ケアプランセンター,1371217462,東京都世田谷区代田２－２１－１８－２０２,070-1573－6046,070-1573-6046,,,平日,,,,,,,,,,,,
201,世田谷区,○,○,営利法人,1,1,独立系,3011001159565,ｍｕｇｅｎ株式会社,,,むげんケアプラン世田谷,1371217165,東京都世田谷区瀬田4-9-1202,050-1809-3326,050-1809-3326,050-3537-1522,http://www.mugenkabushikikaisya.com/,平日,,,,,,,,,,,,
202,中央区,○,○,営利法人,1,1,独立系,7010001085537,シンシアリーサポート株式会社,,,大江戸ケアセンター,1370200907,東京都中央区築地2-7-1215山京ビル308号室,03-6226-3370,03-6226-3370,03-6226-3371,,平日,,,,,,,,,,,,
203,中央区,○,○,営利法人,1,1,独立系,4010001137076,ソーシャルパレット株式会社,,,八丁堀ケアプランセンター,1370201699,東京都中央区八丁堀４－１０－８第三SSビル　402,03-6280-3836,03-6280-3836,03-6280-3846,https://so-palette.com,平日,,,,,,,,,,,,
204,中央区,○,○,営利法人,1,1,独立系,6010001197424,中央パートナーズ株式会社,,,東京ひかりケアプランセンター,1370202408,東京都中央区晴海1-1-28ｷｬﾅﾙﾊｳｽ702,03-3520-8895,03-3520-8895,03-3520-8892,https://www.hikari.care,平日,,,,,,,,,,,,
206,中央区,○,○,営利法人,1,1,独立系,1010403016046,合同会社はまかぜ,,,ケアプランセンターはまかぜ,1370202473,東京都中央区銀座8-18-6301,03-4362-5228,03-4362-5228,03-6822-0223,,"平日,土曜日",,,,,,,,,,,,
207,中央区,○,○,営利法人,1,1,独立系,7010003018602,合同会社まごころプラン,,,まごころプラン,1370201970,東京都中央区新川２－１１－１八丁堀東豊エステート　５１１号室,０３－５５４２－０２０７,03-5542-0207,０３－５５４２－０２０８,,"平日,祝日",,,,,,,,,,,,
209,中央区,○,○,営利法人,1,1,独立系,5010002052777,有限会社チアーユー,,,ケアプラザ　ラシーネ,1370201814,東京都中央区日本橋蛎殻町2-14-2グレース中の橋402,03-6661-6451,03-6661-6451,03-6661-6452,http://www.cheer-you.com,平日,,,,,,,,,,,,
210,中央区,○,○,営利法人,1,1,薬局併設,3010002018607,有限会社川名薬局,,,川名薬局指定居宅介護支援事業所,1370200154,東京都中央区東日本橋3-7-3,03-3661-9146,03-3661-9146,03-3669-9727,,平日,,,,,,,,,,,,
211,中央区,○,○,営利法人,1,1,独立系,2010001134026,株式会社　プレアライズ,,,プレアライズ居宅介護支援事業所,1370202507,東京都中央区新川2-6-4新川エフ2ビル6階,03-5244-9289,03-5244-9289,03-5244-9268,,平日,,,,,,,,,,,,
213,中央区,○,○,営利法人,1,1,独立系,5010601043433,株式会社あいけあ,,,あいけあ,1370703611,東京都中央区日本橋大伝馬町１１－８フジスタービル１０階　１０３号,０３－３６６４－７５３３,03-3664-7533,０３－３６６４－７５１８,,"平日,土曜日",,,,,,,,,,,,
214,中央区,○,,営利法人,1,3,独立系,8030001073563,株式会社アズミコーポレーション,,,アズミメディケアセンター東京,1370200162,東京都中央区新富2-5-10新富ビル2Ｆ,03-3537-2283,03-3537-2283,03-3537-2284,,平日,,,,,,,,,,,,
215,中央区,○,○,営利法人,1,1,独立系,3011101053206,株式会社エアリー介護支援センター,,,ｴｱﾘｰｻﾎﾟｰﾄ,1370202010,東京都中央区築地２－１－２秀和築地レジデンス８０３,03-6278-8178,03-6278-8178,03-6278-8179,,"平日,土曜日,日曜日,祝日",,,,,,,,,,,,
216,中央区,○,○,営利法人,1,1,独立系,4010501024757,株式会社エターナルキャスト,,,ケアプランセンターエターナル,1370202689,東京都中央区築地5-4-18汐留イーストサイドビル7F,03-5565-1052,03-5565-1052,03-5565-1051,https://www.eternal-cast.com/,"平日,祝日",,,,,,,,,,,,
220,中央区,○,○,営利法人,1,1,独立系,9010701029808,株式会社ヒットエイト,,,ヒットエイト中央,1370202713,東京都中央区入船3-9-1細矢ビル２階,03-6260-3820,03-6260-3820,03-6260-3823,,"平日,土曜日",,,,,,,,,,,,
221,中央区,○,○,営利法人,1,1,独立系,8010001181070,株式会社三幸,,,居宅介護支援事業所　入船センター,1370202283,東京都中央区入船３丁目1-10中銀京橋マンション202,03-6222-8553,03-6222-8553,03-6280-4272,https://www.irifune.info,平日,,,,,,,,,,,,
222,中央区,○,○,営利法人,1,1,独立系,9010001048434,株式会社聖ルカレジデンス,,,株式会社聖ルカレジデンス,1370200246,東京都中央区明石町8-1,03-5550-6600,03-5550-6600,03-5550-6632,http://www.slresidence.jp,平日,,,,,,,,,,,,
229,中野区,○,○,営利法人,1,1,独立系,5011203003016,ほんまるケアステーション合同会社,,,ほんまるケアステーション,1371405844,東京都中野区鷺宮3-45-7ライフピアモア鷺ノ宮302,080-3207-4126,080-3207-4126,03-5356-7579,,"平日,祝日",,,,,,,,,,,,
233,中野区,○,○,営利法人,1,1,独立系,3011203001731,ケアサポートうえの合同会社,,,ケアサポートうえの,1371403955,東京都中野区中央1丁目６番１２号セザール中野坂上１０５,０３－５９３７－５３８４,03-5937-5384,０３－５９３７－５３７４,,平日,,,,,,,,,,,,
234,中野区,○,,営利法人,1,2,独立系,9011301013937,ケアプロ在宅医療株式会社,,,ケアプロ在宅支援センター東京,1371405265,東京都中野区中央4-25-14中央ハウスA2,03-6842-2540,03-6842-2540,03-6849-5039,https://carepro-hmc.co.jp/,平日,,,,,,,,,,,,
235,中野区,○,○,営利法人,1,1,独立系,3011203001723,サンライフ合同会社,,,サンライフ居宅介護支援事業所,1371403765,東京都中野区東中野３丁目７番１２号,03-3360-8535,03-3360-8535,03-3360-8535,,"平日,土曜日",,,,,,,,,,,,
237,中野区,○,○,営利法人,1,1,独立系,9011201015678,ユースタイルラボラトリー株式会社,,,ユースタイルケア中野北居宅介護支援,1371405539,東京都中野区新井4‐4‐6リバーシティ　201,050‐3188‐7747,050-3188-7747,03‐6701‐2453,,平日,,,,,,,,,,,,
238,中野区,○,○,営利法人,1,1,独立系,7011203003550,ルピナス合同会社,,,居宅介護支援事業所　ルピナス,1371406123,東京都中野区東中野2-21-12104,080-6960-9166,080-6960-9166,03-6796-3346,,"平日,祝日",,,,,,,,,,,,
241,中野区,○,○,営利法人,1,1,独立系,7011203001926,合同会社　ケアサポートすずらん,,,ケアサポートすずらん,1371404425,東京都中野区大和町4-34-9サトーハイツ101,03-5356-0570,03-5356-0570,03-5356-0571,,平日,,,,,,,,,,,,
242,中野区,○,○,営利法人,1,1,独立系,5011203003206,合同会社フリースタイル,,,フリースタイル居宅介護支援事業所,1371406313,東京都中野区中野３丁目５０番１４号津野田アパート１階道路側,090-6548-5548,090-6548-5548,03-6635-5548,https://hp.kaipoke.biz/wa8/info.html,平日,,,,,,,,,,,,
243,中野区,○,○,営利法人,1,1,独立系,3011203004866,合同会社桜,,,ケアプラン桜,1371406552,東京都中野区弥生町2-12-1商住宅・中野新橋301,080-3192-9443,080-3192-9443,03-6336-8617,,平日,,,,,,,,,,,,
245,中野区,○,○,営利法人,1,1,独立系,5012402021056,有限会社クローバー介護サービス,,,みつ葉居宅介護支援事業所,1371401330,東京都中野区本町３－８－１５矢崎コープ１０１,03-5304-0178,03-5304-0178,03-5304-0127,,平日,,,,,,,,,,,,
246,中野区,○,○,営利法人,1,1,独立系,3011202010238,有限会社ハナ・ケアサービス,,,ハナ・ケアサービス,1371401447,東京都中野区新井１丁目６番４号明和ハイム中野１階,03-5318-2605,03-5318-2605,03-5318-2615,http://hana-careservice.com/,平日,,,,,,,,,,,,
247,中野区,○,○,営利法人,1,1,独立系,3011202002086,有限会社ハートプラン・すずき,,,ﾊｰﾄﾌﾟﾗﾝ･すずき,1371405109,東京都中野区鷺宮4-43-17,03－5373－5931,03-5373-5931,03－4296－2757,,平日,,,,,,,,,,,,
248,中野区,○,○,営利法人,1,1,独立系,7380002013699,有限会社ＨＩＲＯ,,,スマイルプラン,1371405778,東京都中野区若宮３－３９－１６,03-5356-9538,03-5356-9538,03-5356-9539,,平日,,,,,,,,,,,,
251,中野区,○,○,営利法人,1,1,独立系,2011201012319,松野株式会社,,,介護ステーション　ぽけっと,1371403013,東京都中野区中野2丁目１２番１５号中野リハイム２０３号,03-5342-3450,03-5342-3450,03-3380-5331,http://www.pocket-kaigo.com/,平日,,,,,,,,,,,,
252,中野区,○,○,営利法人,1,1,独立系,6011201021992,株式会社しあわせケアサービス,,,しあわせケアサービス,1371405984,東京都中野区鷺宮3-20-9304号,03-6326-0771,03-6326-0771,03-6322-7398,http://hp.kaipoke.biz/ez9/,"平日,祝日",,,,,,,,,,,,
254,中野区,○,○,営利法人,1,1,独立系,7011201012066,株式会社アクトライフ,,,グリーンケア中野,1371402973,東京都中野区弥生町2-31-9朝日プラザ中野弥生町1A,03-5342-5351,03-5342-5351,03-5342-5370,https://www.aqutlife.jp,平日,,,,,,,,,,,,
256,中野区,○,,営利法人,1,3,薬局併設,7180301016951,株式会社スギ薬局,,,スギ薬局予防ケアマネジメント鷺宮店,1371406487,東京都中野区鷺宮3-46-12グランドハウス鷺宮２階,080-7559-7406,080-7559-7406,03-6735-3317,https://www.drug-sugi.co.jp,平日,,,,,,,,,,,,
257,中野区,○,○,営利法人,1,1,独立系,1011201006321,株式会社タフィ,,,在宅サポートセンター　クローバー,1371400779,東京都中野区鷺宮４-３７-１４七十七ビル４階,03-5327-6071,03-5327-6071,03-5327-6072,http://www.taffystyle.com,"平日,祝日",,,,,,,,,,,,
258,中野区,○,○,営利法人,1,1,独立系,3010001025586,株式会社ニチイ学館,,,ニチイケアセンター中野,1371400134,東京都中野区上高田２－４６－６,03-5318-1780,03-5318-1780,03-5318-1781,http://www.nichiigakkan.co.jp,平日,,,,,,,,,,,,
261,中野区,○,○,営利法人,1,1,独立系,3011201026111,株式会社ワンストップ,,,ワンストップ居宅介護支援事業所中野南台,1371406503,東京都中野区南台2－17－10－1階リーブランⅡ,03-6382-5336,03-6382-5336,03-6382-5337,,平日,,,,,,,,,,,,
262,中野区,○,○,営利法人,1,1,独立系,2011201019173,株式会社五生,,,株式会社ごせい野方ケアステーション,1371405372,東京都中野区若宮1-55-10若宮緑館101号室,03-5364-9425,03-5364-9425,03-5364-9426,http://go-sei.com/,"平日,祝日",,,,,,,,,,,,
266,中野区,○,○,営利法人,1,1,独立系,6011202012710,株式会社ＣＣＣ,,,クリオケアセンター居宅介護支援事業所,1371405620,東京都中野区中央5-8-11スペースクリオⅡ　3F,03-5328-7301,03-5328-7301,03-5341-8628,http://chriocare.com,平日,,,,,,,,,,,,
283,中野区,○,○,営利法人,1,1,独立系,1012401016812,ＢＡＬＭ　ＦＩＥＬＤ株式会社,,,居宅介護支援事業所パプリカアンピアーノ,1371405117,東京都中野区新井5-15-6片岡ビル1階,03-5942-9352,03-5942-9352,03-5942-9353,,平日,,,,,,,,,,,,
284,中野区,○,○,営利法人,1,1,独立系,8011201017064,Ｃｏ－Ｃｏ　Ｃａｒｅ　株式会社,,,こ・こけあ中野　居宅介護支援事業所,1371404615,東京都中野区中央5-30-7ミザールハイツ1F,03-6382-8507,03-6382-8507,03-6382-8508,https://cococare1.wordpress.com/,平日,,,,,,,,,,,,
286,北区,○,○,営利法人,1,1,独立系,2011401026977,なつめ株式会社,,,豊島町介護支援センター,1371707801,東京都北区豊島５－５－５１０７,03-4363-4003,03-4363-4003,03-67898068,,平日,,,,,,,,,,,,
287,北区,○,○,営利法人,1,1,独立系,4011501031792,にこｈｅａｒｔ株式会社,,,にこwith,1371707785,東京都北区志茂3丁目24番11号古屋ハイム202号室,03-6820-7980,03-6820-7980,03-6820-7987,https://sites.google.com/heartsmt.com/nikowith/home,平日,,,,,,,,,,,,
289,北区,○,○,営利法人,1,1,独立系,1011503003818,オルタナティブ合同会社,,,おるたな,1371707108,東京都北区西ヶ原4-52-2サンハイツ303,03-6325-9016,03-6325-9016,03-6320-8961,,"平日,土曜日,祝日",,,,,,,,,,,,
297,北区,○,○,営利法人,1,1,独立系,3011501001268,区民介護株式会社,,,区民介護株式会社ほのぼのステーション赤羽,1371700921,東京都北区赤羽西1-18-8アネックスワカマツ201,03-3900-5155,03-3900-5155,03-3900-3038,http://kuminkaigo.com/,平日,,,,,,,,,,,,
308,北区,○,○,営利法人,1,1,独立系,8011603001120,合同会社RAGEN,,,花はな,1371706209,東京都北区赤羽2-37-2winKIDOURAⅥ1階,03-3903-1035,03-3903-1035,03-3903-1030,http://www.ragen-hanahana.com,平日,,,,,,,,,,,,
309,北区,○,○,営利法人,1,1,独立系,8011503003381,合同会社ひいらぎ,,,居宅介護支援事業所ひいらぎ,1371706928,東京都北区滝野川3-86-2コーポ明和102号,03-5972-4301,03-5972-4301,03-5972-4302,http://hp.kaipoke.biz/vzz/,平日,,,,,,,,,,,,
310,北区,○,○,営利法人,1,1,独立系,4011503002817,合同会社桂,,,桂ケアプランサービス,1371706282,東京都北区神谷3-2-12,03-3902-7267,03-3902-7267,03-6789-0944,,平日,,,,,,,,,,,,
311,北区,○,○,営利法人,1,1,独立系,8011503006673,合同会社笹の葉,,,笹の葉居宅介護支援事業所,1371707868,東京都北区赤羽西1-28-10,03-3527-9176,03-3527-9176,03-4335-8382,,平日,,,,,,,,,,,,
312,北区,○,○,営利法人,1,1,独立系,1011503002794,合同会社ＩＭＧ,,,王子神谷居宅介護支援センター,1371707355,東京都北区王子5-2-2117,03-5933-6400,03-5933-6400,03-5933-6403,,平日,,,,,,,,,,,,
313,北区,○,○,営利法人,1,1,独立系,2011503003305,合同会社Ｖｏｉｄ,,,プラン.ドゥ.ヴォイド,1371706738,東京都北区王子4-20-12,03-6903-2015,03-6903-2015,03-6903-2016,,平日,,,,,,,,,,,,
314,北区,○,○,営利法人,1,1,独立系,4011501017412,宝ケア株式会社,,,宝ケアサービス王子,1371700327,東京都北区王子本町1-25-18,03-3909-3581,03-3909-3581,03-3908-2891,http://www.kaigo-takara.co.jp,"平日,土曜日,祝日",,,,,,,,,,,,
315,北区,○,○,営利法人,1,1,独立系,4011503006644,山紫水明合同会社,,,こころソーシャルワーク,1371707850,東京都北区赤羽北3丁目3番27ラフィネ北赤羽401号,03-6824-0423,03-6824-0423,03-6824-0433,,平日,,,,,,,,,,,,
316,北区,○,○,営利法人,1,1,独立系,4301371701739,有限会社　エムアンドエムコーポレーション,,,エムエム介護サービス,1371701739,東京都北区上十条２丁目２１番４号,03-5963-3848,03-5963-3848,03-5963-3438,,"平日,土曜日",,,,,,,,,,,,
317,北区,○,○,営利法人,1,1,独立系,7011502013903,有限会社アミ,,,有限会社アミ　昭和町居宅介護支援事業所,1371703651,東京都北区昭和町3-3-18,03-5692-5661,03-5692-5661,03-5692-5662,,平日,,,,,,,,,,,,
318,北区,○,○,営利法人,1,1,独立系,3011502013031,有限会社ケアネットワーク,,,有限会社　ケアネットワーク,1371707843,東京都北区赤羽2-4-10金剛第二ビル2F,03-6903-9611,03-6903-9611,03-6903-9612,http://www.c-network.co.jp,平日,,,,,,,,,,,,
320,北区,○,○,営利法人,1,1,独立系,4011502014020,有限会社ベル・ツリー,,,ふれんど,1371702539,東京都北区王子4-13-12,03-5902-3700,03-5902-3700,03-5902-3701,,"平日,祝日",,,,,,,,,,,,
321,北区,○,○,営利法人,1,1,独立系,5011502006363,有限会社ライフケアー,,,ライフケア居宅支援事業,1371706423,東京都北区田端新町3-34-1広瀬ビル201,03-3800-7774,03-3800-7774,03-3800-7773,http://hi-lifecare.com/,平日,,,,,,,,,,,,
322,北区,○,○,営利法人,1,1,独立系,6011402017476,有限会社リーフ,,,リーフ介護ステーション,1371702935,東京都北区上十条3-25-8301,03-5963-6422,03-5963-6422,03-5963-6423,,平日,,,,,,,,,,,,
323,北区,○,○,営利法人,1,1,独立系,3011502014129,有限会社愛訪問ケアサービス,,,有限会社愛訪問ケアサービス,1371705995,東京都北区滝野川6-32-14えんぷらす滝野川103,03-5961-5587,03-5961-5587,03-5961-5597,http://care-net.biz/13/ai-care/,"平日,土曜日,祝日",,,,,,,,,,,,
324,北区,○,○,営利法人,1,1,独立系,1011502005410,有限会社星ケアーサービス,,,星ケアーサービス居宅介護支援事業所,1371801679,東京都北区田端1-13-14,03-3823-2125,03-3823-2125,03-3827-7638,,"平日,土曜日,祝日",,,,,,,,,,,,
333,北区,○,○,営利法人,1,1,独立系,2011501020104,株式会社かいごのきもち,,,かいごのきもち,1371706076,東京都北区中里1-15-1アムロゼッタ駒込102,03-5834-7267,03-5834-7267,03-5539-3669,http://kaigono.kimochi.com/mp-admin/post.php?post=7383@action=edit,平日,,,,,,,,,,,,
334,北区,○,○,営利法人,1,1,独立系,4011501013411,株式会社こころねっと,,,居宅介護支援こころ,1371704204,東京都北区東田端1-7-12サントル・ヴィラージュⅣ-101号室,03-5855-0850,03-5855-0850,03-5855-0851,,"平日,土曜日,祝日",,,,,,,,,,,,
335,北区,○,○,営利法人,1,1,独立系,2011501012349,株式会社さくら介護,,,株式会社さくら介護,1371702893,東京都北区上十条４－２－１６ハイホーム十条ヴェルデ館１０２,03-5993-6353,03-5993-6353,03-5993-6354,https://sites.google.com/view/sakurakaigo,"平日,祝日",,,,,,,,,,,,
336,北区,○,○,営利法人,1,1,独立系,8011501024826,株式会社さくら総合福祉,,,さくら総合介護相談センター,1371707413,東京都北区豊島8丁目6-3,03-6903-2737,03-6903-2737,03-6903-2756,https://sakura-sf.com/,"平日,祝日",,,,,,,,,,,,
337,北区,○,○,営利法人,1,1,独立系,2011501010699,株式会社しらゆり,,,居宅介護支援センターしらゆり,1371702331,東京都北区赤羽南１－3－1髙橋ビル4F,03-3598-6310,03-3598-6310,03-3598-6320,http://fureai-shirayuri.com,平日,,,,,,,,,,,,
338,北区,○,○,営利法人,1,1,独立系,8011401014811,株式会社じゅん,,,じゅんケアサービス,1371907005,東京都北区赤羽1-41-5アダマス　604,03-5939-6205,03-5939-6205,03-5939-6206,,平日,,,,,,,,,,,,
341,北区,○,○,営利法人,1,1,独立系,7013301032431,株式会社ウェルネスセントラルケア,,,居宅介護支援　ニカサ,1371706696,東京都北区西ヶ原4-42-7,03-6903-5947,03-6903-5947,03-6903-5948,http://nikasa3636.com,"平日,土曜日",,,,,,,,,,,,
342,北区,○,○,営利法人,1,1,独立系,6011501011909,株式会社グレイス,,,株式会社グレイス　ケアサービス恵み,1371703610,東京都北区十条仲原4-8-25,03-3908-4731,03-3908-4731,03-3908-4732,,平日,,,,,,,,,,,,
343,北区,○,○,営利法人,1,1,独立系,7011501023465,株式会社ホップケアサービス,,,ホップケアサービス,1371706985,東京都北区上中里3-1-18,03-5944-6333,03-5944-6333,03-5944-6335,http://hp.kaipoke.biz/ge5/,平日,,,,,,,,,,,,
344,北区,○,○,営利法人,1,1,施設併設,5011503002279,株式会社ホームタウン,,,株式会社ホームタウンケアマネ事業所,1371705219,東京都北区上十条2-13-1ガーデニアビル105,03-5963-3520,03-5963-3520,03-5963-3526,http://www.home-town.tokyo,"平日,土曜日,祝日",,,,,,,,,,,,
345,北区,○,○,営利法人,1,1,独立系,6011501017633,株式会社マイライフサポート,,,マイライフサポート,1371705151,東京都北区昭和町1-4-5,03-3894-7579,03-3894-7579,03-3894-7587,,平日,,,,,,,,,,,,
346,北区,○,○,営利法人,1,1,薬局併設,3011501004221,株式会社マエノ薬局,,,マエノ薬局西が丘店,1371700368,東京都北区西が丘1-15-11,03-5924-1881,03-5924-1881,03-5924-1882,,平日,,,,,,,,,,,,
347,北区,○,○,営利法人,1,1,独立系,6011501007569,株式会社千代田サービスセンター,,,あっぷるちよだ王子駅前店,1371703941,東京都北区王子本町1-24-3アバンスビル101号室,03-5963-6203,03-5963-6203,03-5963-6204,,平日,,,,,,,,,,,,
350,北区,○,○,営利法人,1,1,独立系,4011501004740,株式会社矢嶋商店,,,あすか居宅介護支援事業所,1371705110,東京都北区豊島3丁目1番13号,03-5944-6654,03-5944-6654,03-3914-0033,,平日,,,,,,,,,,,,
351,北区,○,○,営利法人,1,1,独立系,7011401014250,株式会社祐,,,ケアサポート　祐　浮間,1371706795,東京都北区浮間3-18-18コーポ金野102,03-6279-8956,03-6279-8956,03-6279-8957,,平日,,,,,,,,,,,,
352,北区,○,○,営利法人,1,1,独立系,6010401152656,株式会社ＡＫＭ,,,居宅介護支援アルプス,1371707389,東京都北区赤羽２－４－２オランダビル４０１,03-5944-6177,03-5944-6177,03-5944-6178,https://www.akm-alps.com/,平日,,,,,,,,,,,,
353,北区,○,○,営利法人,1,1,独立系,1011501025178,株式会社Ｌｉｌｉｅ,,,ゆりの花　居宅介護支援事業所,1371707215,東京都北区堀船1-16-14,03-5944-6968,03-5944-6968,03-5944-6978,https://lilie-service.com/company/,"平日,土曜日",,,,,,,,,,,,
354,北区,○,○,営利法人,1,1,独立系,8011501030452,株式会社ＯＮＯ,,,あおぞらケアサポート,1371707819,東京都北区中十条3-17-1,03-5948-5437,03-5948-5437,03-5993-6832,,平日,,,,,,,,,,,,
355,北区,○,○,営利法人,1,1,独立系,9030001101991,株式会社ｂｌｏｏｍ＆ｃｏ．,,,葉月介護相談所,1371604800,東京都北区滝野川6-11-12鈴木コーポ２０２号室,03-6755-3279,03-6755-3279,03-6313-7159,,平日,,,,,,,,,,,,
356,北区,○,○,営利法人,1,1,独立系,7011501018333,株式会社ｌｅｎｅｗ,,,リハビリサポートきむら,1371705482,東京都北区王子本町2-15-18,03-3909-6866,03-3909-6866,03-6339-8646,http://lenew.biz,平日,,,,,,,,,,,,
357,北区,○,○,営利法人,1,1,独立系,8011503003646,江澤屋合同会社,,,フクシア・ケアサポート,1371707058,東京都北区上十条二丁目１４番７号,03-3906-3353,03-3906-3353,03-3906-3353,,平日,,,,,,,,,,,,
367,北区,○,○,営利法人,1,1,独立系,4011501014401,ＭＫＭハートフル株式会社,,,あいのわケアプランセンター,1371706670,東京都北区豊島4-18-24ビバホーム豊島3F,03-6908-4596,03-6908-4596,03-6908-4631,https://www.mkm-h.com,"平日,土曜日",,,,,,,,,,,,
369,千代田区,○,○,営利法人,1,1,独立系,8020003005004,合同会社アルファ・アソシエイツ,,,ちよぷらん,1370101774,東京都千代田区岩本町2-8-10505,03-5839-2293,03-5839-2293,03-5839-2297,,平日,,,,,,,,,,,,
370,千代田区,○,○,営利法人,1,1,独立系,5010003024461,合同会社ベラヴィ,,,神保町居宅介護支援事業所,1370101477,東京都千代田区神田神保町３－９SAITOビル二階,０３－３２８８－５２５８,03-3288-5258,０３－３２８８－５２５９,,平日,,,,,,,,,,,,
371,千代田区,○,○,営利法人,1,1,独立系,8010003017248,合同会社Ｅｄｕｃｅ．,,,すえひろプランニング,1370101246,東京都千代田区二番町１番地番町ハイム407号,03－5213－4392,03-5213-4392,03－5213－4394,,"平日,土曜日",,,,,,,,,,,,
372,千代田区,○,○,営利法人,1,1,独立系,9010401112095,日本の介護株式会社,,,日本の介護ライフケアセンター,1370101584,東京都千代田区飯田橋四丁目4番9号ダイアパレス飯田橋802,0362726546,0362726546,0362726593,https://www.nihonnokaigo.co.jp/,平日,,,,,,,,,,,,
373,千代田区,○,○,営利法人,1,1,独立系,2010002033078,有限会社サン・居宅支援・介護サービス,,,有限会社　サン・居宅支援・介護サービス,1370100354,東京都千代田区麹町3-4啓ビル　１階,03-3264-0098,03-3264-0098,03-3264-0099,,平日,,,,,,,,,,,,
375,千代田区,○,○,営利法人,1,1,独立系,3010001144123,株式会社ステラ,,,九段ケアセンター,1370101253,東京都千代田区九段北１－１０－５九段櫻ビル8階,０３－６２７２－５７３２,03-6272-5732,０３－６２６８－９６７３,http://www.stella-kudan.com/,平日,,,,,,,,,,,,
377,千代田区,○,○,営利法人,1,1,独立系,5010001249250,株式会社Ｓｏｌｅｉｌ,,,ケアプランセンターソレイユ,1370101816,東京都千代田区二番町１－２－１１０８,03-6261-2503,03-6261-2503,03-6261-2504,,平日,,,,,,,,,,,,
383,台東区,○,○,営利法人,1,1,独立系,3010503003652,こころヘルパーステーション　合同会社,,,こころヘルパーステーション,1370602839,東京都台東区清川2-12-8ミヤマビル一階,03-5849-4855,03-5849-4855,03-5849-4854,http://cocoro-hs.wixsite.com/kokoro4855/company,"平日,祝日",,,,,,,,,,,,
384,台東区,○,○,営利法人,1,1,独立系,4012703000734,ケアネットサン合同会社,,,ケアネットサン,1370602433,東京都台東区北上野２－１７－８ヴィラークパレス２０２号室,03-3847-6517,03-3847-6517,03-3847-8870,,平日,,,,,,,,,,,,
385,台東区,○,○,営利法人,1,1,独立系,3010501041191,ケーエム株式会社,,,さんわケア,1370603902,東京都台東区東上野２－２－７渡邉ビル１階,０３－５８３０－７６９２,03-5830-7692,０３－５８３０－７６９３,,平日,,,,,,,,,,,,
386,台東区,○,○,営利法人,1,1,独立系,1010001125934,ライズ株式会社,,,ライズケア,1370603563,東京都台東区東上野3-7-9中西ビル203,03-5825-4679,03-5825-4679,03-5825-4697,http://www.ryze.jp/,平日,,,,,,,,,,,,
391,台東区,○,○,営利法人,1,1,独立系,9010501027078,三き株式会社,,,三き（株）とりごえケアサービス,1370602268,浅草橋5-7-9ベレツッア・トーレ1F,03-5829-5572,03-5829-5572,03-5822-2357,,平日,,,,,,,,,,,,
392,台東区,○,○,営利法人,1,1,独立系,2010503004081,介護トータルプランニング合同会社,,,三筋居宅介護支援事業所,1370603605,東京都台東区三筋1-5-6,03-3863-8562,03-3863-8562,03-3865-9123,,"平日,土曜日",,,,,,,,,,,,
398,台東区,○,○,営利法人,1,1,独立系,7010503005496,合同会社eNmケアプラン美空,,,合同会社eNmケアプラン美空,1370604140,東京都台東区東上野５丁目４番１１号新井ビル201,03-5811-1510,03-5811-1510,03-5811-1512,https://enm-misora.jimdofree.com/,"平日,土曜日",,,,,,,,,,,,
399,台東区,○,○,営利法人,1,1,独立系,5010503005168,合同会社　ながさき,,,ともしび浅草,1370604033,東京都台東区松が谷２－３－２土屋THビル２０１,０３－６２３１－６５０９,03-6231-6509,０３－６２３１－６５１９,,平日,,,,,,,,,,,,
400,台東区,○,○,営利法人,1,1,独立系,4010503003503,合同会社ケアサービス福寿草,,,ケアサービス福寿草,1370602367,東京都台東区東浅草1-18-4関口ビル1階,03-6671-5289,03-6671-5289,03-6321-6862,http://www.fukujyusou.com/,平日,,,,,,,,,,,,
402,台東区,○,○,営利法人,1,1,独立系,8010502019661,有限会社　ひまわり,,,ヘルパーステーションふるさと,1370601245,東京都台東区千束4-39-62Ｆ,03-5808-1291,03-5808-1291,03-5808-1292,http://www.d5.dion.ne.jp/~hurusato/,平日,,,,,,,,,,,,
403,台東区,○,○,営利法人,1,1,独立系,2010502018917,有限会社　彩の実,,,ケアプランセンターあやの実,1370601229,東京都台東区寿2-2-7第二松栄ビル1階,03-5828-9114,03-5828-9114,03-5806-3378,,平日,,,,,,,,,,,,
404,台東区,○,○,営利法人,1,1,独立系,8010502020834,有限会社すずらん介護サービス,,,有限会社　すずらん介護サービス,1370601823,東京都台東区花川戸1-13-7第２エンゼルコーポ,03-5246-8013,03-5246-8013,03-5246-8723,なし,平日,,,,,,,,,,,,
405,台東区,○,○,営利法人,1,1,独立系,4010502020747,有限会社ブランジーケアサービス,,,ブランジーケアサービス,1370601807,東京都台東区浅草橋3-29-5西山ビル2Ｆ,03-3864-9291,03-3864-9291,03-3864-9293,,"平日,祝日",,,,,,,,,,,,
406,台東区,○,○,営利法人,1,1,独立系,9010501021320,株式会社　RARECREW,,,いきいきらいふ居宅介護支援センター,1370601575,東京都台東区東上野6丁目1番１号高長ビル3階,03-5246-8899,03-5246-8899,03-5246-8900,https://rare-c.co.jp/,平日,,,,,,,,,,,,
410,台東区,○,○,営利法人,1,1,独立系,2010001088949,株式会社インターネットインフィニティー,,,わかるかいご相談センター浅草,1370604280,東京都台東区浅草2-27-9クレッセンコート浅草103,03-3847-6337,03-3847-6337,03-5830-1244,,平日,,,,,,,,,,,,
411,台東区,○,○,営利法人,1,1,独立系,8011501016724,株式会社イートゥエイチ,,,しのぶケアプラン,1370603191,東京都台東区東上野3-32-42階,03-5812-4597,03-5812-4597,03-5812-4598,,平日,,,,,,,,,,,,
412,台東区,○,○,営利法人,1,1,独立系,6011501003146,株式会社ケアネット・トキ,,,ケアネット台東,1370602326,東京都台東区日本堤2-30-9,03-6802-0588,03-6802-0588,03-6802-0587,http://toki-group.co.jp,平日,,,,,,,,,,,,
415,台東区,○,○,営利法人,1,1,独立系,9011501018505,株式会社チームウェル,,,チームウェル,1370603357,東京都台東区入谷1-27-5共栄入谷ビル3F,03-6458-1610,03-6458-1610,03-6458-1235,https://www.teamwel.com/,平日,,,,,,,,,,,,
416,台東区,○,,営利法人,1,2,独立系,7030001094123,株式会社メディセプト,,,ケアプランSUN,1370603845,東京都台東区浅草橋1-9-12浅草橋駅前ビル5F,03-5809-1855,03-5809-1855,03-5809-1644,http://sun.medicept.co.jp/,平日,,,,,,,,,,,,
418,台東区,○,○,営利法人,1,1,独立系,9010501022491,株式会社三栄ケアセンター,,,さんえい,1370602755,東京都台東区根岸3-20-81階,03-6802-3557,03-6802-3557,03-6802-3188,http://www.sanei-cc.com/,"平日,土曜日",,,,,,,,,,,,
419,台東区,○,○,営利法人,1,1,独立系,4010501039887,株式会社ＦＵＮｍａｃｙ,,,ケアプランオアゾ,1370604298,東京都台東区竜泉3-42-2三富第二ビル201,03-6458-1983,03-6458-1983,03-6458-1984,https://funmacy.com/homecare/,平日,,,,,,,,,,,,
421,台東区,○,○,営利法人,1,1,独立系,7020001134301,株式会社ＳＡＫＵＲＡ　Ｃｏｒｐｏｒａｔｉｏｎ,,,ケアプランしたや,1370604660,東京都台東区根岸３－１－４カサノットビル3階,03-6802-3616,03-6802-3616,03-6802-3626,,平日,,,,,,,,,,,,
428,台東区,○,○,営利法人,1,1,独立系,8012701014897,ＢＨ株式会社,,,居宅介護支援ＢＨ,1370604363,東京都台東区根岸2-20-5パストラル根岸701,03-5808-9512,03-5808-9512,03-5808-9513,,"平日,祝日",,,,,,,,,,,,
429,台東区,○,○,営利法人,1,1,独立系,3011801030603,ＣａｒｅＢａｎｋ　ｓｙｓｔｅｍｓ株式会社,,,スマートケアマネ,1370604652,東京都台東区浅草1-13-5BIZcomfort浅草37,0362847766,0362847766,,https://www.carebank.systems/,平日,,,,,,,,,,,,
432,品川区,○,○,営利法人,1,1,独立系,4301370903930,マハルケア株式会社,,,マハルケア,1370903930,東京都品川区東品川4-7-5,03-6433-1506,03-6433-1506,03-6433-1526,,平日,,,,,,,,,,,,
435,品川区,○,○,営利法人,1,1,独立系,5010703007559,合同会社そらたつみ,,,そらたつみ,1370905497,東京都品川区東大井3-20-24,08043330143,08043330143,0337630290,,平日,,,,,,,,,,,,
436,品川区,○,○,営利法人,1,1,独立系,2010703006522,合同会社Ｍ＆Ｍ,,,ケアプランセンター大崎,1370905349,東京都品川区大崎3‐5‐13,03-6824-4234,03-6824-4234,03-6824-4234,,平日,,,,,,,,,,,,
437,品川区,○,○,営利法人,1,1,独立系,2010702006390,有限会社ハートフル・ケア・サービス,,,有限会社ハートフル・ケア・サービス,1370900027,東京都品川区西大井2-23-1,03-3771-2030,03-3771-2030,03-3775-0629,https://hrt.tokyo/,"平日,祝日",,,,,,,,,,,,
438,品川区,○,○,営利法人,1,1,独立系,4010702000532,有限会社新井湯,,,ケアプランセンター・湯～亀,1370902320,東京都品川区旗の台4-5-17,03-5788-6575,03-5788-6575,03-5788-6169,http://www.yuki-1010.jp/,平日,,,,,,,,,,,,
439,品川区,○,○,営利法人,1,1,独立系,1010702004684,有限会社染谷家具店,,,有限会社染谷家具店,1370900423,東京都品川区東中延2丁目10番17号,03-3786-0018,03-3786-0018,03-3786-0098,http://www.e-someya.co.jp/,"平日,土曜日,日曜日,祝日",,,,,,,,,,,,
440,品川区,○,○,営利法人,1,1,独立系,5010701008014,株式会社　ハート・トータルサービス,,,株式会社　ハート・トータルサービス,1370900035,東京都品川区東五反田4-8-7,03-3443-6666,03-3443-6666,03-3443-6664,http://care-net.biz/13/heart-total/,平日,,,,,,,,,,,,
441,品川区,○,○,営利法人,1,1,独立系,8010701023547,株式会社まどか,,,ケアプランセンター　まどか,1370904516,東京都品川区平塚３－１５－９,03－6674－4570,03-6674-4570,03－5749－3929,,"平日,土曜日",,,,,,,,,,,,
446,品川区,○,○,営利法人,1,1,独立系,5010701026098,株式会社ファイン,,,ナースステーションもも,1370904227,東京都品川区大崎４丁目2－46,03－3495－5777,03-3495-5777,03－3495－5778,,平日,,,,,,,,,,,,
448,品川区,○,○,営利法人,1,1,独立系,7010701035659,株式会社ミライブ,,,ミライブ花笑みケア品川,1370904961,東京都品川区大井7-3-15GDADe大井Ⅱ　B棟,03-6417-1351,03-6417-1351,03-6417-1352,,平日,,,,,,,,,,,,
449,品川区,○,○,営利法人,1,1,独立系,4010701013898,株式会社ライフケアーサービスセンター,,,株式会社ライフケアーサービスセンター,1370900373,東京都品川区北品川３丁目３番３号東和ビル３階,03-3471-3883,03-3471-3883,03-3471-3899,https://care-net.biz/13/lcss/,"平日,土曜日",,,,,,,,,,,,
454,品川区,○,○,営利法人,1,1,独立系,8010701039964,株式会社稜線,,,とごしリハビリケアプランセンター,1370905158,東京都品川区豊町２－１７－８,03-3781-4450,03-3781-4450,03-3781-4450,https://togoshicare.com,平日,,,,,,,,,,,,
455,品川区,○,○,営利法人,1,1,独立系,6011101099254,株式会社Ｖｉｖｉ　Ｌｕｋｅ,,,あいらく居宅介護支援事業所大崎,1370905398,東京都品川区大崎5-4-12日床ビル3F,03-5747-9186,03-5747-9186,03-5747-9187,https://airaku.co.jp/,平日,,,,,,,,,,,,
473,品川区,○,○,営利法人,1,1,独立系,5010703007625,Ｈｕ‐Ｒｅａｃｈ合同会社,,,ヒューリーチケアプランセンター品川,1370905505,東京都品川区東大井2-11-5片山ビル102,080-3752-0189,080-3752-0189,03-5763-5022,,平日,,,,,,,,,,,,
476,墨田区,○,○,営利法人,1,1,独立系,1030001118408,らいふパートナー株式会社,,,らいふパートナー東京,1370704932,東京都墨田区菊川２－５－４クレール菊川３０１,03-6755-8791,03-6755-8791,03-6338-8713,https://www.lifepartner-tokyo.com,平日,,,,,,,,,,,,
480,墨田区,○,○,営利法人,1,1,独立系,7010603004679,ニコあん合同会社,,,にこにこケア,1370703959,東京都墨田区八広3-24-6,03-6657-1926,03-6657-1926,03-6657-1927,,平日,,,,,,,,,,,,
488,墨田区,○,○,営利法人,1,1,独立系,6010603011619,合同会社すみだケアーズ,,,すみだけあぷらんにんぐ,1370705947,東京都墨田区両国2-6-10バリオバシャドオリ,03-3631-4815,03-3631-4815,03-3633-0477,,平日,,,,,,,,,,,,
489,墨田区,○,○,営利法人,1,1,独立系,3010603010672,合同会社にくきゅう,,,けあぷらん　たま,1370705798,東京都墨田区八広4-43-13木下ビル202,03-6231-9884,03-6231-9884,03-6231-9885,,平日,,,,,,,,,,,,
490,墨田区,○,○,営利法人,1,1,独立系,2010603011226,合同会社ペルネティア,,,けあプラン　ふわり,1370705913,東京都墨田区八広2-16-3第一ミラージュハイツ201,03-6657-4622,03-6657-4622,03-6657-4633,https://fuwari-sumida.my.canva.site/,平日,,,,,,,,,,,,
491,墨田区,○,○,営利法人,1,1,独立系,2010603008577,合同会社ライフアシスト,,,アシストプラン,1370705376,東京都墨田区横川2-2-3松浦ビル101,03-6240-4255,03-6240-4255,03-6240-4256,https://www.assist-plan.jp/,平日,,,,,,,,,,,,
492,墨田区,○,○,営利法人,1,1,独立系,4011803002244,合同会社七色,,,けあプラン虹,1370704486,東京都墨田区菊川3-21-11レジデンス須賀菊川204,03-5669-0199,03-5669-0199,03-5669-0189,,平日,,,,,,,,,,,,
493,墨田区,○,○,営利法人,1,1,独立系,3010603007099,合同会社友和,,,はる居宅介護支援事業所,1370704965,東京都墨田区業平４－５－１６中嶋マンション１０２,03-5637-8948,03-5637-8948,03-5637-8969,,平日,,,,,,,,,,,,
494,墨田区,○,○,営利法人,1,1,独立系,6010603007154,合同会社赤とんぼ,,,ケアサービス赤とんぼ,1370705004,東京都墨田区向島１丁目１３番１０号グレースジュン102,03-5637-7371,03-5637-7371,03-5637-7382,,平日,,,,,,,,,,,,
497,墨田区,○,○,営利法人,1,1,独立系,3010602028410,有限会社ほほえみ介護サービス,,,有限会社ほほえみ介護サービス,1370701045,東京都墨田区業平2-8-6小倉ビル101,03-5608-8087,03-5608-8087,03-5819-4878,https://care-net.biz/13/hohoemikaigo/,"平日,土曜日,祝日",,,,,,,,,,,,
498,墨田区,○,○,営利法人,1,1,独立系,8010602032003,有限会社らいふ十人会,,,らいふ十人会,1370701839,東京都墨田区緑４－５－１０,03-3634-1217,03-3634-1217,03-3634-1237,https://www.life10.jp,平日,,,,,,,,,,,,
499,墨田区,○,○,営利法人,1,1,独立系,1010602030566,有限会社ハッピー・クリエイト,,,ハッピー・クリエイト,1370701870,東京都墨田区菊川3-13-5ぺリアビル203号室,03-5600-7663,03-5600-7663,03-3634-7347,,"平日,土曜日",,,,,,,,,,,,
500,墨田区,○,○,営利法人,1,1,独立系,4010602028681,有限会社ブライトケアー,,,ブライトケアー,1370801324,東京都墨田区菊川3-10-9,03-5600-8341,03-5600-8341,03-5600-8343,,平日,,,,,,,,,,,,
501,墨田区,○,○,営利法人,1,1,独立系,5010602025117,有限会社ユーエス,,,ハローケア居宅介護支援事業所,1370701789,東京都墨田区立花5-34-11,03-6661-8606,03-6661-8606,03-6661-8607,,"平日,土曜日",,,,,,,,,,,,
502,墨田区,○,○,営利法人,1,1,独立系,7010601038844,東京スマイル株式会社,,,ケアプラン和らぎ,1370705244,東京都墨田区八広2-14-1,03-3611-5560,03-3611-5560,03-6657-1082,,平日,,,,,,,,,,,,
503,墨田区,○,○,営利法人,1,1,独立系,3010601048566,株式会社　さくらケア,,,株式会社さくらケア,1370704460,東京都墨田区東駒形4－6－18パークサイドいづつ101,03-5809-7739,03-5809-7739,03-5809-7754,https://www.sakurakea.com/,"平日,土曜日",,,,,,,,,,,,
505,墨田区,○,○,営利法人,1,1,独立系,8010501036922,株式会社　ｔｏ　ｙｏｕ,,,ケアサービス　あゆみ,1370704189,東京都墨田区東駒形三丁目23番10号和田ビル1階,03-6240-4245,03-6240-4245,03-6240-4246,http://hp.kaipoke.biz/cwn/index.html,平日,,,,,,,,,,,,
508,墨田区,○,○,営利法人,1,1,独立系,1010601060713,株式会社きい,,,チームケアキイ,1370705723,東京都墨田区立花5-28-3レジデンス石原209,03-5875-5882,03-5875-5882,03-5875-5883,,平日,,,,,,,,,,,,
509,墨田区,○,○,営利法人,1,1,訪問看護併設,5010601063679,株式会社ふれすか,,,訪問看護ステーションみけ,1370705764,東京都墨田区向島2-10-5第５安井ビル1階,03-3626-2317,03-3626-2317,03-3626-2318,https://fresca-mike.com/,平日,,,,,,,,,,,,
510,墨田区,○,○,営利法人,1,1,独立系,7010601040412,株式会社エスポワール,,,やわら介護墨田,1370704809,東京都墨田区緑2-22-12,03-5669-0499,03-5669-0499,03-5669-0500,https://espoir-kaigo.jp/,平日,,,,,,,,,,,,
511,墨田区,○,○,営利法人,1,1,独立系,6011501020059,株式会社クリエイト・ケア,,,居宅介護支援事業所クリエイト・ケア　キラキラ橘商店街,1370704338,東京都墨田区京島3-39-8すみまめカフェ内,03-6657-5531,03-6657-5531,03-6657-5592,http://www.w-createcare.com/,"平日,土曜日,日曜日,祝日",,,,,,,,,,,,
512,墨田区,○,○,営利法人,1,1,独立系,7010601058124,株式会社ケアリング,,,介護相談室エブリー,1370705384,東京都墨田区横川4-7-8,03-6240-4066,03-6240-4066,03-6240-4067,,平日,,,,,,,,,,,,
514,墨田区,○,○,営利法人,1,1,独立系,7010601002701,株式会社コム・ブレイン,,,ゆとり居宅介護支援事業所,1370701227,東京都墨田区緑2－14－7コスモ両国アーバンフォルム１０１,03－5638－7838,03-5638-7838,03－5638－7837,,平日,,,,,,,,,,,,
517,墨田区,○,○,営利法人,1,1,独立系,8040001021488,株式会社ネクサスメディケア,,,居宅介護支援事業所さくら,1370705327,東京都墨田区東駒形3-4-8,03-5637-7234,03-5637-7234,03-5637-7321,https://www.nexus-medicare.com/careful_hikari/facility.html,平日,,,,,,,,,,,,
523,墨田区,○,○,営利法人,1,1,独立系,5010601034853,株式会社明日葉,,,あしたば居宅介護支援事業所,1370702498,東京都墨田区押上１－４３－３,03-6456-1103,03-6456-1103,03-6456-1141,,平日,,,,,,,,,,,,
524,墨田区,○,○,営利法人,1,1,独立系,4010601028229,株式会社本所介護サービス,,,本所介護サービス　たんぽぽ支援センター,1370700948,東京都墨田区文花3-14-4　2F本所KSビル2F,03-5655-2580,03-5655-2580,03-5655-2581,http://www.honjokaigo.co.jp,平日,,,,,,,,,,,,
525,墨田区,○,○,営利法人,1,1,独立系,5011801039080,株式会社相賀プロパティ,,,KC居宅介護支援,1370705673,東京都墨田区錦糸4-14-1301,03-6658-8457,03-6658-8457,03-6658-8458,https://aiga-prop.com/,平日,,,,,,,,,,,,
526,墨田区,○,○,営利法人,1,1,独立系,2010601043948,株式会社Ａｎｙ,,,エニイプラン,1370704304,東京都墨田区横川4－10－3横川ＮＳビル101,03-6659-5241,03-6659-5241,03-6659-5697,https://sites.google.com/view/anyplanjp/%E3%83%9B%E3%83%BC%E3%83%A0,平日,,,,,,,,,,,,
527,墨田区,○,○,営利法人,1,1,独立系,3010601048145,株式会社Ｈｅａｒｔｓ,,,ハーツ居宅介護支援事業所,1370704502,東京都墨田区業平1-3-10202,03－5819－4383,03-5819-4383,03－5819－4384,http://www.Hearts-passion.com,平日,,,,,,,,,,,,
533,墨田区,○,○,営利法人,1,1,独立系,6030003014906,Ｆａｃｅ合同会社,,,ねこの手ケア,1370705335,東京都墨田区京島3-39-5Mハウス101,03-6657-2838,03-6657-2838,03-6657-5095,,平日,,,,,,,,,,,,
536,大田区,○,○,営利法人,1,1,独立系,6012801016960,DXO　株式会社,,,地域でいちばん,1371112945,東京都大田区大森西3-32-17フラットフォーレスト1008,03-5763-5086,03-5763-5086,03-5763-5087,https://chiiki-no1.jp/,平日,,,,,,,,,,,,
537,大田区,○,○,営利法人,1,1,独立系,6010801023358,あんしん介護株式会社,,,あんしん介護相談室　大森,1371109115,東京都大田区大森北1-22-13大森北柴田ビル202,03-3763-1011,03-3763-1011,05037305380,http://www.ogenkide.jp/,平日,,,,,,,,,,,,
538,大田区,○,○,営利法人,1,1,独立系,6010801023812,げんきえがお久が原治療院株式会社,,,げんきえがお久が原治療院居宅支援事業所,1371109479,東京都大田区南久が原2-11-8モデラートKビル１F,03-6715-5200,03-6715-5200,03-6715-5207,,平日,,,,,,,,,,,,
539,大田区,○,○,営利法人,1,1,独立系,4010801017460,アーバンライフデザイン株式会社,,,かいごのかない,1371105964,東京都大田区鵜の木1-2-15,03-3750-4440,03-3750-4440,03-3750-4440,,平日,,,,,,,,,,,,
540,大田区,○,○,営利法人,1,1,独立系,4010801031619,ウィルソーシャルワークス株式会社,,,ウィル・カンパニー,1371113034,東京都大田区大森西6-12-9,03-5763-5993,03-5763-5993,03-5763-5994,,平日,,,,,,,,,,,,
541,大田区,○,○,営利法人,1,1,独立系,9010801028949,ウィルハピネス株式会社,,,さいとう接骨院ケアプランサービスセンター,1371112192,東京都大田区西六郷2-49-1ウィルハピネス1F,03-3737-0029,03-3737-0029,050-3385-2401,,平日,,,,,,,,,,,,
542,大田区,○,○,営利法人,1,1,独立系,8020003026355,ケアフル合同会社,,,ケアフル居宅介護センター,1371113687,東京都大田区北嶺町38番2号メゾンN.R103号,03-6425-9270,03-6425-9270,03-6425-9271,https://hp.kaipoke.biz/dy2/185654/index_0001.html,平日,,,,,,,,,,,,
543,大田区,○,○,営利法人,1,1,独立系,0108010215480,ケア・チーム大田株式会社,,,ケア・チーム大田株式会社,1371107879,東京都大田区矢口2‐5‐18ルレーヴ1ルレーヴ1,03-6715-4104,03-6715-4104,03-6715-4107,http://www.careteam-o.jimdo.com/,平日,,,,,,,,,,,,
547,大田区,○,○,営利法人,1,1,独立系,2010803000409,ノーマライズ株式会社,,,ノーマライズ株式会社,1371101765,東京都大田区池上4-16-8,03-5747-2515,03-5747-2515,03-5747-2516,http://www.normalize.biz/,"平日,祝日",,,,,,,,,,,,
549,大田区,○,○,営利法人,1,1,独立系,8010801028990,ヘルプハート株式会社,,,ヘルプハート居宅介護支援事業所,1371112739,東京都大田区西蒲田8-13-7HEARTビル1,036820-2338,036820-2338,0363035542,https://www.help-heart.com/,"平日,土曜日",,,,,,,,,,,,
550,大田区,○,○,営利法人,1,1,独立系,3010501029294,ライフネット株式会社,,,ふろーむ40,1371112457,東京都大田区中央1-19-2高田ビル1階,03-6423-1588,03-6423-1588,03-6423-1589,,平日,,,,,,,,,,,,
552,大田区,○,○,営利法人,1,1,独立系,3010802016033,加藤メディカルサービス有限会社,,,ケアサービス久が原,1371102813,東京都大田区久が原3-11-8,03-5747-6877,03-5747-6877,03-5747-6866,,平日,,,,,,,,,,,,
555,大田区,○,○,営利法人,1,1,独立系,5010803004092,合同会社MUGI,,,ケアプラン　むぎ,1371113281,東京都大田区東雪谷1-16-9,03-3729-4412,03-3729-4412,03-3729-4412,,平日,,,,,,,,,,,,
556,大田区,○,○,営利法人,1,1,独立系,6010803002541,合同会社　平和島訪問介護サービス,,,平和島訪問介護サービス,1371111855,東京都大田区大森本町２－７－２０グレース平和島１０１号室,03-6450-0042,03-6450-0042,03-6450-0695,https://www.heiwajimahoumonkaigo.com/,平日,,,,,,,,,,,,
557,大田区,○,○,営利法人,1,1,独立系,1010803002050,合同会社けあぷらん大森,,,けあぷらん大森,1371111251,東京都大田区大森西１－８－２２,03-6423-0950,03-6423-0950,03-3765-2660,,平日,,,,,,,,,,,,
558,大田区,○,○,営利法人,1,1,訪問看護併設,7010803003919,合同会社キメジ,,,あらい訪問看護ステーション,1371113489,東京都大田区東糀谷1-13-21,03-6423-2701,03-6423-2701,03-6423-2702,,平日,,,,,,,,,,,,
559,大田区,○,○,営利法人,1,1,独立系,9020003006521,合同会社キープ・イン・タッチ,,,きんもくせい,1371107382,東京都大田区中央4‐7‐8Ａフラット101,03-6809-9522,03-6809-9522,03-6809-9523,,平日,,,,,,,,,,,,
560,大田区,○,○,営利法人,1,1,独立系,7010803001864,合同会社ナチュラル・ケア,,,ナチュラル・ケア,1371110857,東京都大田区仲六郷1-45-6星野ハウス1F,03-5480-7533,03-5480-7533,03-5480-7534,,平日,,,,,,,,,,,,
561,大田区,○,○,営利法人,1,1,独立系,7010803005188,合同会社ファニー大田,,,ファニーケアプランセンター,1371113786,東京都大田区矢口1-29-22平マンション201,03-6715-2303,03-6715-2303,03-6715-2302,,平日,,,,,,,,,,,,
562,大田区,○,○,営利法人,1,1,独立系,9010803002571,合同会社介護計画,,,介護計画,1371111871,東京都大田区中央5-11-14,090-6311-9980,090-6311-9980,03-6875-4935,,平日,,,,,,,,,,,,
563,大田区,○,○,営利法人,1,1,独立系,2010803002693,合同会社植える瓶,,,リンクスケアマネジメント,1371112762,東京都大田区新蒲田1-13-11階,03-6161-6033,03-6161-6033,03-6868-4965,,平日,,,,,,,,,,,,
564,大田区,○,○,営利法人,1,1,独立系,8010803001153,合同会社移送家,,,移送家介援社,1371107317,東京都大田区大森北3-42-11,03-6404-6347,03-6404-6347,03-6404-6348,,平日,,,,,,,,,,,,
565,大田区,○,○,営利法人,1,1,独立系,5010803005025,合同会社花,,,ケアプラン花,1371113703,東京都大田区東六郷1-16-2セブンクロスコーポ２０３号室,03-6424-8774,03-6424-8774,03-6424-8784,,平日,,,,,,,,,,,,
566,大田区,○,○,営利法人,1,1,独立系,9010703004239,合同会社Ｈｏｎｅｓｔ,,,居宅介護事業所ビオラ,1371112838,東京都大田区北馬込1-32-17,03-6410-7388,03-6410-7388,03-6429-9145,,平日,,,,,,,,,,,,
567,大田区,○,○,営利法人,1,1,独立系,9010803003529,合同会社ＬＦＣ,,,ケアプラン東京大田,1371112929,東京都大田区蒲田5-21-13B2ｰ12,050-3645-8173,050-3645-8173,050-3510-2941,,平日,,,,,,,,,,,,
568,大田区,○,○,営利法人,1,1,独立系,1010803005359,合同会社ＭｉｉＬｉｋｅ,,,ケアプランセンターミライク,1371113844,東京都大田区大森東５－９－１０ハルナビル３０１,03-6459-6772,03-6459-6772,03-6459-6773,https://www.miilike-kaigo.info,平日,,,,,,,,,,,,
569,大田区,○,○,営利法人,1,1,独立系,1010803004253,合同会社ＳＴＡＹ　ＣＬＯＳＥ,,,縁’S在宅ケア相談室,1371113414,東京都大田区大森西３丁目21-18,03-6423-0896,03-6423-0896,03-6634-5587,https://stayclose.co.jp,平日,,,,,,,,,,,,
570,大田区,○,○,営利法人,1,1,独立系,4010803003376,合同会社Ｓｏｃｉａｌ　Ｒｉｎｇ,,,合同会社Social　Ring,1371112846,東京都大田区南馬込二丁目21番2号2階,03-6809-9790,03-6809-9790,,,平日,,,,,,,,,,,,
571,大田区,○,○,営利法人,1,1,独立系,8010803001228,山王ケアサポート合同会社,,,山王ケアサポート中央,1371107671,東京都大田区中央2-4-6,03-6809-9003,03-6809-9003,03-6809-9004,https://sites.google.com/view/sannoukea/top-page,平日,,,,,,,,,,,,
572,大田区,○,○,営利法人,1,1,独立系,6010801025081,岡島興産株式会社,,,ケアパートナー・ルーシー,1371110287,東京都大田区千鳥2丁目4-8本澤ビル101,03-6715-2938,03-6715-2938,03-6715-2948,,平日,,,,,,,,,,,,
574,大田区,○,○,営利法人,1,1,独立系,4010802019729,有限会社　今井ケアプランサービス,,,有限会社　今井ケアプランサービス,1371105097,東京都大田区下丸子１－９－９,03-3750-3248,03-3750-3248,03-3750-3248,,平日,,,,,,,,,,,,
579,大田区,○,○,営利法人,1,1,独立系,4010802016073,有限会社スマイルケア,,,有限会社スマイルケア,1371108299,東京都大田区東雪谷２－７－５東興ビル1階,03-6451-7988,03-6451-7988,03-6451-7989,http://www.smile1165.jp,"平日,土曜日,祝日",,,,,,,,,,,,
580,大田区,○,○,営利法人,1,1,独立系,2010802016075,有限会社セカンズ,,,セカンズ　ケアマネージメントセンター,1371103936,東京都大田区東雪谷３－１９－１３成興ビル202,03-3727-2600,03-3727-2600,03-6231-7785,,平日,,,,,,,,,,,,
581,大田区,○,○,営利法人,1,1,施設併設,6010802017771,有限会社トラファク,,,レモンホームケアサービス,1371103464,東京都大田区南久が原2-32-14庄野ビル2階,03-5732-3321,03-5732-3321,03-3757-2656,https://lemon-homecare.jp/,平日,,,,,,,,,,,,
582,大田区,○,○,営利法人,1,1,独立系,5010802017153,有限会社ビハーラ,,,ケアプランセンター　ワークスタッフ鵜の木,1371103498,東京都大田区鵜の木２－１７－３ライオンズマンション鵜の木１Ｆ,03-5741-8239,03-5741-8239,03-5741-1426,http://work-staff.jp,平日,,,,,,,,,,,,
583,大田区,○,○,営利法人,1,1,独立系,9010802008834,有限会社フルケア,,,フルケアサービス,1371104371,東京都大田区大森南二丁目６番５号,03-5705-6641,03-5705-6641,03-5705-6642,http://fullcaregroup.kai5.jp/,"平日,土曜日,祝日",,,,,,,,,,,,
584,大田区,○,○,営利法人,1,1,独立系,2010802018113,有限会社月のうさぎ,,,月のうさぎ,1371103910,東京都大田区南久が原2-12-2コペル久が原1階,03-6715-4331,03-6715-4331,03-3750-1117,https://www.tsukinousagi.tokyo,平日,,,,,,,,,,,,
585,大田区,○,○,営利法人,1,1,独立系,3010802012676,有限会社芙蓉ケアサービス,,,芙蓉ケアプランニングサービス,1371100221,東京都大田区大森北2-12-8トーア大森マンション104号,03-3766-7116,03-3766-7116,03-3298-9187,,平日,,,,,,,,,,,,
588,大田区,○,○,営利法人,1,1,独立系,5010801024638,株式会社　GOEN,,,Lucky,1371110832,東京都大田区東雪谷５－２－８,０３−６４２５−７３３３,03-6425-7333,０３−６４２５－７１１３,https://goen.me/,"平日,祝日",,,,,,,,,,,,
590,大田区,○,○,営利法人,1,1,独立系,9010801018504,株式会社　アタリ,,,ケアプラン　あたり,1371106228,東京都大田区下丸子一丁目13番17201号,03-6666-5318,03-6666-5318,03-6666-5319,,平日,,,,,,,,,,,,
591,大田区,○,○,営利法人,1,1,独立系,7010801001453,株式会社　エーナ,,,大田区介護支援センターエーナ,1371102052,東京都大田区東矢口2-18-17,03-3757-3389,03-3757-3389,03-5482-8827,http://eenakaigo.c.ooco.jp/index.html,"平日,土曜日",,,,,,,,,,,,
592,大田区,○,○,営利法人,1,1,独立系,3020001109554,株式会社　グレース,,,ケアサポート　ひだまり,1371110683,東京都大田区仲六郷1-40-7ドリームハイツ1階,03-6715-9551,03-6715-9551,03-6715-9553,https://www.grace-corporation.jp/caregiving/,平日,,,,,,,,,,,,
593,大田区,○,○,営利法人,1,1,独立系,9010801022621,株式会社　ハピネスライフ,,,ケアプランさくら六郷,1371111350,東京都大田区仲六郷1-11-14青木ビル2階,03-6715-7692,03-6715-7692,03-6715-7693,https://hl-care.com/careplan/,平日,,,,,,,,,,,,
594,大田区,○,○,営利法人,1,1,施設併設,2010801010839,株式会社　ホームケア井上,,,ホームケア井上,1371100460,東京都大田区鵜の木1-16-24ＨＩビル,03-3750-2077,03-3750-2077,03-5741-5215,http://www.h-c-i.co.jp/,"平日,土曜日,祝日",,,,,,,,,,,,
595,大田区,○,○,営利法人,1,1,独立系,9010401053018,株式会社　メルシー・ダイキ,,,メルシー・ダイキ居宅介護支援事業所,1371107325,東京都大田区萩中１丁目１０番１３号ル・ティップ・ケア萩中,03-6424-9393,03-6424-9393,03-6715-1303,http://www.mercidaiki.com,"平日,土曜日",,,,,,,,,,,,
596,大田区,○,○,営利法人,1,1,独立系,2010801016571,株式会社　ライフステージ,,,けあさぽライフステージ,1371105485,東京都大田区北嶺町31-16リトル・コート102号,03-3748-2030,03-3748-2030,03-6421-9351,https://www.lifestage-kaigo.com,平日,,,,,,,,,,,,
599,大田区,○,○,営利法人,1,1,独立系,7010802019676,株式会社　笑みくる,,,エミクル,1371111541,東京都大田区大森西4-17-18ワンズホーム大森1F,03-6423-1480,03-6423-1480,03-6423-1481,http://emikulu.biz,平日,,,,,,,,,,,,
600,大田区,○,○,営利法人,1,1,独立系,2010801023171,株式会社　結う,,,ケアセンター雪谷,1371109081,東京都大田区田園調布2-4-14プチコート田園調布101,03-6459-7952,03-6459-7952,03-6459-7953,,平日,,,,,,,,,,,,
601,大田区,○,○,営利法人,1,1,独立系,8010801030666,株式会社あずさ,,,ケアプランセンターあずさ,1371112697,東京都大田区多摩川1-23-10BRAVE　I　studio-B,03-5732-3550,03-5732-3550,03-5732-3551,,平日,,,,,,,,,,,,
602,大田区,○,○,営利法人,1,1,独立系,4010801015844,株式会社あだん,,,大森町ケアセンター,1371105287,東京都大田区大森西6丁目6番9号,03-3764-3886,03-3764-3886,03-3766-0783,http://adan.main.jp/,平日,,,,,,,,,,,,
604,大田区,○,○,営利法人,1,1,独立系,4010801021875,株式会社きゅあカンパニー,,,ベストパートナー,1371105683,東京都大田区西蒲田6-21-4弘和ビル２F,03-5713-1243,03-5713-1243,03-6423-7356,http://www.cure-company.com/,平日,,,,,,,,,,,,
605,大田区,○,○,営利法人,1,1,独立系,6010401068456,株式会社さくらモンデックス,,,さくら支援ステーション大田,1371112317,東京都大田区南蒲田3-10-13パークレジデンス1階,03-6751-9247,03-6751-9247,03-5938-2533,www.sakurakaigo.co.jp/,平日,,,,,,,,,,,,
606,大田区,○,○,営利法人,1,1,独立系,3010801019557,株式会社そ・ば・に,,,ケアプランそ・ば・に,1371113455,東京都大田区北嶺町４５－１７,03-3728-4666,03-3728-4666,03-3728-4666,https://sobani-care.com/,平日,,,,,,,,,,,,
607,大田区,○,○,営利法人,1,1,独立系,9010801026143,株式会社とちの実,,,ケアプランのアコさん,1371111079,東京都大田区北嶺町15-8フォーラム北嶺102,03-6425-8817,03-6425-8817,03-6425-8819,https://www.tochinomi.co.jp/,平日,,,,,,,,,,,,
608,大田区,○,○,営利法人,1,1,独立系,5010801024183,株式会社もも風,,,百風ケアマネジメントセンター,1371109578,東京都大田区田園調布2-4-20ハイツ大和103,03-6459-7503,03-6459-7503,03-6459-7504,,平日,,,,,,,,,,,,
611,大田区,○,○,営利法人,1,1,独立系,6010801021576,株式会社アーネストケア,,,株式会社アーネストケア,1371109826,東京都大田区新蒲田2-4-3スポーツプラザビル5階,03-5744-3636,03-5744-3636,03-5744-4652,http://www.earnest-care.com,平日,,,,,,,,,,,,
612,大田区,○,○,営利法人,1,1,独立系,4010801033961,株式会社カメリア,,,カメリアケアプランセンター,1371113513,東京都大田区蒲田5-21-13ペガサスステーションプラザ蒲田703,03-6715-9321,03-6715-9321,03-6715-9323,,平日,,,,,,,,,,,,
613,大田区,○,○,営利法人,1,1,独立系,1010801022166,株式会社カラーズ,,,カラーズ,1371108257,東京都大田区大森西６－２－２STビル1階,03-5767-5216,03-5767-5216,03-5767-5217,https://www.colors-g.co.jp,"平日,土曜日",,,,,,,,,,,,
614,大田区,○,○,営利法人,1,1,独立系,3010802004203,株式会社キタムラ,,,ケアサポートふたば,1371110097,東京都大田区鵜の木2-23-14北村ビル403,03-6715-0681,03-6715-0681,03-6715-0676,http://hp.kaipoke.biz/pgv/,平日,,,,,,,,,,,,
617,大田区,○,○,営利法人,1,1,独立系,7010801013317,株式会社ケアズファクトリー,,,ケアズファクトリー蒲田,1371102672,東京都大田区新蒲田2－1－3新蒲田ビル7階,03-6424-8585,03-6424-8585,03-6424-7685,https://cares-f.net/,平日,,,,,,,,,,,,
618,大田区,○,○,営利法人,1,1,独立系,4010801017403,株式会社ケアプランまつお,,,株式会社ケアプランまつお,1371105873,東京都大田区東嶺町６番３号田園アネックス２０６,03-6410-9791,03-6410-9791,03-6410-9792,,平日,,,,,,,,,,,,
622,大田区,○,○,営利法人,1,1,独立系,1010801022975,株式会社サンフルーリ,,,ケアプラン・サンフルーリ,1371108844,東京都大田区久が原6-4-14,03-6410-3078,03-6410-3078,03-6410-9132,,平日,,,,,,,,,,,,
623,大田区,○,○,営利法人,1,1,独立系,6010801032053,株式会社シトラス,,,ケアセンターオレンジ,1371113174,東京都大田区多摩川1-35-3月村マンションNo.18　101,03-6715-2097,03-6715-2097,03-6715-7848,,"平日,祝日",,,,,,,,,,,,
624,大田区,○,○,営利法人,1,1,独立系,9020001066410,株式会社シーン,,,ケア・シーン　プランニングセンター,1371100171,東京都大田区南蒲田3-1-5,03-3744-2281,03-3744-2281,03-3744-2282,http://www.care-scene.com,"平日,土曜日",,,,,,,,,,,,
625,大田区,○,○,営利法人,1,1,独立系,9010801020897,株式会社スマイルクリエーション,,,スマイルライフケア,1371110428,東京都大田区池上6-14-15コートドール池上,03-5747-5250,03-5747-5250,03-5747-5251,https://smilelifecare.smile-creation.co.jp/,平日,,,,,,,,,,,,
629,大田区,○,○,営利法人,1,1,独立系,3010801024128,株式会社トライフォース,,,ケア・フィールズ,1371109701,東京都大田区西蒲田1-1-3１階,03-6410-5818,03-6410-5818,03-6410-5961,,平日,,,,,,,,,,,,
633,大田区,○,○,営利法人,1,1,独立系,7010801027234,株式会社ナスリ,,,居宅介護支援事業所ナスリ,1371111491,東京都大田区上池台１－１２－４102号室,03-6426-2696,03-6426-2696,,https://ns-re.com/,平日,,,,,,,,,,,,
634,大田区,○,○,営利法人,1,1,独立系,7010701021205,株式会社ナユタ,,,ケアプランナユタ大森,1371113349,東京都大田区大森北3-24-1平林ビル1F,03-6459-6063,03-6459-6063,03-6459-6094,http://www.nayuta2014.jp,平日,,,,,,,,,,,,
635,大田区,○,○,営利法人,1,1,独立系,4010801025397,株式会社ニサッタ,,,チーム・ハル,1371110592,東京都大田区仲池上1-30-7Kビルディング203,03-6410-9188,03-6410-9188,03-6410-9230,https://nisatta.co.jp/,平日,,,,,,,,,,,,
638,大田区,○,○,営利法人,1,1,独立系,7010901017416,株式会社ピースフルライフ,,,うららケアプランサービス,1371109768,東京都大田区南馬込５－３１－４彩幸ハイム１階,０３－５７０９－７０１５,03-5709-7015,０３－５７０９－７０１６,,"平日,祝日",,,,,,,,,,,,
639,大田区,○,○,営利法人,1,1,独立系,1010801025301,株式会社フォーエバー,,,プランセンター　フォーエバー,1371110394,東京都大田区西蒲田7-43-11福井ビル3階,03-6424-7851,03-6424-7851,03-6424-7852,http://www.forever-with.co.jp,平日,,,,,,,,,,,,
641,大田区,○,,営利法人,1,2,独立系,4140001084000,株式会社ポラリス,,,ポラリスケアプランセンター羽田萩中,1371113695,東京都大田区萩中３－１４－２０,03-6423-7174,03-6423-7174,03-6423-7160,https://www.polaris.care/office/detail.php?no=MTMx,平日,,,,,,,,,,,,
642,大田区,○,○,営利法人,1,1,独立系,8010801021558,株式会社ポーラスター,,,ポーラスター居宅介護支援事業所,1371108018,東京都大田区山王３-３０-１１,03-5743-7298,03-5743-7298,03-5743-7299,https://www.polarstar-care.com/,平日,,,,,,,,,,,,
644,大田区,○,○,営利法人,1,1,独立系,3010801021109,株式会社リアル・チャム,,,エンゼル介護隊,1371107739,東京都大田区萩中２丁目９－３萩中田中ビル２階,03-3742-3371,03-3742-3371,03-3742-3375,,平日,,,,,,,,,,,,
645,大田区,○,○,営利法人,1,1,独立系,4010801019507,株式会社リアン,,,ケアプランセンター　絆羽田,1371111574,東京都大田区西糀谷4-5-2ハイツアオキ　第２１　101,03-6423-2393,03-6423-2393,03-6423-2394,http://www.kizunaspa.com,平日,,,,,,,,,,,,
646,大田区,○,○,営利法人,1,1,独立系,2010801030060,株式会社信,,,こころ,1371112572,東京都大田区東六郷2-15-3ニュー雑色マンション317,03-6424-9696,03-6424-9696,03-6424-9666,kokoro-cin1101,平日,,,,,,,,,,,,
647,大田区,○,○,営利法人,1,1,独立系,1010801022513,株式会社優雅,,,ケアプランゆうが,1371108539,東京都大田区東矢口3-21-8,03-6312-8946,03-6312-8946,03-6740-7898,https://www.care-yuga.com,平日,,,,,,,,,,,,
655,大田区,○,○,営利法人,1,1,独立系,2010802019929,株式会社ＧＯＯＤ　ＬＩＦＥ,,,GOOD　LIFE,1371108489,東京都大田区大森北6‐32‐7メゾン平和201,03－5767－9229,03-5767-9229,03－5767－9228,https://goodlifekaigo.wixsite.com/mysite/blank-1,"平日,祝日",,,,,,,,,,,,
656,大田区,○,○,営利法人,1,1,独立系,4010801035561,株式会社Ｋ＆Ｙ,,,ハピネスケア,1371113760,東京都大田区中央4-3-1中央4丁目ビル301号室,03-5728-9951,03-5728-9951,03-5728-9952,,平日,,,,,,,,,,,,
657,大田区,○,○,営利法人,1,1,独立系,1010801034698,株式会社Ｌｏｎｇ　Ｌｉｆｅ　Ｒｏｓｅ,,,ケアプラン　みそら,1371113588,東京都大田区中央6-29-3セントラルビル202,03-6410-4752,03-6410-4752,03-6410-4753,https://longlife-rose.com/,平日,,,,,,,,,,,,
658,大田区,○,○,営利法人,1,1,独立系,7010801035724,株式会社ＮＹＫ,,,ひまわりケアプラン,1371113802,東京都大田区鵜の木3-14-13,03-6715-2604,03-6715-2604,03-6715-2605,,平日,,,,,,,,,,,,
659,大田区,○,○,営利法人,1,1,独立系,6010801021345,株式会社ｆｒｅｏｕｒ,,,南馬込指定居宅介護支援事業所,1371107606,東京都大田区南馬込2-27-13ルーブル南馬込210,03-6410-7025,03-6410-7025,03-6410-7026,,平日,,,,,,,,,,,,
677,大田区,○,○,営利法人,1,1,独立系,5010802012204,（有）不二工業所,,,ケアプランさくら,1371112242,東京都大田区久が原4-26-2第5青木荘202号,03-6410-2908,03-6410-2908,03-3752-3078,,平日,,,,,,,,,,,,
681,文京区,○,○,営利法人,1,1,独立系,5010003024882,エイチアイケーサービス合同会社,,,エイチアイケーサービス合同会社,1370504001,東京都文京区小石川5-34-10長島ビル301,03-6801-5436,03-6801-5436,03-3812-2740,https://pika1care.co.jp/,平日,,,,,,,,,,,,
682,文京区,○,○,営利法人,1,1,独立系,7011001106530,クードシュバル株式会社,,,クードシュバル株式会社　メリッサケア,1370503748,東京都文京区本郷６－３－２N本郷荘１０２,07021600234,07021600234,0335189730,http//wwmelissa.com,平日,,,,,,,,,,,,
684,文京区,○,○,営利法人,1,1,独立系,5010001254663,トータルケアマネジメント株式会社,,,トータルケアかなめ文京,1370503953,東京都文京区白山１丁目30-3-3階,03-6821-1308,03-6821-1308,03-6821-1348,https://total-care-management.co.jp,平日,,,,,,,,,,,,
685,文京区,○,○,営利法人,1,1,独立系,9011503006136,レガーレ合同会社,,,春プランセンター,1370503789,東京都文京区本郷４丁目25番11号ハイシティ本郷菊坂601号室,03-5654-5838,03-5654-5838,03-5654-5839,,平日,,,,,,,,,,,,
687,文京区,○,○,営利法人,1,1,独立系,8010001003126,三誠メディカル株式会社,,,ケアプランセンター東大前,1370503813,東京都文京区向丘2‐9‐10コート追分101,03‐3868‐2300,03-3868-2300,03‐3868‐2008,https://h-toudaimae.jp/,平日,,,,,,,,,,,,
692,文京区,○,○,営利法人,1,1,独立系,9011503006573,合同会社たくみ,,,ケアプランひまわり,1370503979,東京都文京区向丘2-18-6ヒルズコート102,03-5834-7585,03-5834-7585,03-5834-7580,,平日,,,,,,,,,,,,
693,文京区,○,○,営利法人,1,1,独立系,1010003043936,合同会社てんじん,,,居宅介護支援事業所　てんじん,1370503771,東京都文京区湯島三丁目32番7号,03－3831－5228,03-3831-5228,03－3831－5228,http://www.kyotaku-tenjin.com,平日,,,,,,,,,,,,
694,文京区,○,○,営利法人,1,1,独立系,2010003018598,合同会社エージー,,,あ・むろケアプラン事務所,1370502757,東京都文京区湯島3丁目42番2号,03-3832-0931,03-3832-0931,03-3832-0931,,平日,,,,,,,,,,,,
695,文京区,○,○,営利法人,1,1,独立系,9020003024738,合同会社Ｋ＆Ｙ,,,本郷ケアプランセンター,1370503730,東京都文京区本郷3-22-9GSハイム御茶ノ水603,03-5990-9498,03-5990-9498,03-5990-9499,,平日,,,,,,,,,,,,
696,文京区,○,○,営利法人,1,1,独立系,4010002003459,有限会社あゆみ介護文京,,,有限会社あゆみ介護文京,1370500272,東京都文京区千駄木5-28-5,03-3821-8135,03-3821-8135,03-3821-0713,,"平日,土曜日",,,,,,,,,,,,
697,文京区,○,○,営利法人,1,1,独立系,4010002000340,有限会社アドワンスサポート・コスモス,,,有限会社アドワンスサポート・コスモス,1370500637,東京都文京区千駄木５-49-1,03-5814-1577,03-5814-1577,03-5814-1566,http://www.adonce.net/,"平日,土曜日,祝日",,,,,,,,,,,,
698,文京区,○,○,営利法人,1,1,独立系,6010002042496,有限会社リンデンケア,,,有限会社　リンデンケア,1370501379,東京都文京区小石川3-27-6コスモ小石川102,03-6801-9723,03-6801-9723,03-6801-9726,,平日,,,,,,,,,,,,
699,文京区,○,○,営利法人,1,1,独立系,9010002001508,有限会社加藤介護サービス,,,有限会社　加藤介護サービス,1370500355,東京都文京区本駒込1-25-24,03-3946-3581,03-3946-3581,03-3945-6188,http://katocareservice.co.jp/,平日,,,,,,,,,,,,
700,文京区,○,○,営利法人,1,1,独立系,7010002006566,有限会社渡瀬,,,有限会社渡瀬,1370500058,東京都文京区本駒込1-21-14,03-3946-7151,03-3946-7151,03-3946-7152,http://watase-kaigo.jp,"平日,土曜日",,,,,,,,,,,,
701,文京区,○,○,営利法人,1,1,独立系,6010002001270,有限会社老松ケアサービス,,,老松ケアサービス　指定居宅介護支援事業所,1370500314,東京都文京区大塚5丁目15番10号三恵ビル103,03-3941-3666,03-3941-3666,03-3941-3888,http://oimatsu-care.jp,平日,,,,,,,,,,,,
703,文京区,○,○,営利法人,1,1,独立系,1010002031867,株式会社　けせら,,,居宅介護支援事業所けせら,1370500793,東京都文京区本郷３－１５－２本郷二村ビル５階,03-5840-6871,03-5840-6871,03-5615-8780,http://houkankesera.net,平日,,,,,,,,,,,,
704,文京区,○,○,営利法人,1,1,独立系,6010002002087,株式会社　ケアワーク弥生,,,ケアワーク弥生　介護支援部,1370500017,東京都文京区弥生2-15-13ケアワーク弥生ビル３階,03-3811-1259,03-3811-1259,03-3811-1267,http://www.carework.co.jp/,"平日,土曜日,祝日",,,,,,,,,,,,
706,文京区,○,○,営利法人,1,1,独立系,2010001079626,株式会社　中和,,,音羽介護サービス,1370500678,東京都文京区音羽　１－２０－２ダイコクビル４０４,03-3943-1182,03-3943-1182,03-3942-5624,,"平日,土曜日",,,,,,,,,,,,
707,文京区,○,○,営利法人,1,1,独立系,1010001182868,株式会社　拓,,,居宅介護支援事業所クオーレ,1370503284,東京都文京区本郷5-4-8菊坂スクエアー1階,03-6240-0166,03-6240-0166,03-3868-0136,https://www.cuore-hiraku.jp,平日,,,,,,,,,,,,
709,文京区,○,○,営利法人,1,1,独立系,6010002046729,株式会社ふくしあ,,,ケアステーションふくしあ文京,1370502187,東京都文京区千駄木4-7-15202,03-5809-0716,03-5809-0716,03-5809-0736,,平日,,,,,,,,,,,,
710,文京区,○,○,営利法人,1,1,独立系,2010001179351,株式会社インテンド,,,リーベ居宅介護支援事業所,1370503128,東京都文京区湯島2-16-10MASSビルディング３階,03-5844-6591,03-5844-6591,03-5844-6592,http://kango－rihabiristation.com,平日,,,,,,,,,,,,
711,文京区,○,○,営利法人,1,1,独立系,8010601066555,株式会社ソナタ,,,指定居宅介護支援事業所　ソナタケア,1370503862,東京都文京区本郷4-25-11ハイシティ本郷菊坂705号,03-5615-8640,03-5615-8640,03-5615-8641,,平日,,,,,,,,,,,,
712,文京区,○,○,営利法人,1,1,独立系,1010001237837,株式会社フォレスト,,,ケアプランあかり,1370503722,東京都文京区小石川三丁目６番15号,03-5615-9428,03-5615-9428,03-5615-9428,,平日,,,,,,,,,,,,
713,文京区,○,○,営利法人,1,1,独立系,2010001257792,株式会社ミライズ,,,サルースケアプランセンター駒込,1370503995,東京都文京区向丘1丁目-10-2THEPLAZAオーベル白山　1205号室,03-5654-5812,03-5654-5812,03-5654-5813,,平日,,,,,,,,,,,,
714,文京区,○,○,営利法人,1,1,独立系,8040001060585,株式会社リトルケトル,,,リトルケトル介護サービス,1370502484,東京都文京区本駒込２－２０－１０２０５,03-6902-1912,03-6902-1912,03-6902-1922,http://www.littlekettlecare.com,平日,,,,,,,,,,,,
717,文京区,○,○,営利法人,1,1,独立系,7011101069149,株式会社香洋,,,ケアサポートたつき,1370502872,東京都文京区目白台２－１２－１３目白台濱野ＢＬＤ101,０３－６９１２－２０１７,03-6912-2017,０３－６９１２－２０１８,,平日,,,,,,,,,,,,
718,文京区,○,○,営利法人,1,1,独立系,5010001251702,株式会社ＣａｒｅＣｒａｆｔ,,,おとのは,1370503946,東京都文京区千駄木3-22-11シャルマン文京千駄木503,03-5832-9181,03-5832-9181,03-5832-9182,,平日,,,,,,,,,,,,
719,文京区,○,○,営利法人,1,1,独立系,4010901020868,株式会社ＦＯＲＺＡ,,,居宅介護支援事業所　ＳＩＮＳＵＮ,1370503060,東京都文京区本駒込5-45-8ソシヤル中村101,03-5842-1080,03-5842-1080,03-5842-1081,,平日,,,,,,,,,,,,
724,文京区,○,○,営利法人,1,1,独立系,1040002031443,ＰＴ有限会社,,,リハビリ道場,1370502005,東京都文京区大塚６－２７－６グリーンハウス,03-3943-3408,03-3943-3408,03-3943-3404,https://sites.google.com/view/rehadojo2022/,"平日,土曜日",,,,,,,,,,,,
725,新宿区,○,○,営利法人,1,1,独立系,1011101098335,ATP株式会社,,,ATP居宅介護支援事業所,1370407023,東京都新宿区左門町1－15久我ハイツ101,03－5990－2852,03-5990-2852,03－5990－2853,,平日,,,,,,,,,,,,
727,新宿区,○,○,営利法人,1,1,独立系,1011101076209,あいあらいず株式会社,,,あいあらいず居宅介護支援事業所,1370405944,東京都新宿区南元町7-5A101号,03-5357-7768,03-5357-7768,03-5357-7769,http://Iarise.co.jp/,平日,,,,,,,,,,,,
731,新宿区,○,○,営利法人,1,1,独立系,6013301047257,サステナース株式会社,,,サステナースケアプラン,1370407288,東京都新宿区大久保1-9-30スカイフィール大久保B-102,03-6233-7015,03-6233-7015,03-6233-8457,,平日,,,,,,,,,,,,
733,新宿区,○,○,営利法人,1,1,独立系,5011403004615,ソラティス合同会社,,,居宅介護支援　ぽかぽか,1370407460,東京都新宿区高田馬場3-33-5大野ビル202号,03-6279-1244,03-6279-1244,03-6279-1249,,平日,,,,,,,,,,,,
736,新宿区,○,○,営利法人,1,1,独立系,3010701017330,ワンダフルサポート株式会社,,,ワンダフルサポート新宿居宅介護支援事業所,1370406751,東京都新宿区西新宿７－２０－２愛美堂ビル６階,０３－６２７９－１３４２,03-6279-1342,０３－６２７９－１３４３,http://care-net.biz/13/wonderful/,平日,,,,,,,,,,,,
740,新宿区,○,○,営利法人,1,1,独立系,5011103008536,合同会社おどりば,,,ケアプランおどりば,1370406454,東京都新宿区馬場下町40武蔵野荘101号室,03-6265-9312,03-6265-9312,03-6265-9313,,平日,,,,,,,,,,,,
741,新宿区,○,○,営利法人,1,1,独立系,1011103014843,合同会社つむぎ,,,つむぎケアプランセンター,1370407379,東京都新宿区下宮比町2-28飯田橋ハイタウン324号室,03-6265-3797,03-6265-3797,03-6265-3798,,平日,,,,,,,,,,,,
742,新宿区,○,○,営利法人,1,1,独立系,9011003006462,合同会社はるにれ,,,はるにれケアプラン,1370406728,東京都新宿区大久保１－１５－１８みゆきビル702号室,03-6457-3514,03-6457-3514,03-6457-3515,,平日,,,,,,,,,,,,
743,新宿区,○,○,営利法人,1,1,独立系,2011203003778,合同会社ふじいろ,,,千のめぐみ,1370406991,東京都新宿区中井1-13-5ワコーレ中井104,03-5937-0666,03-5937-0666,03-5937-0669,,平日,,,,,,,,,,,,
744,新宿区,○,○,営利法人,1,1,独立系,2011103006121,合同会社中川,,,居宅介護支援事業所　ケアメイト　Ｌｉｎｏ,1370405902,東京都新宿区中落合２－１８－４サンコープ２０６,０３－６９０８－０８１２,03-6908-0812,０３－６９０８－０８１３,,平日,,,,,,,,,,,,
745,新宿区,○,○,営利法人,1,1,独立系,8013303003628,合同会社岩﨑,,,居宅介護支援事業所こはるび,1370407189,東京都新宿区中落合4-16-4エクスクルーシブ中井PARTⅡ103,03-5906-5180,03-5906-5180,03-5906-5182,,平日,,,,,,,,,,,,
746,新宿区,○,○,営利法人,1,1,独立系,1011103009694,合同会社未来,,,ヴィヴ未来,1370406736,東京都新宿区下落合4-26-13目白金井ビル1階,03-6908-0007,03-6908-0007,03-6908-0556,,平日,,,,,,,,,,,,
747,新宿区,○,○,営利法人,1,1,独立系,4011103003744,合同会社ＭＡＡＲ,,,居宅介護支援事業所　マアル,1370404293,東京都新宿区大久保1-6-12川越屋ビル5階,03-5292-3301,03-5292-3301,03-5292-3302,http://www.maar-family.jp/,平日,,,,,,,,,,,,
748,新宿区,○,○,営利法人,1,1,独立系,1011203001543,合資会社やわらぎケアプラン,,,合資会社やわらぎケアプラン,1371403401,東京都新宿区中井1-12-2坂本ビル1階,03-5937-1710,03-5937-1710,03-5937-1712,,"平日,土曜日",,,,,,,,,,,,
751,新宿区,○,○,営利法人,1,1,独立系,5011102021738,有限会社　ユアーズ,,,ユアーズ,1371300938,東京都新宿区下落合1-12-2カーサ中村403,03-5330-6628,03-5330-6628,050-3535-9866,http://www.your-s.jp,平日,,,,,,,,,,,,
752,新宿区,○,○,営利法人,1,1,独立系,3011102028330,有限会社　向陽介護システムズ,,,向陽ケアマネジメントセンター,1370402826,東京都新宿区西五軒町１－５春山ビル1階,03-3267-2012,03-3267-2012,03-3267-2023,http://www.koyokaigo.jp/,平日,,,,,,,,,,,,
753,新宿区,○,○,営利法人,1,1,独立系,6011102021588,有限会社ケアサポートこの花,,,ケアサポートこの花,1370401646,東京都新宿区中井1-9-9,03-5338-5087,03-5338-5087,03-5338-5086,,"平日,土曜日",,,,,,,,,,,,
756,新宿区,○,○,営利法人,1,1,独立系,8011102023186,有限会社歩くまごの手,,,歩くまごの手,1370402040,東京都新宿区西新宿4-31-3永谷リヴュール新宿816,03-3375-3925,03-3375-3925,03-3375-3913,http://ark-magonote.com,平日,,,,,,,,,,,,
758,新宿区,○,○,営利法人,1,1,訪問看護併設,7011101047518,株式会社　リープ,,,目白訪問看護ステーション,1370403709,東京都新宿区下落合3-17-24,03-5988-4577,03-5988-4577,03-5988-4588,http://www.leap-kango.com,平日,,,,,,,,,,,,
760,新宿区,○,○,営利法人,1,1,独立系,5011101036019,株式会社　Ｋ－ＷＯＲＫＥＲ,,,株式会社　Ｋ－ＷＯＲＫＥＲ,1370403857,東京都新宿区四谷4丁目13-35KMビル1階,03-5368-6282,03-5368-6282,03-5368-6281,https://www.k-worker.co.jp,"平日,土曜日,祝日",,,,,,,,,,,,
762,新宿区,○,○,営利法人,1,1,独立系,6011101072582,株式会社アンド・スタイリング,,,スタイルケア新宿,1370406983,東京都新宿区百人町1-9-12Etervo新大久保B101,03-5937-4182,03-5937-4182,03-5937-5081,,平日,,,,,,,,,,,,
763,新宿区,○,,営利法人,1,25,独立系,3190001021189,株式会社アンビス,,,医心館居宅介護支援事業所高田馬場,1370407338,東京都新宿区下落合2丁目5-13,03-3565-6816,03-3565-6816,03-3565-6817,,平日,,,,,,,,,,,,
764,新宿区,○,○,営利法人,1,1,独立系,9011101098674,株式会社ケアシンフォニー,,,ケアシンフォニー新宿,1370407007,東京都新宿区高田馬場4-17-15東陽ビルディング710,03-5989-1534,03-5989-1534,03-5989-1535,https://caresymphony.jp,平日,,,,,,,,,,,,
765,新宿区,○,○,営利法人,1,1,独立系,8011101067300,株式会社ケアライン,,,ケアライン新宿,1370405480,東京都新宿区百人町2-24-6石見ビル1F,03-5338-3021,03-5338-3021,03-5338-3023,https://carelinejp.com/,平日,,,,,,,,,,,,
768,新宿区,○,○,営利法人,1,1,独立系,9011101023186,株式会社サン・ケアネット,,,株式会社　サン・ケアネット,1370400184,東京都新宿区新宿１－２０－１３花園公園ビル１０階,03-3353-4701,03-3353-4701,03-3353-4704,http://www.suncare.co.jp,平日,,,,,,,,,,,,
769,新宿区,○,○,営利法人,1,1,独立系,1011101055088,株式会社シノヨシ,,,つづみ稲荷公園前,1370404145,東京都新宿区西落合２－２１－１０,03-3565-6951,03-3565-6951,03-3565-6951,,平日,,,,,,,,,,,,
774,新宿区,○,○,営利法人,1,1,独立系,6011101088273,株式会社ハーモニー,,,ハーモニー,1370406587,東京都新宿区二十騎町２－２３ランピオンイゴー１０１,03-6265‐3757,03-6265-3757,03-6265‐3758,,平日,,,,,,,,,,,,
775,新宿区,○,○,営利法人,1,1,独立系,1011101054676,株式会社ピースフルハンド,,,ピースフルケアサービス,1370405464,東京都新宿区新宿7-20-12パークサイド東新宿302,03-6233-9901,03-6233-9901,03-6233-9902,https://peacefulhand-recruit.com/,平日,,,,,,,,,,,,
777,新宿区,○,,営利法人,1,3,独立系,5010001123496,株式会社ファーマみらい,,,共創みらいケアステーション上落合,1370406025,東京都新宿区上落合2-26-3B1F,03-6279-1555,03-6279-1555,03-6279-1556,https://www.kyosomirai-carest.com/,平日,,,,,,,,,,,,
781,新宿区,○,○,営利法人,1,1,施設併設,6011101033114,株式会社三和設計サービス,,,なでしこ園,1370403949,東京都新宿区高田馬場4-22-46ザ・テラス　301号,03-5338-0575,03-5338-0575,03-5338-0576,https://sites.google.com/view/nadeshikoen,平日,,,,,,,,,,,,
782,新宿区,○,○,営利法人,1,1,独立系,1010001155510,株式会社上町看護師家政婦紹介所,,,あなたの介護,1370405266,東京都新宿区市谷田町3-21-9ふたばハイム102,03-5579-8003,03-5579-8003,03-5579-8004,,"平日,土曜日",,,,,,,,,,,,
783,新宿区,○,○,営利法人,1,1,独立系,6011001005345,株式会社外苑企画商事,,,在宅支援相談室新宿,1370403006,東京都新宿区大久保2-7-1大久保フジビル310号室,03-5155-8420,03-5155-8420,03-3205-1519,http://www.gaiki.net,"平日,土曜日",,,,,,,,,,,,
785,新宿区,○,○,営利法人,1,1,独立系,2011101028068,株式会社畑中ケアサービス,,,株式会社畑中ケアサービス,1370400234,東京都新宿区大久保1-16-23,03-3209-6167,03-3209-6167,03-3209-2055,http://www.hatanaka-cs.co.jp,"平日,土曜日",,,,,,,,,,,,
786,新宿区,○,○,営利法人,1,1,独立系,1011001007313,株式会社Ｋ．Ｍ．Ｓ,,,Ｋサポート,1370407486,東京都新宿区西新宿４丁目３２－１１セントビラ永谷１０１１,03-6441-0278,03-6441-0278,03-6441-0278,,平日,,,,,,,,,,,,
787,新宿区,○,○,営利法人,1,1,独立系,9011101051518,株式会社ＴＩＭＥ,,,ＴＩＭＥ新宿,1370403956,東京都新宿区四谷４－３－２９伸治ビル８Ｆ,03-5369-7930,03-5369-7930,03-5369-7931,,"平日,祝日",,,,,,,,,,,,
798,新宿区,○,○,営利法人,1,1,独立系,7011101039077,ＡＪ株式会社,,,ケア,1370404822,東京都新宿区西新宿8-8-6LUビル,03-5337-2100,03-5337-2100,03-6277-8858,https://aj-company.jimdofree.com/,平日,,,,,,,,,,,,
803,杉並区,○,○,営利法人,1,1,訪問看護併設,8011301021370,エフリオ株式会社,,,エフリオ訪問看護ステーション,1361590316,東京都杉並区阿佐谷北2-14-5大坂やビル3階,03-5356-6130,03-5356-6130,03-5356-6133,https://f-reo.jp,平日,,,,,,,,,,,,
811,杉並区,○,○,営利法人,1,1,独立系,4011101087995,スリーエス株式会社,,,アウケアプランセンター,1371511583,東京都杉並区阿佐谷北２丁目５−７ARKHOUSEASAGAYA３０５,03-6773-5479,03-6773-5479,03-6775-3405,https://www.aucare-plan.jp/,平日,,,,,,,,,,,,
813,杉並区,○,○,営利法人,1,1,薬局併設,7011302016404,ハーティ・メディケア有限会社,,,しらさぎ薬局,1371500511,東京都杉並区阿佐谷北6‐31‐7,03-3330-7181,03-3330-7181,03-3330-7182,http://www.sirasagi.org,平日,,,,,,,,,,,,
814,杉並区,○,○,営利法人,1,1,独立系,5011301016885,フェロー株式会社,,,青いとりケアセンター,1371506112,東京都杉並区和泉3-60-16和泉方南通りビル１F,03-5300-3311,03-5300-3311,03-5355-3360,,平日,,,,,,,,,,,,
819,杉並区,○,○,営利法人,1,1,独立系,2011303003785,優合同会社,,,ゆうケアセンター,1371510700,東京都杉並区高円寺南２－４２－１８Hisamori１７ー１０３,０３－５９２９－９８２２,03-5929-9822,０３－５９２９－９８２３,http://hp.kaipoke.biz/5aa,"平日,土曜日,祝日",,,,,,,,,,,,
831,杉並区,○,○,営利法人,1,1,独立系,4012703000981,合同会社らいと,,,在宅介護事業所　らいと,1371508332,東京都杉並区上井草　１‐23‐23上井草1丁目事務所　3F,03-5303-9878,03-5303-9878,03-5303-9879,http://hp.kaipoke.biz/4dz,平日,,,,,,,,,,,,
832,杉並区,○,○,営利法人,1,1,独立系,7011303002139,合同会社アルテ,,,ケアセンターこもれび,1371508605,東京都杉並区荻窪１－３２－３,050-3559-4195,050-3559-4195,03-6735-7048,,平日,,,,,,,,,,,,
833,杉並区,○,○,営利法人,1,1,独立系,7011303004977,合同会社ガジュマルの樹,,,ガジュマルの樹,1371511336,東京都杉並区阿佐ヶ谷北3-43-6,080-9300-8197,080-9300-8197,03-5356-8827,,"平日,土曜日",,,,,,,,,,,,
834,杉並区,○,○,営利法人,1,1,独立系,9011303003515,合同会社フォーサム,,,フォーサム居宅介護支援事業所,1371510528,東京都杉並区成田東5-17-18パークホームズ阿佐ヶ谷サウス1201,03-6877-2439,03-6877-2439,03-6877-2439,,平日,,,,,,,,,,,,
835,杉並区,○,○,営利法人,1,1,独立系,7011303001842,合同会社自分らしい生き方を支援する会,,,合同会社　自分らしい生き方を支援する会,1371507953,東京都杉並区下高井戸3-21-23,090-8875-6318,090-8875-6318,03-4496-6170,,平日,,,,,,,,,,,,
836,杉並区,○,○,営利法人,1,1,独立系,8011303001676,合同会社謙心,,,ケアサポートらんまん,1371511468,東京都杉並区上井草2-41-13スカイコートS201,03-6454-7963,03-6454-7963,03-6913-9480,,平日,,,,,,,,,,,,
837,杉並区,○,○,営利法人,1,1,独立系,9020003006447,合同会社Ｙ＆Ｕケア芙蓉会,,,あおいサポートステーション,1371505932,東京都杉並区高井戸東3-17-18,03-6795-8149,03-6795-8149,03-4400-1548,https://aoi-yandu.co.jp,平日,,,,,,,,,,,,
838,杉並区,○,○,営利法人,1,1,独立系,4010403003900,合資会社青山會,,,青山會居宅介護支援事業所,1371509140,東京都杉並区高円寺南2-35-16高南ビル302,03-5929-3883,03-5929-3883,03-5929-3884,https://seizankai.co.jp,"平日,祝日",,,,,,,,,,,,
840,杉並区,○,○,営利法人,1,1,独立系,7011302016296,有限会社　S．K．パーソンズ,,,S．K．パーソンズ,1371503168,東京都杉並区清水3-22-20妙正テラス１-B,03-5311-3077,03-5311-3077,03-5311-3067,http://skp.tokyo,平日,,,,,,,,,,,,
841,杉並区,○,○,営利法人,1,1,独立系,0420003879128,有限会社　トモニー,,,有限会社　トモニー,1371504356,東京都杉並区南荻窪１丁目２２番１１号京王南荻窪コーポ201号,03-6661-1692,03-6661-1692,03-6661-1693,,平日,,,,,,,,,,,,
842,杉並区,○,○,営利法人,1,1,独立系,1011302009850,有限会社　ライフケア夢工房,,,ライフケア夢工房,1371504547,東京都杉並区善福寺2-11-12,03-5303-1287,03-5303-1287,03-5303-1148,,平日,,,,,,,,,,,,
843,杉並区,○,○,営利法人,1,1,独立系,7011302011909,有限会社　堀ノ内ケアサービス,,,有限会社　堀ノ内ケアサービス,1371502509,東京都杉並区堀ノ内3-2-13妙光堂ビル1Ｆ,03-3311-4610,03-3311-4610,03-3313-2101,,平日,,,,,,,,,,,,
845,杉並区,○,○,営利法人,1,1,独立系,9011302011106,有限会社ほっとらいふ,,,有限会社　ほっとらいふ,1371501832,東京都杉並区和田1-14-34Ｆ,03-5328-0787,03-5328-0787,03-5328-0797,http://hotlife.biz/,平日,,,,,,,,,,,,
847,杉並区,○,○,営利法人,1,1,独立系,3011302011631,有限会社ハッピーサービス,,,ハッピーサービス,1371502368,東京都杉並区和泉４－４７－２５メゾンディ松山２０５号室および２０２号分室,03-5305-3347,03-5305-3347,03-5305-3397,http://www.happyservices.jp/,平日,,,,,,,,,,,,
848,杉並区,○,○,営利法人,1,1,独立系,4011302012109,有限会社メディカル・ケアサポートツウェンティワン,,,有限会社　メディカル・ケアサポートツウェンティワン,1371503945,東京都杉並区井草1-6-10ヒガシビル1F,03-5303-5221,03-5303-5221,03-5303-5222,http://www.mcs21.co.jp,"平日,土曜日",,,,,,,,,,,,
849,杉並区,○,○,営利法人,1,1,薬局併設,4011302010137,有限会社ルート,,,オーベル薬局　西荻北店　居宅介護支援事業部,1371501030,東京都杉並区西荻北5-2-13,03-5303-7944,03-5303-7944,03-5303-7905,,平日,,,,,,,,,,,,
850,杉並区,○,○,営利法人,1,1,独立系,7011302011751,有限会社杉並介護センター,,,杉並介護センター,1371502343,東京都杉並区成田東4-26-15田畑コーポ301,03-5305-6835,03-5305-6835,03-5305-6836,,"平日,土曜日,日曜日,祝日",,,,,,,,,,,,
851,杉並区,○,○,営利法人,1,1,独立系,9011302009595,有限会社松庵ケアサービス,,,有限会社松庵ケアサービス,1371500321,東京都杉並区松庵3丁目39-10メイゾンオーク202,03-3333-4783,03-3333-4783,03-3331-9028,,平日,,,,,,,,,,,,
852,杉並区,○,○,営利法人,1,1,独立系,2011302012226,有限会社浜野ライフ,,,ベルケア,1371502954,東京都杉並区浜田山1-24-20ラセイム新美I-111号室,03-5316-3991,03-5316-3991,03-5316-3993,https://bellcare.ne.jp,平日,,,,,,,,,,,,
853,杉並区,○,○,営利法人,1,1,独立系,8011302004861,有限会社白鷺介護サービス,,,有限会社　白鷺介護サービス,1371500503,東京都杉並区下井草3－41－7サンビル２階,03-3399-1997,03-3399-1997,03-3399-8867,,平日,,,,,,,,,,,,
859,杉並区,○,○,営利法人,1,1,独立系,2011301018827,株式会社　ケィズコネクションズ,,,ケィズ居宅介護支援杉並,1371508118,東京都杉並区上荻1-18-16亀屋酒販第一ビル501号,03-5335-7980,03-5335-7980,03-5335-9703,,平日,,,,,,,,,,,,
860,杉並区,○,○,営利法人,1,1,訪問看護併設,1011301016591,株式会社　テラ,,,笑生訪問看護ステーション,1371506088,東京都杉並区西荻南３－７－2,03-5344-9838,03-5344-9838,03-5344-9839,https://shosei-tera.co.jp/,平日,,,,,,,,,,,,
861,杉並区,○,○,営利法人,1,1,独立系,9010001056593,株式会社　ベストサポート日本橋,,,ベストサポート杉並ケアプラン,1371500461,東京都杉並区荻窪5-29-20ﾊﾟｼﾌｨｯｸｱｰｸﾋﾞﾙ7Ｆ,03-3398-3576,03-3398-3576,03-3398-3582,http://www.b-s-n.com,平日,,,,,,,,,,,,
862,杉並区,○,○,営利法人,1,1,独立系,6011301015911,株式会社　希望,,,のぞみケアサービス,1371505684,東京都杉並区梅里2-40-16横山ビルM2F,03-5305-8061,03-5305-8061,03-5305-8062,,平日,,,,,,,,,,,,
865,杉並区,○,○,営利法人,1,1,独立系,4011303000401,株式会社　銀河研究所,,,ケアステーション銀河,1371502699,東京都杉並区久我山4-2-29リベスト久我山ビル2Ｆ,03-3334-5563,03-3334-5563,03-3334-5563,http://hp.kaipoke.biz/8wg/index.html,"平日,土曜日",,,,,,,,,,,,
868,杉並区,○,○,営利法人,1,1,独立系,4011301030169,株式会社ふくなが,,,オレンジノート居宅介護支援事業所,1371511567,東京都杉並区宮前5-24-11ハイツエルメス103,03-6454-2677,03-6454-2677,03-6454-2678,,平日,,,,,,,,,,,,
870,杉並区,○,○,営利法人,1,1,独立系,4011301022059,株式会社エスモード,,,オリエンタルケア,1371509108,東京都杉並区上井草1-32-2清水ビル203,03-5310-5740,03-5310-5740,03-5310-5126,,"平日,土曜日",,,,,,,,,,,,
871,杉並区,○,○,営利法人,1,1,独立系,5011301018361,株式会社キラキラステーション,,,キラキラステーション,1371508704,東京都杉並区阿佐谷南2丁目14番23号エクシブ阿佐ヶ谷102,03-6454-6513,03-6454-6513,03-6454-6523,,平日,,,,,,,,,,,,
872,杉並区,○,○,営利法人,1,1,独立系,5011301012513,株式会社クールヘッド,,,ウォームハート居宅介護支援,1371503952,東京都杉並区上井草３－１７－２４,03-3335-5691,03-3335-5691,03-3397-3199,https://www.coolhead.co.jp/,平日,,,,,,,,,,,,
879,杉並区,○,○,営利法人,1,1,独立系,9011301016188,株式会社プロケア,,,プロケア,1371505056,東京都杉並区西荻北2-7-2405,03-3394-6622,03-3394-6622,03-3394-6650,,平日,,,,,,,,,,,,
885,杉並区,○,○,営利法人,1,1,独立系,9011601018082,株式会社素的介護,,,ジョイフルケアサービス,1371511658,東京都杉並区阿佐谷南1-23-20,03-6454-6204,03-6454-6204,03-5307-7173,http://suteki-kaigo.com,"平日,土曜日",,,,,,,,,,,,
886,杉並区,○,○,営利法人,1,1,独立系,3011301017415,株式会社蒼い風,,,パーソナルサポート　蒼い風,1371506948,東京都杉並区西荻北３－３３－１４西荻北ホープハウス１０６,03-6913-8985,03-6913-8985,03-6913-8986,,平日,,,,,,,,,,,,
887,杉並区,○,○,営利法人,1,1,独立系,3011301020014,株式会社ＧＴライフサポート,,,アスノステーション,1371508225,東京都杉並区松ノ木3-31-15,03-5307-7050,03-5307-7050,03-5307-7051,,平日,,,,,,,,,,,,
888,杉並区,○,○,営利法人,1,1,独立系,1011301028505,株式会社Ｌｏｎｇｓ,,,ほっとステーション　悠,1371511195,東京都杉並区高井戸西1－27－20築山ビル　501,03-6454-2210,03-6454-2210,03－6800－3605,なし,平日,,,,,,,,,,,,
890,杉並区,○,○,営利法人,1,1,独立系,6470001016257,株式会社ＳＵＮ,,,アシスト・ケア,1371510916,東京都杉並区高円寺南2-53-4アークビル高円寺303,03-6379-1189,03-6379-1189,03-6379-1190,,平日,,,,,,,,,,,,
891,杉並区,○,○,営利法人,1,1,独立系,8011301020380,株式会社Ｔａｋｅ　Ａｉｍ,,,福は家　相談室,1371509082,東京都杉並区善福寺４－１７－６,０３－６９１３－８８２４,03-6913-8824,０３－６９１３－８８２９,https://www.takeaim703.com/,平日,,,,,,,,,,,,
892,杉並区,○,○,営利法人,1,1,独立系,9020001155015,株式会社ｈａｌｋａ,,,ぴゅあ居宅介護支援杉並,1361590928,東京都杉並区高円寺南4丁目27‐7ラインビルド高円寺・林403,03‐5913‐7696,03-5913-7696,03‐5913‐8446,https://halka-pure.com,"平日,祝日",,,,,,,,,,,,
907,杉並区,○,○,営利法人,1,1,独立系,2012401022231,藤井健康科学株式会社,,,介護プランナーふじい,1373302015,東京都杉並区久我山3-15-16リトルブーケ久我山106,03-5941-9819,03-5941-9819,03-5941-9819,,"平日,土曜日,祝日",,,,,,,,,,,,
909,杉並区,○,○,営利法人,1,1,独立系,2011303002597,青い鳥合同会社,,,青い鳥,1371509462,東京都杉並区荻窪４－２４－１８荻窪家族レジデンス１０２号室,０３－６３８３－５８８８,03-6383-5888,０３－６３８３－５８９２,http://aoitori-kaigo.com,平日,,,,,,,,,,,,
911,板橋区,○,○,営利法人,1,1,独立系,7011401016908,870株式会社,,,はなまる介護,1371908623,東京都板橋区中板橋29-8クリテックビル３F,03-5943-9870,03-5943-9870,03-5943-9871,https://870kaigo.com,"平日,祝日",,,,,,,,,,,,
913,板橋区,○,○,営利法人,1,1,独立系,1011401022837,あおぞら株式会社,,,あおぞら居宅介護支援事業所,1371911775,東京都板橋区板橋４－５－６,03-5944-2946,03-5944-2946,03-5944-2947,,平日,,,,,,,,,,,,
917,板橋区,○,○,営利法人,1,1,独立系,4011401012356,ケーアイサポート株式会社,,,ケーアイサポート介護事業部,1371905785,東京都板橋区大和町１０番１１号パラストネオ板橋２０２,03-6905-1054,03-6905-1054,03-6905-1055,,平日,,,,,,,,,,,,
922,板橋区,○,○,営利法人,1,1,独立系,1011401012722,介護ジャパン株式会社,,,居宅介護支援事業所オレンジュ徳丸,1371912732,東京都板橋区徳丸７－２－４７CaratState３０５,03-6906-7197,03-6906-7197,03-6906-7198,https://orenju.kaigojapan.co.jp/,平日,,,,,,,,,,,,
941,板橋区,○,○,営利法人,1,1,独立系,7011803001904,合同会社　Sincere-Hips,,,しっぷす居宅介護支援事業所,1371911577,東京都板橋区南常盤台1-24-6103,050-3552-4165,050-3552-4165,,http://hp.kaipoke.biz/xtu/index.html,"平日,日曜日",,,,,,,,,,,,
942,板橋区,○,○,営利法人,1,1,独立系,1011403003414,合同会社　色どり,,,介護相談室カラー,1371912005,東京都板橋区四葉2-23--8サンマンションアトレ板橋赤塚504号,03-3976-8060,03-3976-8060,03-5930-9791,,平日,,,,,,,,,,,,
943,板橋区,○,○,営利法人,1,1,独立系,4011503006025,合同会社こころケア,,,こころケア居宅,1371912484,東京都板橋区常盤台4-32-6ドミール常盤台304,03-6312-0633,03-6312-0633,03-6766-0898,,平日,,,,,,,,,,,,
944,板橋区,○,○,営利法人,1,1,独立系,7011403002146,合同会社さんあい,,,さんあい,1371910918,東京都板橋区小豆沢1-12-6プラッセ小豆沢801,03-5914-2300,03-5914-2300,03-5914-2350,https://sanaikurabu.wixsite.com/website,"平日,祝日",,,,,,,,,,,,
945,板橋区,○,○,営利法人,1,1,独立系,6011403003707,合同会社じゅんしん,,,かいごのなかいた,1371912724,東京都板橋区中板橋2-9サンシンハイム102,03-6912-4207,03-6912-4207,03-6912-4622,,平日,,,,,,,,,,,,
946,板橋区,○,○,営利法人,1,1,独立系,8011403002913,合同会社サード・プレイス,,,ケアサポート　ルナ,1371911635,東京都板橋区大山金井町17番1号グリーン新光302,0359268025,0359268025,0359268027,,平日,,,,,,,,,,,,
947,板橋区,○,,営利法人,1,3,独立系,8030003007057,合同会社古都,,,居宅介護支援事業所てんとう虫,1371912500,東京都板橋区富士見町36-4メイゾン富士見101,03-6905-6511,03-6905-6511,03-6905-6390,,平日,,,,,,,,,,,,
948,板橋区,○,○,営利法人,1,1,独立系,3011603001843,合同会社道生舎,,,みちおい居宅介護支援事業所,1371910231,東京都板橋区徳丸3-38-34ヒルサイドハイツB1F,03-6909-7022,03-6909-7022,03-6909-7072,https://www.mitioisya.tokyo/,平日,,,,,,,,,,,,
949,板橋区,○,○,営利法人,1,1,独立系,7011403004167,合同会社ＨＳホームケア,,,みもざ居宅介護支援事業所,1371912708,東京都板橋区大山金井町１１番１０号山手通り大山ビル４階,03-6912-4964,03-6912-4964,03-6912-4965,,平日,,,,,,,,,,,,
951,板橋区,○,○,営利法人,1,1,独立系,5011402017163,有限会社　はな,,,居宅介護支援はな,1371908268,東京都板橋区蓮根2-10-15竹上ビル　1F,03-5392-9010,03-5392-9010,03-5914-1337,http://www.hana-inc.com/hana,平日,,,,,,,,,,,,
952,板橋区,○,○,営利法人,1,1,独立系,1011402018495,有限会社　介護福祉サービス,,,高島平介護センター　介護と暮しの相談室,1371904770,東京都板橋区高島平２丁目33-1高島平団地壱番街商店街　205号,03-3935-7166,03-3935-7166,03-5921-0632,https://www.itabasi-kaigo.com,"平日,土曜日",,,,,,,,,,,,
953,板橋区,○,○,営利法人,1,1,独立系,8011402018555,有限会社さわやか福寿,,,介護ステーションさわやか☆ケア,1371908011,東京都板橋区桜川3-13-10ヴィラカミング305,03-6906-4858,03-6906-4858,03-6906-4859,,"平日,祝日",,,,,,,,,,,,
954,板橋区,○,○,営利法人,1,1,独立系,3011402005748,有限会社たちばな会,,,さくらヘルプケア,1371904069,東京都板橋区高島平1-48-5コーポ高島平102,03-3935-2201,03-3935-2201,03-3935-2203,,平日,,,,,,,,,,,,
955,板橋区,○,○,営利法人,1,1,独立系,4011402008873,有限会社めぐりあい,,,有限会社めぐりあい,1371902386,東京都板橋区仲町37-7HIROIビル　１F,03-5917-6309,03-5917-6309,03-5917-6307,http://www.geocities.jp/himikomeguriai/,平日,,,,,,,,,,,,
956,板橋区,○,○,営利法人,1,1,独立系,5011402018896,有限会社イマイ,,,こころね,1371905116,東京都板橋区坂下2-22-2,03-5914-3523,03-5914-3523,03-5914-3524,,平日,,,,,,,,,,,,
957,板橋区,○,○,営利法人,1,1,独立系,9011402001444,有限会社エスアイシー,,,大谷口ケアサービス居宅介護支援事業所,1371903368,東京都板橋区大谷口北町６３－１１,03-5964-5355,03-5964-5355,03-5964-5358,,"平日,土曜日",,,,,,,,,,,,
958,板橋区,○,○,営利法人,1,1,独立系,2011402018189,有限会社ティーアンドエムカンパニー,,,ピースケアサービス,1371904259,東京都板橋区新河岸3-15-7303,03-5968-3235,03-5968-3235,03-5968-3236,,平日,,,,,,,,,,,,
959,板橋区,○,○,営利法人,1,1,独立系,8011402019000,有限会社フレッシュケアサービス,,,有限会社フレッシュケアサービス,1371909241,東京都板橋区志村1-13-12ライオンズマンション志村坂上201号,03-3969-9117,03-3969-9117,03-5914-2022,http://www.freshcare.jp/,平日,,,,,,,,,,,,
960,板橋区,○,○,営利法人,1,1,独立系,6011402018210,有限会社ミセス，カネコ,,,居宅介護支援事業所ひらい,1371904655,東京都板橋区蓮根2-18-21,03-5916-3345,03-5916-3345,03-5916-3346,,平日,,,,,,,,,,,,
961,板橋区,○,○,営利法人,1,1,独立系,9011402017688,有限会社レインボーブリッジ,,,レインボーブリッジ板橋ケアセンター,1371903921,東京都板橋区板橋３－５－１５,03-5943-2951,03-5943-2951,03-5943-2952,http://www.rainbowbridge.co.jp/,平日,,,,,,,,,,,,
962,板橋区,○,○,営利法人,1,1,訪問看護併設,9011402003944,有限会社三東工芸社,,,青出木訪問看護ステーション,1371908383,東京都板橋区小茂根一丁目２７番１６号江古田第４ロイヤルコーポ103号室,03-6782-6942,03-6782-6942,03-5917-6942,https://aodeki-st.com/,平日,,,,,,,,,,,,
963,板橋区,○,○,営利法人,1,1,独立系,4011402002744,有限会社協徳,,,ぐうにいずケアセンター,1371903350,東京都板橋区西台4-8-13ヒラタビル2F,03-3550-5336,03-3550-5336,03-3550-5285,http://www.gunizu.com/,"平日,土曜日",,,,,,,,,,,,
964,板橋区,○,○,営利法人,1,1,独立系,6011402010836,有限会社希ケアーサービス,,,有限会社希ケアーサービス　居宅介護支援事業所,1371902964,東京都板橋区幸町20-14,03-3956-2159,03-3956-2159,03-3956-2168,,平日,,,,,,,,,,,,
965,板橋区,○,○,営利法人,1,1,独立系,5011402017287,有限会社赤塚ケアサービス,,,有限会社赤塚ケアサービス,1371903418,東京都板橋区赤塚6-6-33,03-5904-5391,03-5904-5391,03-5904-5392,,平日,,,,,,,,,,,,
966,板橋区,○,○,営利法人,1,1,独立系,3011402017776,有限会社ＥＨＨＳ,,,ハートヘルプ関,1371903962,東京都板橋区中台１丁目３６番７,03-5398-3397,03-5398-3397,03-5398-3530,,平日,,,,,,,,,,,,
969,板橋区,○,○,営利法人,1,1,独立系,7011401018219,株式会社MEDICALCOLOR,,,居宅介護支援事業所Re:ACTIVE,1371911528,東京都板橋区大山金井町2-4パインメートⅡ１階,03-5926-3109,03-5926-3109,03-6909-5461,https://www.medical-color.com/home-care/,平日,,,,,,,,,,,,
970,板橋区,○,,営利法人,1,2,薬局併設,3380002020179,株式会社　LasiQ,,,フジ薬局居宅介護支援事業所,1371910157,東京都板橋区大山西町49-5,０３－６９０９－４１８０,03-6909-4180,０３－６９０９－４１８１,http://lasiq.co.jp,平日,,,,,,,,,,,,
971,板橋区,○,○,営利法人,1,1,独立系,5011401017008,株式会社　ぶどうの木,,,介護サービス　ぶどうの木,1371908664,東京都板橋区大山町３８－８メゾン大野１０１,０３－６３２６－８１４６,03-6326-8146,０３－６７５３－９８２９,,平日,,,,,,,,,,,,
972,板橋区,○,○,営利法人,1,1,独立系,7010001084043,株式会社　ジョイライフ,,,ジョイライフ高島平　ケアサービス事業部,1371907690,東京都板橋区新河岸３－１２－９,03-5967-3832,03-5967-3832,03-5967-3834,http://www.joylife-jp.com,平日,,,,,,,,,,,,
973,板橋区,○,○,営利法人,1,1,独立系,4011401010450,株式会社　スローステップ,,,スローステップ居宅介護支援事業所　蓮根,1371904820,東京都板橋区蓮根2-17-7,03-5916-0981,03-5916-0981,03-3967-1660,http://slowstep2000.com/,"平日,土曜日",,,,,,,,,,,,
975,板橋区,○,○,営利法人,1,1,独立系,9040001079922,株式会社きずなコミュニケーションズ,,,介護相談室とびら,1371908532,東京都板橋区常盤台2-10-12,03-6454-9956,03-6454-9956,03-6454-9957,,平日,,,,,,,,,,,,
976,板橋区,○,○,営利法人,1,1,独立系,4011401016489,株式会社きらきらケアサービス,,,きらきらケアサービス,1371908250,東京都板橋区赤塚1-1-10,03-6281-0604,03-6281-0604,03-6281-0607,http://kirakiracs.com,平日,,,,,,,,,,,,
977,板橋区,○,○,営利法人,1,1,独立系,1011401012549,株式会社ぐりーんりーふ,,,ときわ介護サービス,1371905934,東京都板橋区常盤台３－１９－１３１０２,03-6751-5504,03-6751-5504,03-6782-5505,https://greenleaf.tokyo/,平日,,,,,,,,,,,,
978,板橋区,○,○,営利法人,1,1,独立系,8011401015685,株式会社こねこのて,,,居宅介護支援事業所　花のまる,1371908573,東京都板橋区志村３-２６-１５,０３－５９７０－４３３７,03-5970-4337,０３－６７８３－５９５８,http://www.hananomaru.net/,"平日,土曜日,祝日",,,,,,,,,,,,
981,板橋区,○,○,営利法人,1,1,独立系,1011401027497,株式会社アウフヘーベン,,,ギフト居宅介護支援事業所,1371912773,東京都板橋区南常盤台二丁目１８番３号コーポホリエ２０２,0369059670,0369059670,0369059677,,平日,,,,,,,,,,,,
982,板橋区,○,○,営利法人,1,1,独立系,1011401019874,株式会社アサヒソーシャルワークス,,,アサヒソーシャルワークス,1371910496,東京都板橋区板橋2-44-10ヴァンクール板橋601,03-5944-2621,03-5944-2621,03-5944-2622,https://asahi-sw.com,平日,,,,,,,,,,,,
983,板橋区,○,,営利法人,1,2,独立系,7011401010761,株式会社アサヒ・スタッフサービス,,,アサヒケアサービス,1371901446,東京都板橋区蓮沼町4-7ライオンズマンション蓮沼１０１号,03-5948-7606,03-5948-7606,03-5915-6640,http://www.assc.co.jp/index.html,平日,,,,,,,,,,,,
984,板橋区,○,○,営利法人,1,1,独立系,3010001137184,株式会社ガイアメディケア,,,G-careプランセンター,1371912336,東京都板橋区舟渡２-４-８ＨａＲａＤａハウス１Ｆ,０３-６４５４-５７１２,03-6454-5712,０３-６４５４-５７１３,,平日,,,,,,,,,,,,
987,板橋区,○,○,営利法人,1,1,独立系,6011401016982,株式会社ケアセンス,,,ケアセンスプランセンター,1371908797,東京都板橋区蓮根2-19-23ライオンズマンション蓮根302,03-3965-1606,03-3965-1606,03-3965-1607,https://caresense.co.jp/,平日,,,,,,,,,,,,
988,板橋区,○,○,営利法人,1,1,独立系,8011402018687,株式会社ケアーシップ,,,にこにこケアーシップ,1371910801,東京都板橋区氷川町47-9ライオンズマンション大山氷川町101,03-6905-6766,03-6905-6766,03-5375-3312,,平日,,,,,,,,,,,,
991,板橋区,○,○,営利法人,1,1,独立系,6011401018194,株式会社コスモス,,,株式会社コスモス,1371909514,東京都板橋区東新町1-52-1,０３－５９６４－５１４１,03-5964-5141,０３－５９６４－５１４２,,平日,,,,,,,,,,,,
992,板橋区,○,○,営利法人,1,1,独立系,3011401017091,株式会社ゴルディロックス,,,居宅介護支援事業所ゴルディロックス,1371909548,東京都板橋区仲町38-3コープエンリッチ1F,03-5926-8491,03-5926-8491,03-5926-8492,https://goldirocks.co.jp/,平日,,,,,,,,,,,,
993,板橋区,○,,営利法人,1,2,独立系,3010401103075,株式会社シノケンウェルネス,,,アップルケア東京ケアプランセンター,1371908789,東京都板橋区上板橋2-13-3ライオンズマンション上板橋107,03-6858-6512,03-6858-6512,03-6858-6513,https://www.applecare-kaigo.com/homecare/,平日,,,,,,,,,,,,
995,板橋区,○,○,営利法人,1,1,独立系,1011401018182,株式会社ダイヤＰＬＵＳ,,,つながりホームヘルプ,1371909563,東京都板橋区氷川町25-17星野ビル1Ｆ,03-5926-4006,03-5926-4006,03-5926-4007,http://tunagarihelp.com,"平日,祝日",,,,,,,,,,,,
996,板橋区,○,○,営利法人,1,1,独立系,9011401016410,株式会社チャレンジ,,,訪問介護　すみれケア,1371908169,東京都板橋区小豆沢4-5-4,03-5914-6052,03-5914-6052,03-5392-5052,http://www.challenge-home.jp,"平日,祝日",,,,,,,,,,,,
998,板橋区,○,○,営利法人,1,1,独立系,2011401011509,株式会社ニューエイジ,,,居宅介護支援事業所ちかい,1371911684,東京都板橋区本町20-8ゲイブルスハイツ１F,03-6912-4601,03-6912-4601,050-1507-4496,https://newage-co-ltd.com/,平日,,,,,,,,,,,,
1002,板橋区,○,○,営利法人,1,1,独立系,6011401023153,株式会社健祐会,,,健祐会居宅介護支援事業所,1371911940,東京都板橋区南常盤台1-7-14南ときわ台ビルB1F,03-5964-5334,03-5964-5334,03-6909-4212,https://kenyukai.co.jp,平日,,,,,,,,,,,,
1003,板橋区,○,○,営利法人,1,1,独立系,3011401026687,株式会社和合,,,和合ケアプランセンター,1371912609,東京都板橋区蓮根2-31-7プラザ・ホワイトベアー404,03-6454-9305,03-6454-9305,03-6454-9306,,平日,,,,,,,,,,,,
1004,板橋区,○,○,営利法人,1,1,独立系,2013301020036,株式会社揚工舎,,,ヨウコー板橋ケアステーション居宅介護支援,1371602044,東京都板橋区板橋1-10-14,03-5944-2790,03-5944-2790,03-5943-2931,http://rehabili-youko.com/,平日,,,,,,,,,,,,
1005,板橋区,○,○,営利法人,1,1,独立系,8030001073191,株式会社日本ケアーシステム,,,居宅介護支援事業所　ケアプラン　リライフ,1371910249,東京都板橋区成増3-2-13池田ハイツ202,03-6915-6654,03-6915-6654,03-6915-6657,,"平日,土曜日",,,,,,,,,,,,
1006,板橋区,○,○,営利法人,1,1,独立系,5011401016109,株式会社福ぶくろ,,,株式会社　福ぶくろ　介護のたくみ,1371907880,東京都板橋区上板橋2-30-2,03-6906-4182,03-6906-4182,03-6906-4183,http://www.fukubukuro-takumi.com/,平日,,,,,,,,,,,,
1007,板橋区,○,○,営利法人,1,1,独立系,2011401015492,株式会社諏訪,,,ヘルパーステーションスワ,1371907344,東京都板橋区双葉町４１－１２,03-3962-5994,03-3962-5994,03-5944-1371,,"平日,土曜日",,,,,,,,,,,,
1008,板橋区,○,○,営利法人,1,1,独立系,5010501046924,株式会社ＣＡＮＯＷＬＩＦＥ,,,ケアプラン　カラフル,1371912476,東京都板橋区板橋4-38-5パインコート201,03−4400-0437,03-4400-0437,03−6800-3400,https://colorful-kango.com/kyotakukaigoshien,平日,,,,,,,,,,,,
1009,板橋区,○,○,営利法人,1,1,独立系,2011401015765,株式会社ＭＯＲＥ,,,ケアサポート・モア　板橋,1371907674,東京都板橋区蓮根3-4-7リブリ・MORE2nd　1階,03-5916-8381,03-5916-8381,03-5948-7892,https://www.more-kaigo.com/,"平日,祝日",,,,,,,,,,,,
1010,板橋区,○,○,営利法人,1,1,独立系,4011401025572,株式会社ＳＫＩＰ,,,すきっぷのケアマネ,1371912781,東京都板橋区成増1-28-15林屋ビル907号室,03-6904-1894,03-6904-1894,03-6904-1627,https://www.skip-hns.info,"平日,土曜日",,,,,,,,,,,,
1022,板橋区,○,○,営利法人,1,1,独立系,7011401017625,花咲くホーム株式会社,,,居宅介護支援　ハピネス,1371909134,東京都板橋区板橋1-43-6宝ビル7Ｆ,03-6794-5663,03-6794-5663,03-6794-5669,http://hanasakuhappiness.jimdo.com/,平日,,,,,,,,,,,,
1023,板橋区,○,○,営利法人,1,1,独立系,5011401016570,Ａ＆Ｋ株式会社,,,Ａ＆Ｋケアプランニング,1371909126,東京都板橋区蓮根1-17-5,03-5948-7207,03-5948-7207,03-5918-8904,http://ak-community.com/,"平日,祝日",,,,,,,,,,,,
1025,板橋区,○,○,営利法人,1,1,独立系,6011403002502,Ｆｕｓｈａ　Ｃｏｎｓｕｌｔｉｎｇ合同会社,,,ケアステーション・クリップス,1371912542,東京都板橋区赤塚新町3-20-9,05036375812,05036375812,0368246481,https://clupsgoupr.jp,平日,,,,,,,,,,,,
1027,板橋区,○,○,営利法人,1,1,独立系,8011403002590,ｓｔｅｌｌａ８３株式会社,,,Ｌａｓｔｅｌｌａ居宅介護支援事業所,1371912377,東京都板橋区常盤台1－52－3STELLASときわ台３階,03-5926-7951,03-5926-7951,03-5944-2604,,"平日,土曜日",,,,,,,,,,,,
1028,板橋区,○,○,営利法人,1,1,独立系,5290002032033,ﾒﾃﾞｨｶﾙﾗｲﾅｰｽﾞ有限会社,,,MLケアプランセンター板橋,1371912062,東京都板橋区蓮根2-31-7プラザホワイトベアー101B,03-5918-8032,03-5918-8032,03-6454-9251,https://m-houkan.com/,平日,,,,,,,,,,,,
1029,江戸川区,○,○,営利法人,1,1,独立系,2011701019805,clueファクトリー株式会社,,,ケアルート,1372308864,東京都江戸川区東小松川2-17-16ｻﾝﾊｲﾂ101,03-6886-9086,03-6886-9086,03-6886-9086,,"平日,土曜日",,,,,,,,,,,,
1030,江戸川区,○,○,営利法人,1,1,独立系,4011703002699,はる合同会社,,,はる介護サービス,1372310472,東京都江戸川区篠崎町1-15-141F,03-6638-8391,03-6638-8391,03-6638-8392,https://haru-kaigo.sub.jp/,平日,,,,,,,,,,,,
1031,江戸川区,○,○,営利法人,1,1,独立系,6011701015445,ひなたぼっこ株式会社,,,ひなたぼっこ居宅介護ステーション,1372306009,東京都江戸川区東小岩5-4-15大山ビル1階,03-6657-8338,03-6657-8338,03-6657-8327,,平日,,,,,,,,,,,,
1032,江戸川区,○,○,営利法人,1,1,独立系,1011701023122,アスカライジング株式会社,,,いきいきサポートケアプランⅡ,1372310217,東京都江戸川区南小岩7-40-29レジデンス幸101,03-6806-9425,03-6806-9425,03-6806-9426,,平日,,,,,,,,,,,,
1034,江戸川区,○,○,営利法人,1,1,独立系,5011701011239,グランディ・ホーム株式会社,,,サンクスケア,1372303543,東京都江戸川区中央3-7-131階,03-3656-8841,03-3656-8841,03-3656-8840,,平日,,,,,,,,,,,,
1040,江戸川区,○,○,営利法人,1,1,独立系,3011701012222,メディカルバイオコーポレーション株式会社,,,かなで,1372307544,東京都江戸川区松島3-41-10201,03-5661-7567,03-5661-7567,03-5661-7568,,平日,,,,,,,,,,,,
1041,江戸川区,○,○,営利法人,1,1,独立系,1011701009996,ライフアンドケア株式会社,,,いきいき介護サービス,1372302933,東京都江戸川区中葛西7-17-19リラ・ポルト1F,03-5679-6321,03-5679-6321,03-5679-6322,,平日,,,,,,,,,,,,
1053,江戸川区,○,○,営利法人,1,1,独立系,7011703002770,合同会社K.Iワールド,,,けいあいライフ,1372310548,東京都江戸川区江戸川５丁目２１－１クロス江戸川２０５,070-3275-8027,070-3275-8027,03-6740-1343,,平日,,,,,,,,,,,,
1054,江戸川区,○,○,営利法人,1,1,独立系,2011703001595,合同会社　ケア　赤とんぼ,,,ケア赤とんぼ,1372308922,東京都江戸川区東小岩５丁目１６番６号ライトハイツ　２階,０３－６８０１－７００６,03-6801-7006,０３－６８０１－７１４１,,平日,,,,,,,,,,,,
1055,江戸川区,○,○,営利法人,1,1,独立系,1011703003064,合同会社　マイラシク,,,らいくゆうケア,1372310910,東京都江戸川区北篠崎1-8-5,03-6638-9242,03-6638-9242,03-6638-9243,https://www.myrashiku.com,平日,,,,,,,,,,,,
1057,江戸川区,○,○,営利法人,1,1,独立系,5011703001196,合同会社あんじゅ,,,ケア　あんじゅ,1372308245,東京都江戸川区大杉5-20-1,03-6795-9937,03-6795-9937,03-6795-9938,https://www.care-anju.jp,平日,,,,,,,,,,,,
1058,江戸川区,○,○,営利法人,1,1,独立系,9011703003817,合同会社えだまめ,,,えだまめケアプラン,1372311348,東京都江戸川区南篠崎町2-34-15G・FⅡ105,050-1721-7588,050-1721-7588,050-3385-1661,https://note.com/edamamecareplan/n/n81d376375771,平日,,,,,,,,,,,,
1059,江戸川区,○,○,営利法人,1,1,独立系,5011703000801,合同会社くじら介護,,,くじら介護サービス,1372305811,東京都江戸川区北小岩４－３１ー１４,03-6310-0024,03-6310-0024,03-6676-5877,http://www2.hp-ez.com/hp/kujirakaigo/page1,平日,,,,,,,,,,,,
1060,江戸川区,○,○,営利法人,1,1,独立系,2011703001091,合同会社こといち,,,こといち居宅介護支援事業所,1372307650,東京都江戸川区小松川一丁目５番２号トニワンショッピングセンター１階,03-6807-0071,03-6807-0071,03-6807-0072,,平日,,,,,,,,,,,,
1062,江戸川区,○,○,営利法人,1,1,独立系,4011703002476,合同会社エール,,,エール,1372310209,東京都江戸川区中葛西3-26-6セントラルコーポ303,03-5878-0902,03-5878-0902,03-5878-0903,,平日,,,,,,,,,,,,
1063,江戸川区,○,○,営利法人,1,1,独立系,7011703003983,合同会社サンタ,,,篠崎介護支援センターサンタ,1372311397,東京都江戸川区篠崎町1-37-27ドミールマツ201,03-6638-6905,03-6638-6905,03-6638-6906,https://santa-kaigo.com/,平日,,,,,,,,,,,,
1064,江戸川区,○,○,営利法人,1,1,独立系,2011703001265,合同会社シンシアケア,,,シンシアケア　介護相談室,1372308377,東京都江戸川区中葛西7-9-21カーサ・クレールⅥ101号,050-3138-4890,050-3138-4890,050-3737-2095,,平日,,,,,,,,,,,,
1065,江戸川区,○,○,営利法人,1,1,独立系,2011703001827,合同会社ポピー,,,居宅介護支援事業所ポピー,1372309235,東京都江戸川区西瑞江五丁目7番地35,03-3869-6920,03-3869-6920,03-4296-7346,,平日,,,,,,,,,,,,
1066,江戸川区,○,○,営利法人,1,1,独立系,6011703000841,合同会社楓,,,居宅介護支援事業所　楓,1372306058,東京都江戸川区一之江5-22-4,03-5879-9540,03-5879-9540,03-5879-9548,,平日,,,,,,,,,,,,
1067,江戸川区,○,○,営利法人,1,1,独立系,6011703002350,合同会社莉安,,,リアンケアプラニング,1372310001,東京都江戸川区平井3-23-5桜コーポ３０１号室,03-5875-4153,03-5875-4153,03-5875-4154,https://www.liencare.net/,平日,,,,,,,,,,,,
1068,江戸川区,○,○,営利法人,1,1,独立系,9011703000855,合同会社蜂輪,,,蜂輪,1372306272,東京都江戸川区中葛西2-7-12LuxurySUNLAKE108号室,03-6808-4814,03-6808-4814,03-6808-4815,,平日,,,,,,,,,,,,
1070,江戸川区,○,○,営利法人,1,1,施設併設,6011703001113,合同会社Ｇｒｏｗ,,,船堀ホームナースにじ居宅支援,1372309144,東京都江戸川区一之江8-8-2Qスクエア1F,03-5878-1035,03-5878-1035,03-5878-1036,http://niji-grow.com/,平日,,,,,,,,,,,,
1071,江戸川区,○,○,営利法人,1,1,独立系,1011703001828,合同会社ｈａｎａｌｅａ,,,ここはなケア瑞江,1372309268,東京都江戸川区東瑞江1-27-5メゾンドコスモ602,03-6638-9155,03-6638-9155,03-6638-9156,,"平日,祝日",,,,,,,,,,,,
1074,江戸川区,○,○,営利法人,1,1,独立系,8040002026932,有限会社　ベアーヴァレイ,,,アイシェアー船堀,1372302925,東京都江戸川区船堀2-18-7グランビュー船堀　101号室,03-5878-3188,03-5878-3188,03-5878-3189,http://www.bearvalley.co.jp,平日,,,,,,,,,,,,
1075,江戸川区,○,○,営利法人,1,1,独立系,1011702014995,有限会社　菜の花江戸川,,,有限会社　菜の花江戸川,1372302362,東京都江戸川区南小岩３－１９－２メゾン南小岩Ⅱ　１０１号室,03-5622-0036,03-5622-0036,03-5622-0213,,平日,,,,,,,,,,,,
1076,江戸川区,○,○,営利法人,1,1,独立系,5011702015420,有限会社　虹の丘ケアセンタ－,,,虹の丘ケアセンター,1372305258,東京都江戸川区西葛西4-2-47西葛西スカイハイツ902号室,03-3686-0897,03-3686-0897,03-3686-0973,,平日,,,,,,,,,,,,
1077,江戸川区,○,○,営利法人,1,1,独立系,6011702016013,有限会社あやめケア,,,あやめ介護センター,1372303089,東京都江戸川区南小岩7-40-29レジデンス幸103,03-5889-6455,03-5889-6455,03-5889-6450,https://ayamekaigo.com/,平日,,,,,,,,,,,,
1079,江戸川区,○,○,営利法人,1,1,独立系,3011702015364,有限会社トロールケアサービス,,,トロールケアサービス,1372303147,東京都江戸川区北小岩５-1-9,03-5612-1306,03-5612-1306,03-5612-1308,,平日,,,,,,,,,,,,
1080,江戸川区,○,○,営利法人,1,1,独立系,3011702014622,有限会社ニコニコファミリーケア,,,ニコニコファミリーケア,1372301984,東京都江戸川区大杉4－7－1,03-6231-5900,03-6231-5900,03-3654-2477,http://www.niconico-familycare.jp/,平日,,,,,,,,,,,,
1081,江戸川区,○,○,営利法人,1,1,独立系,3011702013649,有限会社ピースアイランド,,,ピースアイランド,1372301539,東京都江戸川区平井7丁目10番8号,03-5631-9163,03-5631-9163,03-5631-9164,http://www.peaceisland.jp,平日,,,,,,,,,,,,
1084,江戸川区,○,○,営利法人,1,1,独立系,5011702014876,有限会社大千,,,あおぞら介護サービス,1372302222,東京都江戸川区船堀６－１１－９,03-5878-3033,03-5878-3033,03-5878-3034,http://www.daisen-aozora.com,"平日,土曜日",,,,,,,,,,,,
1086,江戸川区,○,○,営利法人,1,1,独立系,4011701025636,株式会社Reむすびケア,,,Reむすびケア,1372310993,東京都江戸川区平井4-13-13内藤ビル101号室,03-6772-8878,03-6772-8878,03-6634-5595,https://www.re-musubi-care.co.jp/,"平日,祝日",,,,,,,,,,,,
1087,江戸川区,○,○,営利法人,1,1,独立系,4011701618210,株式会社　いわいだ介護相談室,,,いわいだ介護相談室,1372307999,東京都江戸川区南葛西２－６－５グレイスアウル102,03-6808-5115,03-6808-5115,03-6808-0054,,平日,,,,,,,,,,,,
1088,江戸川区,○,○,営利法人,1,1,独立系,6011701024586,株式会社　くくる,,,くくるケアプランセンター,1372310738,東京都江戸川区南小岩7-26-21ペガサスステーションプラザ小岩611号,03-5876-7899,03-5876-7899,03-5876-7898,,平日,,,,,,,,,,,,
1091,江戸川区,○,○,営利法人,1,1,独立系,7011701001089,株式会社　ウメザワ,,,東京ケア,1372302644,東京都江戸川区鹿骨3-18-8,03-5666-5678,03-5666-5678,03-5666-5677,http://www.ume-care.com/,"平日,土曜日",,,,,,,,,,,,
1096,江戸川区,○,○,営利法人,1,1,独立系,8011701001204,株式会社　永仁サービス,,,永仁サービスケアプラン,1372300010,東京都江戸川区平井４－１－１９,03-3683-4441,03-3683-4441,03-3683-4443,http://www.eijin-service.co.jp,"平日,土曜日,日曜日,祝日",,,,,,,,,,,,
1097,江戸川区,○,○,営利法人,1,1,独立系,2011701023815,株式会社　黄金木,,,ゆずハウス,1372310480,東京都江戸川区篠崎町1-21-7,03-6671-1794,03-6671-1794,03-6671-1794,,平日,,,,,,,,,,,,
1098,江戸川区,○,○,営利法人,1,1,独立系,1011701017099,株式会社つぐみ,,,介護支援つぐみ,1372310159,東京都江戸川区清新町2-2-20-111バウス西葛西清新町,03-6456-0972,03-6456-0972,03-6456-0973,http://houkantsugumi.com,平日,,,,,,,,,,,,
1099,江戸川区,○,○,営利法人,1,1,独立系,5011701014217,株式会社でこぽん,,,でこぽん,1372305340,東京都江戸川区北小岩１－１０－１サンライズII－１０３,03-5612-4451,03-5612-4451,03-5612-4453,http://care-net.biz/13/decopon/,平日,,,,,,,,,,,,
1100,江戸川区,○,,営利法人,1,2,独立系,6011701022961,株式会社ともいきケア,,,ともいきケア一之江,1372310043,東京都江戸川区一之江7-66-1イーストイン1階,03-5662-4479,03-5662-4479,03-5662-4494,http://tomoikicare.com/,平日,,,,,,,,,,,,
1101,江戸川区,○,○,営利法人,1,1,独立系,7011701007664,株式会社みなみ,,,株式会社みなみ北葛西ケアセンター,1372308989,東京都江戸川区北葛西2-23-14(株)みなみ北葛西ケアセンター,03-6808-2373,03-6808-2373,03-6808-2280,http://minamicare.co.jp,"平日,土曜日,祝日",,,,,,,,,,,,
1103,江戸川区,○,○,営利法人,1,1,独立系,1011701014170,株式会社アリス,,,アリス・ケア,1372305324,東京都江戸川区南篠崎町５－２－５,03-6231-8735,03-6231-8735,03-6231-8736,,平日,,,,,,,,,,,,
1105,江戸川区,○,,営利法人,1,3,独立系,4010001128661,株式会社ケアエクスプレス都葦,,,居宅介護支援事業所くによし,1372311090,東京都江戸川区宇喜田町1311-1ファミール宇喜田101号室,03-6808-2261,03-6808-2261,03-6808-2265,https://www.ce-kuniyoshi.com/office/edogawa.html,"平日,祝日",,,,,,,,,,,,
1108,江戸川区,○,○,営利法人,1,1,独立系,2011701015416,株式会社ケアフィールド,,,ケアフィールド　本一色,1372305944,東京都江戸川区本一色1-20-7,03-5879-2600,03-5879-2600,03-5879-2601,https://www.carefield-heart.com,平日,,,,,,,,,,,,
1109,江戸川区,○,○,営利法人,1,1,独立系,6011701016988,株式会社ケアフリー,,,ケアフリー介護相談室　指定居宅介護支援事業所,1372306900,東京都江戸川区松本2-39-4,03-5879-3892,03-5879-3892,03-5879-3893,,平日,,,,,,,,,,,,
1112,江戸川区,○,○,営利法人,1,1,独立系,4011701025512,株式会社ケア・プアメリア,,,ケア・プアメリア,1372310977,東京都江戸川区東小岩4-12-7,03-3650-0165,03-3650-0165,03-6767-9220,,平日,,,,,,,,,,,,
1114,江戸川区,○,○,営利法人,1,1,独立系,8011701014370,株式会社コメット,,,にじいろ介護,1372305415,東京都江戸川区中央４－２５－１６石井ビル２階,03-5879-3712,03-5879-3712,03-5879-3713,http://nijiiro-kaigo.jp,平日,,,,,,,,,,,,
1115,江戸川区,○,○,営利法人,1,1,独立系,7011701014347,株式会社スクーデリア,,,わだつみケアサービス,1372305381,東京都江戸川区瑞江2-22-5グリーンハウス下鎌田１F‐D室,03-5243-9202,03-5243-9202,03-5243-9203,https://wadatsumi-s.com,平日,,,,,,,,,,,,
1117,江戸川区,○,○,営利法人,1,1,独立系,8011702008999,株式会社ノイエ,,,株式会社ノイエすみれケアセンター,1372300820,東京都江戸川区中葛西８ー23－5第2宇田川ﾋﾞﾙ204,03-5679-1780,03-5679-1780,03-5679-1788,http://www.noie-sumire.com,平日,,,,,,,,,,,,
1118,江戸川区,○,○,営利法人,1,1,独立系,4013301041955,株式会社フィジテック,,,介護相談室　すずらん,1372311363,東京都　江戸川区　西小岩　1-29-12リッジタピオラ　302号,03-4500-4499,03-4500-4499,03-5876-7260,,平日,,,,,,,,,,,,
1119,江戸川区,○,○,営利法人,1,1,独立系,3011701014656,株式会社フラワー居宅介護支援事業所,,,株式会社フラワ－居宅介護支援事業所,1372305571,東京都江戸川区平井1-9-6　T@K第一ビル201T＆K第一ビル201,03-5609-5517,03-5609-5517,03-5875-5636,,平日,,,,,,,,,,,,
1120,江戸川区,○,○,営利法人,1,1,独立系,5011701016213,株式会社ブルースカイ,,,ふじたか居宅介護支援事業所,1372311611,東京都江戸川区南小岩3-10-15,03ｰ6657ｰ8633,03-6657-8633,03ｰ6657ｰ8633,,平日,,,,,,,,,,,,
1122,江戸川区,○,○,営利法人,1,1,独立系,2011501019071,株式会社マネージメントオフィス金子,,,にっこりサービス,1372307379,東京都江戸川区北小岩6-15-10リエス京成小岩駅前202号室,03-6231-8211,03-6231-8211,03-6231-8214,https://www.nikoriservice.com,平日,,,,,,,,,,,,
1126,江戸川区,○,○,営利法人,1,1,施設併設,8011701021516,株式会社ミヤマホームケア,,,株式会社ミヤマホームケア指定居宅支援事業所,1372309425,東京都江戸川区東小松川1-9-20,03-5661-6272,03-5661-6272,03-3652-8399,http://miyama-hc.com/,平日,,,,,,,,,,,,
1127,江戸川区,○,○,営利法人,1,1,独立系,9040001059701,株式会社ライフアシスト,,,ソレイユ居宅介護支援事業所,1372306819,東京都江戸川区一之江3-16-23,03-3652-4389,03-3652-4389,03-5879-6835,http://www.life-as.com,平日,,,,,,,,,,,,
1130,江戸川区,○,,営利法人,1,8,独立系,4430001081967,株式会社リビングプラットフォームケア,,,ライブラリ葛西　居宅介護支援事業所,1372308930,東京都江戸川区中葛西６－１７－９クローバーメディカルビル４階,０３－３８６９－０９６８,03-3869-0968,０３－３８６９－２９６８,http://www.living-platform.com,"平日,祝日",,,,,,,,,,,,
1131,江戸川区,○,○,営利法人,1,1,独立系,8011701013802,株式会社三田カンパニー,,,うさぎの和,1372305134,東京都江戸川区中央4-16-3CORE・K2　101,03-5879-3803,03-5879-3803,03-5879-3813,http://hp.kaipoke.biz/rvy/,平日,,,,,,,,,,,,
1132,江戸川区,○,○,営利法人,1,1,独立系,5010601037138,株式会社五幸トータルサービス,,,五幸ケアサービス,1372309771,東京都江戸川区平井4-9-9板垣ビル2階,03-3638-6654,03-3638-6654,03-3638-6656,http://www.gokou-totalservice.co.jp,平日,,,,,,,,,,,,
1133,江戸川区,○,,営利法人,1,2,独立系,6040001024105,株式会社介護屋宮﨑,,,介護屋　みらい,1372306710,東京都江戸川区西小岩４－２－１１浩三Ⅱ１０１,０３－６６５７－９１１７,03-6657-9117,０３－６６５７－９０７０,http://kaigoyamirai.com/,平日,,,,,,,,,,,,
1134,江戸川区,○,○,営利法人,1,1,独立系,9011701012893,株式会社仙寿,,,指定居宅介護支援事業所　せんじゅ,1372307213,東京都江戸川区北小岩8-21-6仙寿庵206号室,03-6458-9061,03-6458-9061,03-6458-9072,https://senju-ann.com/,平日,,,,,,,,,,,,
1137,江戸川区,○,○,営利法人,1,1,独立系,9011701026480,株式会社悠惺,,,悠惺介護福祉相談室,1372311173,東京都江戸川区大杉５丁目32-12カインドコート406,03-6231-4484,03-6231-4484,03-6730-2908,,平日,,,,,,,,,,,,
1138,江戸川区,○,○,営利法人,1,1,独立系,2011703001083,株式会社撫子,,,なでしこプランセンタ―,1372307676,東京都江戸川区南小岩2-8-2南小岩スタービル,０３－５８７６－８２２８,03-5876-8228,０３－５８７６－８２２９,https://nadeshiko-care-plan.jp,平日,,,,,,,,,,,,
1139,江戸川区,○,○,営利法人,1,1,独立系,6010601005580,株式会社日本サービスセンター,,,あっぷるケアプラン江戸川,1372301471,東京都　江戸川区　東葛西　五丁目　14番　6号カサイNSビル705号室,03-5676-8221,03-5676-8221,03-5676-8752,,平日,,,,,,,,,,,,
1140,江戸川区,○,○,営利法人,1,1,独立系,5011701020140,株式会社桔梗,,,ケアセンターききょう,1372308856,東京都江戸川区新堀1-38-10301,03-6638-7666,03-6638-7666,03-6638-7404,,"平日,土曜日",,,,,,,,,,,,
1141,江戸川区,○,○,営利法人,1,1,独立系,4011701013319,株式会社茶の子サービス,,,お茶の間ケアプラン,1372311637,東京都江戸川区北小岩2-25-17,03-5612-1142,03-5612-1142,03-5612-1143,https://www.tyanokoservice.com/cont1/main.html,平日,,,,,,,,,,,,
1142,江戸川区,○,○,営利法人,1,1,独立系,5011801026665,株式会社銀のサービス,,,梅の花けあ,1372311223,東京都江戸川区江戸川1-29-22,03-5664-6401,03-5664-6401,03-5664-6402,,平日,,,,,,,,,,,,
1143,江戸川区,○,○,営利法人,1,1,施設併設,2011701013007,株式会社陽明,,,居宅介護支援事業所ほっとホーム,1372304889,東京都江戸川区下篠崎町9-12,03-5879-8221,03-5879-8221,03-5879-8222,http://youmei-home.jp,平日,,,,,,,,,,,,
1144,江戸川区,○,○,営利法人,1,1,独立系,5011401020184,株式会社ＣＯＵＺＥ,,,居宅介護支援事業所　ゆう,1372309789,東京都江戸川区東葛西5-53-4アミティエ東葛西101,03-6240-5113,03-6240-5113,03-6240-5114,,平日,,,,,,,,,,,,
1145,江戸川区,○,○,営利法人,1,1,独立系,2011701018071,株式会社Ｈｅａｒｔ＆ｈｅａｒｔ,,,ゆたか福祉サ－ビス,1372307833,東京都江戸川区江戸川3-17,03-5879-6973,03-5879-6973,03-5879-6983,https://heart-yutaka.com,平日,,,,,,,,,,,,
1146,江戸川区,○,○,営利法人,1,1,独立系,1180301036022,株式会社Ｎ３Ｃ,,,パークケアえがお,1372311421,東京都江戸川区西小岩3-34-12ペルナ西小岩303,03-5876-7845,03-5876-7845,03-5876-7846,,"平日,土曜日",,,,,,,,,,,,
1147,江戸川区,○,○,営利法人,1,1,独立系,7011701019817,株式会社ＮＫムソー,,,かんな居宅介護支援事業所,1372308799,東京都江戸川区松島４－２４－１１,03-6231-5204,03-6231-5204,03-6231-5205,http://www.nkmuso.com,平日,,,,,,,,,,,,
1148,江戸川区,○,○,営利法人,1,1,独立系,5011701023523,株式会社ＮＯＺＡＫＩ,,,指定居宅介護支援事業所相談処江戸川,1372310308,東京都江戸川区南小岩2-1-5第２ミユキコーポ102,03-5876-7605,03-5876-7605,03-5876-7606,,平日,,,,,,,,,,,,
1149,江戸川区,○,○,営利法人,1,1,独立系,4011701024514,株式会社Ｗａｒｍ　ｒｅｌａｔｉｏｎｓｈｉｐ,,,ぺこら居宅介護支援事業所,1372311561,東京都江戸川区北葛西2-11-37KKRESIDENCE101,03-6821-2270,03-6821-2270,03-6740-1744,https://pecora.top/,平日,,,,,,,,,,,,
1150,江戸川区,○,○,営利法人,1,1,独立系,4011801034140,株式会社ｅ－ｓｏｌａ,,,ウェルネス・サポートえそら,1372310118,東京都江戸川区北小岩3-13-10アズ小岩レジデンス2F,03-5876-7256,03-5876-7256,03-5876-7356,https://e-sola.co.jp,"平日,祝日",,,,,,,,,,,,
1151,江戸川区,○,○,営利法人,1,1,独立系,6011703000957,楓合同会社,,,1丁目の広場居宅介護支援事業所,1372310613,東京都江戸川区篠崎町1-16-20,03-5879-7754,03-5879-7754,03-5879-7756,,平日,,,,,,,,,,,,
1171,江戸川区,○,○,営利法人,1,1,独立系,7010901027885,野口株式会社,,,野口株式会社　ハーティケア　江戸川,1372308575,東京都江戸川区松江7-3-7,03-5879-9720,03-5879-9720,03-5879-9730,http://www.noguchi-net.co.jp/,平日,,,,,,,,,,,,
1173,江戸川区,○,○,営利法人,1,1,独立系,4040001100601,Ｓｍｉｌｅｙ株式会社,,,スマイリー居宅介護支援事業所,1372311264,東京都江戸川区船堀2-15-17ドウエル船堀202,03-6825-2821,03-6825-2821,03-6369-3066,http://www.smiley-homecare.com/,平日,,,,,,,,,,,,
1174,江東区,○,○,営利法人,1,1,独立系,1010601042686,Body　Pioneer株式会社,,,BPケアプランセンター,1370806687,東京都江東区深川1-3-11パークフロントビル８階,03-6458-5870,03-6458-5870,03-6458-5398,http://www.bodypioneer.net,平日,,,,,,,,,,,,
1175,江東区,○,○,営利法人,1,1,独立系,9010601046060,wecare株式会社,,,wecare株式会社,1370806232,東京都江東区大島3-27-20マスダビル1F,03-5858-9347,03-5858-9347,050-1270-4516,https://www.wecare-senior.com/testwe/,平日,,,,,,,,,,,,
1176,江東区,○,○,営利法人,1,1,独立系,7010603004761,こころ株式会社,,,こころ介護サービス,1370804518,東京都江東区潮見１-２７-２金山ビル２０１,03-5857-6100,03-5857-6100,03-5857-6101,http://hp.kaipoke.biz/vxw/,平日,,,,,,,,,,,,
1177,江東区,○,○,営利法人,1,1,独立系,7010601068338,アリエ祐起元株式会社,,,ほっとスマイルCare,1370806505,東京都江東区千石一丁目１２番５号三進倉庫2階,050-5491-7298,050-5491-7298,050-3153-1249,,平日,,,,,,,,,,,,
1178,江東区,○,○,営利法人,1,1,独立系,7010601051681,エールコンサルティング株式会社,,,エール介護事業所,1370806091,東京都江東区東陽６丁目３番２７-階豊住コーポ,03-6666-8377,03-6666-8377,03-6666-5279,,平日,,,,,,,,,,,,
1179,江東区,○,○,営利法人,1,1,独立系,5010601050784,グッドワン株式会社,,,グッドワン,1370805945,東京都江東区住吉1丁目14番10号,03-6284-0413,03-6284-0413,03-6659-2244,https://goodone-kaigo.com,"平日,土曜日,祝日",,,,,,,,,,,,
1183,江東区,○,○,営利法人,1,1,独立系,7010601060311,フォービスライフ株式会社,,,フォービスライフ江東,1370800094,東京都江東区海辺23-15,03-6666-8330,03-6666-8330,03-6666-6830,https://cs-forvice.com/,平日,,,,,,,,,,,,
1187,江東区,○,○,営利法人,1,1,独立系,4010603004962,合同会社　瑞穗,,,アリカケアサービス,1370804856,東京都江東区北砂2-1-32,03-6458-7641,03-6458-7641,03-6458-7642,http://www.arikacare.co.jp/,平日,,,,,,,,,,,,
1188,江東区,○,○,営利法人,1,1,独立系,3040003022357,合同会社コネクトハーツ,,,合同会社コネクトハーツ　ケアプランセンター栞,1370806976,東京都江東区大島1‐34‐14ハイツ西大島502号,03‐5858‐8380,03-5858-8380,03‐5858‐8379,,平日,,,,,,,,,,,,
1189,江東区,○,○,営利法人,1,1,独立系,9012403006440,合同会社桜梅桃李,,,ケアプラン彩,1370807081,東京都江東区亀戸5丁目36番地2号ライオンズマンション亀戸5丁目102号,03-6807-0226,03-6807-0226,03-6807-0227,https://www.oubai-touri.jp/,"平日,土曜日",,,,,,,,,,,,
1190,江東区,○,○,営利法人,1,1,独立系,3040003022745,合同会社ｂｅｅ,,,ケアマネオフィスVESPA,1370807008,東京都江東区東陽5-18-5平野ビル403,070-1241-3508,070-1241-3508,050-3852-3438,,平日,,,,,,,,,,,,
1191,江東区,○,○,営利法人,1,1,独立系,1010602032050,有限会社　APケア,,,あっぷる　ケアプラン,1370802983,東京都江東区　亀戸　一丁目4３番9号コープ野村　１階,03-5609-8038,03-5609-8038,03-3636-3911,http://www.well-life.co.jp,平日,,,,,,,,,,,,
1192,江東区,○,○,営利法人,1,1,独立系,9010602025897,有限会社サン介護センター,,,有限会社サン介護センター,1370800045,東京都江東区東砂一丁目６番５号,03-5617-3955,03-5617-3955,03-3644-6755,http://www.sankaigo.co.jp,"平日,土曜日",,,,,,,,,,,,
1193,江東区,○,○,営利法人,1,1,独立系,4010602004360,有限会社タカヤマ,,,城東介護センタータカヤマ,1370800540,東京都江東区北砂3-23-9(治兵衛稲荷神社前･ｵｰﾄﾓﾝﾀｰﾆﾕ1階),03-3645-0985,03-3645-0985,03-3645-1064,,"平日,土曜日",,,,,,,,,,,,
1194,江東区,○,○,営利法人,1,1,独立系,5010602032006,有限会社トータルケアサポート・わかば,,,わかば・介護ステーション,1370803023,東京都江東区大島4-1-2109,03-5628-1167,03-5628-1167,03-5628-1166,http://www.tc-wakaba.com/,平日,,,,,,,,,,,,
1195,江東区,○,○,営利法人,1,1,薬局併設,5010602007429,有限会社ヒロ薬品,,,ヒロ薬局介護サービス,1370800037,東京都江東区千田22-4丸千ビル　１階,03-3645-5101,03-3645-5101,03-3645-5147,http://www.hiroyaku.co.jp,"平日,土曜日",,,,,,,,,,,,
1196,江東区,○,○,営利法人,1,1,独立系,3010602027107,有限会社ライフレッシュ,,,ライフレッシュケア・江東,1372301158,東京都江東区千田6-1,03-5677-5075,03-5677-5075,03-3699-0828,http://www.lifresh-care.jp/,"平日,土曜日",,,,,,,,,,,,
1200,江東区,○,○,営利法人,1,1,独立系,1010601027836,株式会社　フジナミ,,,フジナミケア・手と手,1370801142,東京都江東区東陽５－３１－２２,03-5653-2611,03-5653-2611,03-5653-2612,,平日,,,,,,,,,,,,
1202,江東区,○,○,営利法人,1,1,独立系,8010601038133,株式会社いずみ,,,ケアプランいずみ,1370803981,"東京都江東区亀戸5-37-5201,202",03-3683-7673,03-3683-7673,03-5875-5673,https://www.careplan-izumi.com,"平日,土曜日",,,,,,,,,,,,
1203,江東区,○,○,営利法人,1,1,独立系,2010601045184,株式会社おひさまケア,,,おひさまケア,1370805085,東京都江東区大島７－４－１５コーポサニー五十嵐１０１,０３－５８７５－３５７１,03-5875-3571,０３－５８７５－３５７２,https://www.ohisamacare.jp/,平日,,,,,,,,,,,,
1204,江東区,○,○,営利法人,1,1,独立系,2010603004519,株式会社こだま,,,ケアステーションいちばん星,1370805366,東京都江東区森下２丁目１７番７号さくらマンション２A,03-6659-9448,03-6659-9448,03-6659-9458,http://www.ichibanboshi-care.com/,平日,,,,,,,,,,,,
1205,江東区,○,○,営利法人,1,1,独立系,3010602028583,株式会社すこやか,,,すこやかプラン,1370801332,東京都江東区北砂５丁目20番11101号,03-5665-3020,03-5665-3020,03-6810-5212,http://www.sukoyaka-home.com/,"平日,土曜日,祝日",,,,,,,,,,,,
1206,江東区,○,○,営利法人,1,1,独立系,9010601033447,株式会社はな,,,はなケアセンター,1370803353,東京都江東区大島5-47-13104,03-5836-6275,03-5836-6275,03-5836-6276,http://hanagroup.jp/carecenter/,"平日,祝日",,,,,,,,,,,,
1207,江東区,○,○,営利法人,1,1,独立系,3010603004443,株式会社みのり,,,みのり,1370804138,東京都江東区亀戸2-6-1112,03-5875-2322,03-5875-2322,03-3683-6235,http://www.minori-kaigo.jp,平日,,,,,,,,,,,,
1208,江東区,○,○,営利法人,1,1,独立系,2010601027752,株式会社アンシンケアサービス,,,アンシンケアサービス　東陽,1370800482,東京都江東区東陽5-26-15,03-4400-1161,03-4400-1161,03-4400-1171,https://www.anshin.care,平日,,,,,,,,,,,,
1209,江東区,○,○,営利法人,1,1,独立系,7010601001067,株式会社エスパーズ・プランニング,,,株式会社エスパーズプランニング,1370801175,東京都江東区牡丹3丁目3番6号,03-3641-5500,03-3641-5500,03-3641-5598,,"平日,土曜日,祝日",,,,,,,,,,,,
1210,江東区,○,○,営利法人,1,1,独立系,8010601031856,株式会社エヌ・ジー・ユー,,,純ケアサービス,1370802488,東京都江東区木場６－１２－５５０２,03-5665-2221,03-5665-2221,03-3644-4561,,"平日,土曜日",,,,,,,,,,,,
1211,江東区,○,○,営利法人,1,1,独立系,7011601020008,株式会社オハナ・ケア,,,オハナ・ケアサービス江東（居宅介護支援）,1370807099,東京都江東区東陽５－２５－１０いづみコーポ１１４号,03-6666-5447,03-6666-5447,03-6666-5226,https://www.ohanacare.co.jp/,平日,,,,,,,,,,,,
1212,江東区,○,○,営利法人,1,1,独立系,9010601058576,株式会社カインドハート,,,カインドハート居宅介護支援事業所,1370806513,東京都江東区大島5丁目44番6号ライオンズマンション大島313号,03-5875-2580,03-5875-2580,03-5875-2585,https://www.kind-heart.org,平日,,,,,,,,,,,,
1220,江東区,○,,営利法人,1,2,独立系,7040001030622,株式会社シルバーウッド,,,ケアプラン銀木犀　東砂,1370805663,東京都江東区東砂4-18-1,03-6666-0933,03-6666-0933,03-6666-0934,http://ginmokusei.net/,平日,,,,,,,,,,,,
1221,江東区,○,○,営利法人,1,1,独立系,6010601047994,株式会社バルーン,,,ももたろうケア,1370805754,東京都江東区毛利1-9-3-401豊徳ビル,03-6659-6642,03-6659-6642,03-6659-6718,,"平日,土曜日,祝日",,,,,,,,,,,,
1223,江東区,○,○,営利法人,1,1,独立系,3010601027727,株式会社ベストケア,,,ベストケアセンター江東,1370801068,東京都江東区南砂３－１３－１０,03-5665-2700,03-5665-2700,03-5665-2701,https://www.best-care.co.jp,"平日,土曜日,日曜日,祝日",,,,,,,,,,,,
1225,江東区,○,○,営利法人,1,1,独立系,5010601047038,株式会社ボンズシップ,,,ボンズシップ居宅介護支援事業所,1370806406,東京都江東区新大橋1-4-4イマス新大橋ビル2階,03-5625-4585,03-5625-4585,03-6820-9577,,平日,,,,,,,,,,,,
1226,江東区,○,○,営利法人,1,1,独立系,4010601032445,株式会社メディカル・フロント,,,メディカルケアサービス,1370803924,東京都江東区牡丹３－１２－２２０１,03-3643-4631,03-3643-4631,03-3643-4651,https://medical-care-5.jimdosite.com/,平日,,,,,,,,,,,,
1227,江東区,○,○,営利法人,1,1,独立系,5011501026874,株式会社モート,,,ケアプラン　みちしるべ,1370806612,東京都江東区海辺21-6サンハイツ松本201,03-6659-7498,03-6659-7498,03-6659-7499,http://mitisirube.html.xdomain.jp/,平日,,,,,,,,,,,,
1230,江東区,○,,営利法人,1,6,独立系,9140001027375,株式会社ロジケア,,,ロジケア清澄白河,1370807230,東京都江東区白河3-3-3-101,03-6240-3913,03-6240-3913,03-6240-3915,http://logicare.co.jp/,平日,,,,,,,,,,,,
1231,江東区,○,,営利法人,1,7,独立系,5011101054870,株式会社木下の介護,,,プレール・ロヴェ豊洲ケアプランセンター,1370805887,東京都江東区豊洲1-2-8プレール・ロヴェ豊洲,03-3534-2365,03-3534-2365,03-3534-2414,http://www.kinoshita-kaigo.co.jp/mc-kaigo/index.html,平日,,,,,,,,,,,,
1232,江東区,○,○,営利法人,1,1,独立系,4010601026835,株式会社生活工房フジカワ,,,care工房つむぎ,1370807206,東京都江東区住吉2-7-10阿久津ビル202,03-6659-9269,03-6659-9269,03-6659-9265,https://www.care-kobo269.com,平日,,,,,,,,,,,,
1233,江東区,○,○,営利法人,1,1,独立系,1010601042166,株式会社Ｋ２－Ｃｏｒｐｏｒａｔｉｏｎ,,,あかり居宅介護支援事業所,1370807107,東京都江東区東陽6-3-25中央マンション403,03-6666-2082,03-6666-2082,03-6666-2083,,平日,,,,,,,,,,,,
1234,江東区,○,○,営利法人,1,1,独立系,5010601042253,株式会社ＳＭＢ,,,せりえ居宅介護支援事業所,1370804708,東京都江東区亀戸7‐14‐7,03-3637-3307,03-3637-3307,03-6802‐9558,,平日,,,,,,,,,,,,
1244,渋谷区,○,○,営利法人,1,1,独立系,3011001062397,(株)アイランドケア,,,モモ・トータルケアサービス,1371302306,東京都渋谷区本町1-40-14カームコート初台1F,03-5352-9777,03-5352-9777,03-5352-9601,,平日,,,,,,,,,,,,
1247,渋谷区,○,○,営利法人,1,1,独立系,3011501022090,リハケアマインド株式会社,,,初台リハケアプランセンター,1371303460,東京都渋谷区本町2-2-13Tハイム西新宿101,03-6300-6854,03-6300-6854,03-6300-6855,,平日,,,,,,,,,,,,
1252,渋谷区,○,○,営利法人,1,1,独立系,8010003038979,合同会社アートラボ,,,アートラボ,1371304005,東京都渋谷区本町2-41-20305,03-6276-0657,03-6276-0657,03-6276-0659,,平日,,,,,,,,,,,,
1254,渋谷区,○,○,営利法人,1,1,独立系,3011002031087,有限会社　アルカディアライフ,,,有限会社　アルカディアライフ,1371301530,東京都渋谷区東1-31-19マンション渋谷並木橋901号,03-6805-0508,03-6805-0508,03-3797-0238,,平日,,,,,,,,,,,,
1255,渋谷区,○,○,営利法人,1,1,独立系,5011402018608,有限会社くんちゃんず,,,くんちゃんずCarePlan,1371303528,東京都渋谷区本町4-18-１萩原ビル２階,03-6276-1794,03-6276-1794,03-6276-0238,,"平日,土曜日,祝日",,,,,,,,,,,,
1256,渋谷区,○,○,営利法人,1,1,独立系,6011002031654,有限会社さわやか介護,,,さわやか,1371302132,東京都渋谷区東2－17－12パーシモンチバ402,0334075561,0334075561,0334075560,https://sawayaka-kaigo-recruit.com/,平日,,,,,,,,,,,,
1257,渋谷区,○,○,営利法人,1,1,独立系,5011302007264,有限会社はかまだケアサービス,,,ケアコンシェル渋谷,1371302751,東京都渋谷区宇田川町４２－１１プラザ５１　３０３号,０３－５４２８－３９７６,03-5428-3976,０３－５４２８－３９７８,http://homepage1.nifty.com/hakamada/,平日,,,,,,,,,,,,
1258,渋谷区,○,○,営利法人,1,1,独立系,1011002029810,有限会社ばむりぃ,,,ばむりぃ,1371301407,東京都渋谷区本町２－２０－６,03-3376-5440,03-3376-5440,03-3376-5442,bamly.jimdofree.com,"平日,土曜日",,,,,,,,,,,,
1259,渋谷区,○,○,営利法人,1,1,独立系,4011802012343,有限会社恒輝企画,,,ぷくぷくケアプランセンター,1371303353,東京都渋谷区幡ヶ谷2-30-1第一笹塚ビル403,03‐6276‐7398,03-6276-7398,03‐6276‐7399,,"平日,土曜日",,,,,,,,,,,,
1260,渋谷区,○,○,営利法人,1,1,独立系,6011002020194,有限会社笹塚ケア・ニジュウイチ,,,笹塚ケアマネージメント,1371300292,東京都渋谷区笹塚1-40-7,03-5790-6677,03-5790-6677,03-5790-6679,,"平日,土曜日",,,,,,,,,,,,
1264,渋谷区,○,○,営利法人,1,1,独立系,5010401120531,株式会社　ワークスＦ,,,ワークスＦ,1370304451,東京都渋谷区恵比寿3-39-8パレスエッグプラント203,０３－６４３４－７３４６,03-6434-7346,０３－６４３４－７３４７,,平日,,,,,,,,,,,,
1266,渋谷区,○,,営利法人,1,2,施設併設,6010401159775,株式会社インホーム,,,インホーム居宅介護支援事業所,1361390303,東京都渋谷区千駄ヶ谷5丁目30番15号,03-4500-0656,03-4500-0656,03-4496-4665,http://inhome.co.jp/,平日,,,,,,,,,,,,
1267,渋谷区,○,○,営利法人,1,1,独立系,3011001064014,株式会社クローバー,,,クローバーケアセンター,1371303759,東京都渋谷区渋谷1-9-8朝日生命宮益坂ビル3階,03-6682-6630,03-6682-6630,03-6682-5086,https://www.026968.com/,"平日,祝日",,,,,,,,,,,,
1271,渋谷区,○,○,営利法人,1,1,独立系,1010901031579,株式会社スマイライフ,,,スマイライフ　ケアプラン,1371303031,東京都渋谷区西原2-4-5,070-1245-5102,070-1245-5102,03-5738-7864,https://smi-life.com/,平日,,,,,,,,,,,,
1275,渋谷区,○,○,営利法人,1,1,独立系,3040002013860,株式会社武上,,,居宅介護支援事業所　ノーマライ心の花渋谷桜丘,1371303957,東京都渋谷区桜丘町7-10桜山ビル101,03-5457-3016,03-5457-3016,03-5457-3074,,平日,,,,,,,,,,,,
1276,渋谷区,○,○,営利法人,1,1,独立系,3011001042829,株式会社生活援助会,,,株式会社　生活援助会,1371300318,東京都渋谷区富ヶ谷1-9-23服部ビル201,03-3469-7395,03-3469-7395,03-3469-7376,http://seikatsuenjyokai.com,平日,,,,,,,,,,,,
1277,渋谷区,○,○,営利法人,1,1,薬局併設,4011301024922,株式会社神明堂,,,たくみ外苑薬局居宅介護支援事業所,1341355676,東京都渋谷区千駄ヶ谷1-29-9日本パーティビル1階,03-3497-5747,03-3497-5747,03-3497-5742,https://shinmeido-corp.co.jp,"平日,土曜日",,,,,,,,,,,,
1278,渋谷区,○,○,営利法人,1,1,独立系,3010401160496,株式会社Ｐｒｅｍｏ,,,ケアプランソエル,1371304013,東京都渋谷区恵比寿1-18-16恵比寿東海マンション201号,03-6459-3725,03-6459-3725,03-6459-3726,https://www.soeru-kaigo.net/,平日,,,,,,,,,,,,
1279,渋谷区,○,○,営利法人,1,1,独立系,4011001057917,株式会社ＴＡＫＵＭＩ　ＤＡＹ　ＣＡＲＥ,,,たくみケア居宅介護支援事業所,1371303650,東京都渋谷区初台１－２５－８初台グリーンハイツ４０１,03-5304-8633,03-5304-8633,03-5304-8655,,"平日,土曜日,祝日",,,,,,,,,,,,
1283,渋谷区,○,○,営利法人,1,1,独立系,4011001103068,石垣社会保障研究所株式会社,,,この町の介護相談所,1371303171,東京都渋谷区本町1-24-10ブルークレール・K　103号,03-6300-0647,03-6300-0647,03-6300-0648,https://www.konomachinokaigo.com,"平日,土曜日",,,,,,,,,,,,
1289,渋谷区,○,○,営利法人,1,1,独立系,3021001073518,ＤａｖＲｕ株式会社,,,ぜろひゃく居宅介護支援事業所,1371303999,東京都渋谷区本町1-20-2パルムハウス初台1309,03-6276-7970,03-6276-7970,03-6740-2358,http://www.zero-hyaku.com,平日,,,,,,,,,,,,
1291,港区,○,○,営利法人,1,1,独立系,2010401037836,アイム株式会社,,,アイム介護福祉支援センター,1370300350,東京都港区赤坂7丁目10番地9号第四文成ビル701,03-6807-4881,03-6807-4881,03-6807-4883,http://www.aimcare.co.jp/,平日,,,,,,,,,,,,
1292,港区,○,○,営利法人,1,1,独立系,6010401099212,アステイジ株式会社,,,アステイジ,1370303735,東京都港区麻布十番2-16-11麻布十番2Aビル202,03-6809-6684,03-6809-6684,03-6809-6771,https://astage.co/,平日,,,,,,,,,,,,
1293,港区,○,○,営利法人,1,1,独立系,3010401053287,キヨタ・ライフケアサービス株式会社,,,キヨタケアプランセンターみなと,1370302422,東京都港区芝浦4-3-4田町きよたビル3階,03-5439-6322,03-5439-6322,03-5440-0885,http://www.kiyota-life.co.jp/,平日,,,,,,,,,,,,
1295,港区,○,○,営利法人,1,1,独立系,7010401078792,ケアプラン百満株式会社,,,ケアプラン百満,1370302869,東京都港区南青山3-7-5アルプスプラザ203,03-6804-1072,03-6804-1072,03-6804-1073,,平日,,,,,,,,,,,,
1296,港区,○,○,営利法人,1,1,独立系,9010401027979,マスヤマビジネスアソシエイツ株式会社,,,マスヤマケアセンター,1370301101,東京都港区南麻布２丁目９番地１７号,03-3446-6652,03-3446-6652,03-3446-6660,,平日,,,,,,,,,,,,
1302,港区,○,○,営利法人,1,1,独立系,8010703002375,合同会社　あひる介護,,,あひる介護,1370305037,東京都港区芝浦1-14-13シャンティイトー404,03-6450-3001,03-6450-3001,03-6450-3002,,"平日,祝日",,,,,,,,,,,,
1303,港区,○,○,営利法人,1,1,独立系,5010403014021,合同会社コロポックル,,,ケアネスト,1370304527,東京都港区芝大門1-11-9ライオンズマンション芝公園601,03－3433－0270,03-3433-0270,03-3433-0940,,平日,,,,,,,,,,,,
1304,港区,○,○,営利法人,1,1,独立系,2013303001546,合同会社スマート,,,ケアデザイン　スマート,1370302810,東京都港区六本木5-18-19グランメール六本木201,03-5114-6175,03-5114-6175,03-5114-6176,https://smart-office.jimdofree.com,平日,,,,,,,,,,,,
1305,港区,○,○,営利法人,1,1,独立系,3010403036059,合同会社ＴＭ,,,居宅介護支援事業所ＴＭケアセンター,1370305821,東京都港区港南3-7-16フィバリッチタワー品川　1704,03-3450-9911,03-3450-9911,03-3450-9911,,平日,,,,,,,,,,,,
1306,港区,○,○,営利法人,1,1,独立系,5010402027726,有限会社　あいハート,,,有限会社あいハート,1370301721,東京都港区赤坂9-6-28704,03-3408-8247,03-3408-8247,03-3746-1080,,"平日,土曜日",,,,,,,,,,,,
1307,港区,○,○,営利法人,1,1,独立系,2010402021087,有限会社　すばる介護センター,,,居宅介護支援事業所　すばる,1370301358,東京都港区高輪３丁目２番３号Ｔ３２３プレイスビル２階,03-5789-2788,03-5789-2788,03-5789-2787,http://www.subaru-kaigo.co.jp,"平日,祝日",,,,,,,,,,,,
1308,港区,○,○,営利法人,1,1,独立系,7010702002897,有限会社　小池企画印刷,,,居宅介護支援事業所　小池,1370301275,東京都港区高輪２丁目４番１３号エスポワール高輪１０３,03-3447-0815,03-3447-0815,03-3447-0510,,"平日,土曜日",,,,,,,,,,,,
1309,港区,○,○,営利法人,1,1,独立系,9010402029479,有限会社　港ケア・メイト,,,有限会社　港ケア・メイト,1370305391,東京都港区芝2-5-28芝公園住宅　101,03-5765-5734,03-5765-5734,03-5765-7722,,"平日,土曜日,日曜日,祝日",,,,,,,,,,,,
1310,港区,○,○,営利法人,1,1,独立系,7010402031924,有限会社エンジェルケアプラン,,,エンジェルケアプラン,1370302182,東京都港区芝浦2-17-2田町竹芝ハイツ201号室,03-3455-5300,03-3455-5300,03-3455-5311,https://www.angc.co.jp/,平日,,,,,,,,,,,,
1311,港区,○,○,営利法人,1,1,独立系,2010402036192,有限会社コスモスケアステーション,,,コスモスケアステーション,1370303529,東京都港区新橋６－５－４７０１,03-5405-1910,03-5405-1910,03-5405-1635,,平日,,,,,,,,,,,,
1312,港区,○,○,営利法人,1,1,独立系,4010402027264,有限会社コスモス港ステーション,,,Ｋ港ステーション,1370302943,東京都港区白金台2-23-4,03-3444-1743,03-3444-1743,03-3444-8099,http://www.k-minato.com,平日,,,,,,,,,,,,
1313,港区,○,○,営利法人,1,1,独立系,3010402032752,有限会社ベル・ハートサポート,,,ベル・ハートサポート,1370303750,東京都港区芝浦４－９－１８３１６,０３－６４２６－８８９１,03-6426-8891,０３－６８０９－４６００,,平日,,,,,,,,,,,,
1315,港区,○,○,営利法人,1,1,独立系,1010401155721,株式会社MIYABI雅,,,LINKS,1370305243,東京都港区高輪1-26-20アムス高輪９階,03-6456-2209,03-6456-2209,03-6456-2219,https://miyabiinc.com/,平日,,,,,,,,,,,,
1316,港区,○,○,営利法人,1,1,独立系,7010401011646,株式会社　サンビジネス,,,ケアマネステーション・あんしんサイト,1370304469,東京都港区芝１－１０－１１コスモ金杉橋ビル９階,03-6435-0791,03-6435-0791,03-3455-5821,http://www.sunbi.co.jp,平日,,,,,,,,,,,,
1318,港区,○,○,営利法人,1,1,独立系,4301370300913,株式会社　緑祥,,,株式会社　緑祥,1370300913,東京都港区赤坂6-4-17,03-3585-4467,03-3585-4467,03-3585-6085,,平日,,,,,,,,,,,,
1319,港区,○,○,営利法人,1,1,独立系,4010401042644,株式会社こめつつじ,,,居宅介護支援事業所　こめつつじ,1370301655,東京都港区三田１丁目３－４４ラクラス麻布十番００２号,03-6665-8920,03-6665-8920,03-6665-8921,http://www.cometsutsuji.jp/,平日,,,,,,,,,,,,
1320,港区,○,○,営利法人,1,1,独立系,5010401105895,株式会社やまぶき,,,やまぶきケア,1370304055,東京都港区南青山2-27-8IBハイツ203,03-6432-9321,03-6432-9321,03-6432-9322,http://yamabuki-care.co.jp/,平日,,,,,,,,,,,,
1322,港区,○,○,営利法人,1,1,独立系,7010901056240,株式会社グリーンブリッヂ,,,ケアプランセンターみっつの木,1370305730,東京都港区東新橋2-7-3昭和アステック１号館602号,03-6403-9898,03-6403-9898,03-6735-3331,,平日,,,,,,,,,,,,
1324,港区,○,,営利法人,1,2,独立系,5010401081963,株式会社シティインデックスホスピタリティ,,,シティインデックスホスピタリティ居宅介護支援事業所,1370303412,東京都港区白金6丁目16番6号ザ・レジデンス白金スイート4階,03-5449-7575,03-5449-7575,03-5449-7576,http://www.ci-hos.com/,平日,,,,,,,,,,,,
1328,港区,○,○,営利法人,1,1,独立系,9080101015047,株式会社ピースオブマインド,,,ポム,1371909399,東京都港区芝2-27-8芝ﾏﾝｼｮﾝ403,03-6459-4730,03-6459-4730,03-6459-4740,http://www.peace-of-mind.jp/,平日,,,,,,,,,,,,
1329,港区,○,,営利法人,1,2,医療機関併設,2080001020517,株式会社メディカルニュークリエイト,,,三田在宅診療クリニック付属居宅介護支援事業所,1370305557,東京都港区三田１丁目２－１８TTD　PLAZA　7F,03-6400-5222,03-6400-5222,03-6400-5223,,平日,,,,,,,,,,,,
1330,港区,○,,営利法人,1,2,独立系,7080001005414,株式会社ヤマシタ,,,マイ　トーキョータワー　クラブ,1370302547,東京都港区三田２－１０－６三田レオマビル３階,03-5730-3111,03-5730-3111,050-3153-1578,https://www.yco.co.jp/homecare/area/mytokyo/,平日,,,,,,,,,,,,
1337,港区,○,○,営利法人,1,1,独立系,5010401131157,茜株式会社,,,茜ケアステーション,1370304840,東京都港区高輪2丁目14-9三愛ビル梅館201,03-5422-8971,03-5422-8971,03-5422-8970,,平日,,,,,,,,,,,,
1338,港区,○,○,営利法人,1,1,独立系,2010401120963,麻布ケアサポート株式会社,,,麻布ケアサポート,1370304808,東京都港区六本木3-9-5ゼックスバウム館4階,03-3403-3637,03-3403-3637,03-6804-3260,https://www.azabucare.co.jp,平日,,,,,,,,,,,,
1339,港区,○,○,営利法人,1,1,独立系,5010401166211,Ｃｏｇｎｉｆｏｒｔ株式会社,,,シロップ居宅介護支援事業所,1370305839,東京都港区浜松町1-9-12号中野ビル5階,03-6809-1721,03-6809-1721,03-6809-0524,,平日,,,,,,,,,,,,
1340,目黒区,○,○,営利法人,1,1,独立系,8011003007701,ぽかぽかあったかパートナー合同会社,,,居宅介護支援ぽかぽかあったかめぐろ,1371004589,東京都目黒区目黒二丁目11－12ジョイパレス7　701号,03-6417-9688,03-6417-9688,03-6417-9687,http://www.ppap55.com,"平日,祝日",,,,,,,,,,,,
1342,目黒区,○,○,営利法人,1,1,独立系,8010701025196,カウシープ株式会社,,,目黒１丁目ケアプランセンター,1371003136,東京都目黒区下目黒2-22-7MEGUROMARINA102,03-6417-9986,03-6417-9986,03-3492-2707,https://www.1choume.net/,"平日,土曜日,祝日",,,,,,,,,,,,
1345,目黒区,○,○,営利法人,1,1,独立系,6013201018556,ベアタケア株式会社,,,ケアプラン　ハイハロー,1371003482,東京都目黒区平町1-26-3都立大アーバンハイム101,03-3723-8186,03-3723-8186,03-3723-3908,http://www.beata-care.jp,平日,,,,,,,,,,,,
1355,目黒区,○,○,営利法人,1,1,独立系,2011003005727,合同会社あずさケアプラン,,,合同会社あずさケアプラン,1371003987,東京都目黒区柿の木坂2-27-10,03-3717-7167,03-3717-7167,03-3717-7025,,平日,,,,,,,,,,,,
1356,目黒区,○,○,営利法人,1,1,独立系,9011003011801,合同会社おひさま,,,おてんとうさま,1371005172,東京都目黒区洗足1-9-6ウィングコート洗足105号,03-6303-1552,03-6303-1552,03-6303-1558,,平日,,,,,,,,,,,,
1357,目黒区,○,○,営利法人,1,1,独立系,1011003005083,合同会社かがやき,,,ケアプランかがやき,1371003862,東京都目黒区南３－９－１３,０３－５７２６－３１８１,03-5726-3181,０３－３７２３－１７００,,平日,,,,,,,,,,,,
1358,目黒区,○,○,営利法人,1,1,独立系,3011003009850,合同会社サウスノード,,,居宅介護支援事業所エソラ,1371004928,東京都目黒区五本木３－９－１JKハイム１０１号室,03-5720-8801,03-5720-8801,03-5720-8801,https://south-node.com/,平日,,,,,,,,,,,,
1359,目黒区,○,○,営利法人,1,1,独立系,4011003007218,合同会社スナーグル,,,スナーグル,1371004431,東京都目黒区下目黒６－１６－１２津国屋ビル７０２,03-6412-8856,03-6412-8856,03-6412-8857,,平日,,,,,,,,,,,,
1360,目黒区,○,○,営利法人,1,1,独立系,5013202013615,有限会社はぎ介護センター,,,居宅介護支援事業所はぎ,1371002252,東京都目黒区目黒2-8-10アーバン目黒ビル５階,03-6417-0341,03-6417-0341,03-6417-0342,https://www.hagikaigo-recruit.com/,"平日,祝日",,,,,,,,,,,,
1361,目黒区,○,○,営利法人,1,1,独立系,8013202014569,有限会社亜々夢,,,ケアサービス駒場,1371002823,東京都目黒区駒場3-11-9フラッツ駒場101,03-6407-9428,03-6407-9428,03-6407-9429,,平日,,,,,,,,,,,,
1362,目黒区,○,○,営利法人,1,1,独立系,9013202008520,有限会社映光メディカル,,,えるはあとケアセンター,1371001197,東京都目黒区中央町２－６－１Ｋ２ビル２F,03-5725-4771,03-5725-4771,03-5725-4772,https://el-heart.com/,平日,,,,,,,,,,,,
1363,目黒区,○,○,営利法人,1,1,独立系,6013202008622,有限会社目黒ケアセンター,,,有限会社目黒ケアセンター,1371001379,東京都目黒区目黒本町6-17-3,03-3791-9130,03-3791-9130,03-3791-9132,,平日,,,,,,,,,,,,
1364,目黒区,○,○,営利法人,1,1,独立系,8010701018530,株式会社　ハートプランニング,,,トータルサポートあんず,1371005073,東京都目黒区鷹番3-21-14光南マンション101,03-5720-5575,03-5720-5575,03-5720-5576,http://www.ts-anzu.com/,平日,,,,,,,,,,,,
1365,目黒区,○,○,営利法人,1,1,独立系,6011001118898,株式会社すまいるナーシング,,,ピースワークケアプランセンター,1371005495,東京都目黒区八雲２丁目８－２ウエルス都立大１０２号室,03-5726-9015,03-5726-9015,03-5726-5016,https://smilage.jp/,平日,,,,,,,,,,,,
1369,目黒区,○,○,営利法人,1,1,独立系,4013201013410,株式会社れんげそう,,,ケプランセンター　れんげそう,1371003821,東京都目黒区自由が丘２丁目３番１８号ハイツ自由が丘２０１号室,03-5726-8975,03-5726-8975,03-5726-8976,http://careplan-rengesou.com/,平日,,,,,,,,,,,,
1370,目黒区,○,○,営利法人,1,1,独立系,6010801020735,株式会社アニスケア,,,アニスケアセンター,1371003193,東京都目黒区中町2-48-33市川興産ビル305,03-3760-1377,03-3760-1377,03-3760-1378,https://www.anisukea.com,平日,,,,,,,,,,,,
1372,目黒区,○,○,営利法人,1,1,独立系,9010901013512,株式会社コスモインターリアリティー,,,シティ,1371004738,東京都目黒区八雲2-11-6Ｃibeles203,03-5726-9508,03-5726-9508,03-5726-9509,http://www.cosmointer-city.jp,"平日,祝日",,,,,,,,,,,,
1374,目黒区,○,○,営利法人,1,1,独立系,6011001093308,株式会社トラスト・ホープ,,,ハピネスケアプランセンター,1371004001,東京都目黒区原町2-8-14パレ洗足　1F,03－6451－0871,03-6451-0871,03－6451－0872,http://happiness-0401.com,平日,,,,,,,,,,,,
1377,目黒区,○,○,営利法人,1,1,独立系,8011001114813,株式会社ハウオリホーエア,,,ケアプランセンターハウオリ,1371005180,東京都目黒区鷹番2-8-16石井ハイム102号室,03-6451-2690,03-6451-2690,03-5734-1138,https://hauoli-hoea.co.jp/,平日,,,,,,,,,,,,
1381,目黒区,○,○,営利法人,1,1,独立系,5010401094890,株式会社メディケアマネージメント,,,メディケアマネージメント,1371004944,東京都目黒区目黒二丁目11-9目黒グリーンランドビル401,03-6417-0591,03-6417-0591,03-6417-0592,,平日,,,,,,,,,,,,
1382,目黒区,○,○,営利法人,1,1,独立系,1011001127540,株式会社ライブウィズ,,,ケアプランあけみち,1371004910,東京都目黒区中目黒１－１１－１２手塚ビル７０３号室,03-6303-3869,03-6303-3869,03-6303-3928,,"平日,祝日",,,,,,,,,,,,
1384,目黒区,○,○,営利法人,1,1,独立系,9011001132376,株式会社汲心,,,うぐいすケアプランセンター,1371005040,東京都目黒区原町1-14-3エリゼ目黒306号,03-6452-3646,03-6452-3646,03-6452-3647,https://kyuushin-uguiss.com,平日,,,,,,,,,,,,
1385,目黒区,○,○,営利法人,1,1,独立系,9011001132616,株式会社生活福祉研究所,,,サンライフ東京ケアプランセンター,1371005065,東京都目黒区目黒1-5-19目黒第一ビル606,03-3490-0711,03-3490-0711,03-3495-1711,https://www.sunlife1930.org/,平日,,,,,,,,,,,,
1386,目黒区,○,○,営利法人,1,1,独立系,2020001149254,株式会社ｋ３‐ｍｏｍｍｙ,,,ケアプランセンター　あるべきよう和,1371005388,東京都目黒区目黒本町5-6-2西小山ステーションハウス１０１号室,03-5734-1696,03-5734-1696,03-5734-1697,,平日,,,,,,,,,,,,
1398,目黒区,○,,営利法人,1,4,独立系,1010401183540,ＳｔａｒＱケア株式会社,,,スタークケアプランセンター中目黒,1371004860,東京都目黒区上目黒３－８－１４リバフィ中目黒１０１,０３－６６９３－７０３１,03-6693-7031,０３－６６９３－７０３２,https://star-q.jp/,平日,,,,,,,,,,,,
1399,目黒区,○,○,営利法人,1,1,独立系,1011301029296,ｐｏｍｍ株式会社,,,ぽむケアプラン,1371005545,東京都目黒区中央町2-28-17MAHAUS1階,03-6412-7088,03-6412-7088,03-6412-7089,https://p0mm.com,平日,,,,,,,,,,,,
1408,練馬区,○,,営利法人,1,2,独立系,3030001126994,セレクトケアプラザ株式会社,,,セレクトケアプラザ株式会社光ヶ丘ステーション,1372012763,東京都練馬区田柄5丁目17-16光が丘フォーリア106,03-5971-3885,03-5971-3885,03-3990-1700,https:/selectcareplaza.com,平日,,,,,,,,,,,,
1413,練馬区,○,○,営利法人,1,1,独立系,6011602012145,介護サポートかがやき有限会社,,,介護サポートかがやき有限会社,1372002368,東京都練馬区北町８-３7-8ベルソーナ北町１１１号室,03-5945-7884,03-5945-7884,03-5945-7885,https://www.kaigo-kagayaki.com/homecare.html,平日,,,,,,,,,,,,
1430,練馬区,○,○,営利法人,1,1,独立系,1030003009233,合同会社caresoul,,,しきな武蔵関,1372011732,東京都練馬区関町東2-15-7ファーランジュ武蔵関212号室,03-5903-8708,03-5903-8708,03-5903-8709,,平日,,,,,,,,,,,,
1431,練馬区,○,○,営利法人,1,1,独立系,1012703002304,合同会社　H.P.R,,,居宅介護支援事業所　エクラス（笑暮らす）,1372013845,東京都練馬区大泉学園町6-16-31,03-5935-7043,03-5935-7043,03-5935-7044,,平日,,,,,,,,,,,,
1432,練馬区,○,○,営利法人,1,1,独立系,8011603001789,合同会社　クリエイティブプランニング,,,クリエイティブプラン,1372011419,東京都練馬区南大泉1-26-9,03-3921-7110,03-3921-7110,03-5935-6676,,平日,,,,,,,,,,,,
1433,練馬区,○,○,営利法人,1,1,独立系,9030003008384,合同会社　ＭＡＩＭＡＩ,,,居宅介護支援事業所　マハロ,1372011468,東京都練馬区上石神井1-15-7ライオンズマンション上石神井３０９号,03-6904-8953,03-6904-8953,03-6904-8954,,平日,,,,,,,,,,,,
1434,練馬区,○,○,営利法人,1,1,独立系,2030003024272,合同会社たーとる,,,居宅介護支援事業所ぴーす,1372014801,東京都練馬区土支田4-26-8,03-6339-9647,03-6339-9647,03-6783-9803,,平日,,,,,,,,,,,,
1435,練馬区,○,○,営利法人,1,1,独立系,5011603004241,合同会社つむぎの木,,,つむぎの木ケアプランサービス,1372014751,東京都練馬区氷川台3-36-20クレアトール氷川台401,03-3931-1239,03-3931-1239,03-6750-1351,,平日,,,,,,,,,,,,
1436,練馬区,○,○,営利法人,1,1,独立系,7011603003885,合同会社みかん,,,居宅介護支援事業所　ほがらか,1372014447,東京都練馬区東大泉7-31-21シャイニーハウス102,03-6904-6224,03-6904-6224,03-6904-6227,https://hp.kaipoke.biz/z7c/,平日,,,,,,,,,,,,
1437,練馬区,○,○,営利法人,1,1,独立系,7030003016463,合同会社アオイ,,,なのはなケアマネ事業所,1372013605,東京都練馬区田柄2-29-17アーバンタガラ２０１号室,03-4291-0347,03-4291-0347,03-4291-0347,,平日,,,,,,,,,,,,
1438,練馬区,○,○,営利法人,1,1,独立系,4011603004077,合同会社オアシスケア,,,オアシスケア,1372014629,東京都練馬区春日町1-10-19春日サンラークシノダ102,03-5848-5670,03-5848-5670,03-5848-5671,,平日,,,,,,,,,,,,
1439,練馬区,○,○,営利法人,1,1,施設併設,4030003008959,合同会社オレイユ,,,おれいゆ大泉学園,1372011666,東京都練馬区大泉学園町6-19-40,03-5935-6413,03-5935-6413,03-5935-7584,https://www.oreille-cherry.com,"平日,祝日",,,,,,,,,,,,
1440,練馬区,○,○,営利法人,1,1,独立系,1011603002232,合同会社クローバーケア,,,クローバーケア,1372012334,東京都練馬区立野町18-32エスポワール立野　101,03-6312-3219,03-6312-3219,03-6319-8307,,平日,,,,,,,,,,,,
1441,練馬区,○,○,営利法人,1,1,独立系,4011603003789,合同会社プレヴナンス,,,居宅介護支援事業所　けあまねさん,1372014330,東京都練馬区石神井町2-8-30コスモハイツ103号室,03-6765-8837,03-6765-8837,03-4283-0813,https://hp.kaipoke.biz/p9s/,平日,,,,,,,,,,,,
1442,練馬区,○,○,営利法人,1,1,独立系,5011603001346,合同会社幸信,,,ケアサービスあっぷる,1372010957,東京都練馬区富士見台２－３１－３０宇多川ビル1階,03-5848-9230,03-5848-9230,03-5848-9328,https://cs-apple.net,平日,,,,,,,,,,,,
1443,練馬区,○,○,営利法人,1,1,独立系,8011603002052,合同会社旭,,,ケアプランセンター　爽快生活,1372011914,東京都練馬区西大泉2-10-17ヤマヒデアパート206,03-5935-7794,03-5935-7794,03-5935-7795,,平日,,,,,,,,,,,,
1444,練馬区,○,○,営利法人,1,1,独立系,2010103000860,合同会社ＢＥＬＬＳ,,,ケアプラン・ハピネス,1372011062,東京都練馬区上石神井2-23-17メゾン・ド・ティーグルⅢ　103号,03-6904-9833,03-6904-9833,03-6904-9990,,平日,,,,,,,,,,,,
1445,練馬区,○,○,営利法人,1,1,独立系,3011403002851,合同会社ＨＩＬＯ,,,一美,1372015055,東京都練馬区田柄２－２８－２４フラットハイブリッジ１０３,03-6750-7246,03-6750-7246,03-6767-7247,,平日,,,,,,,,,,,,
1446,練馬区,○,○,営利法人,1,1,独立系,5011603003094,合同会社Ｋａｅｄｅ,,,灯ケアプラン,1372014686,東京都練馬区春日町1-10-19春日サンラークシノダ208,03-5848-3713,03-5848-3713,03-5848-3714,https://hp.kaipoke.biz/hrn/,"平日,土曜日",,,,,,,,,,,,
1447,練馬区,○,○,営利法人,1,1,独立系,2011603004541,合同会社ＬＡＧＯＭ,,,ケアプランらごむ,1372014934,東京都練馬区石神井台5-28-2キャッスルハイツ202号室,03-6785-1380,03-6785-1380,03-6755-1478,,平日,,,,,,,,,,,,
1448,練馬区,○,○,営利法人,1,1,独立系,2030003025139,合同会社Ｍａｒｕ,,,菜の花　大泉,1372014884,東京都練馬区大泉町1-6-5清水山第二パークハイツ202,03-5935-4386,03-5935-4386,03-5935-4387,,平日,,,,,,,,,,,,
1449,練馬区,○,○,営利法人,1,1,独立系,7011201005342,宮園自動車株式会社,,,ケアセンター・みやぞの練馬店,1372003861,東京都練馬区立野町１４番２３号,03-5927-4701,03-5927-4701,03-5927-4708,http://www.miyazono.jp/,平日,,,,,,,,,,,,
1452,練馬区,○,○,営利法人,1,1,独立系,4011302010806,有限会社　アイテ・ケア,,,アイテ・ケア居宅介護支援事業所,1372010718,東京都練馬区下石神井4-24-1フサモリ工業ビル1階,03-5923-6582,03-5923-6582,03-5923-6585,https://arwrk.net/recruit/aitecare,平日,,,,,,,,,,,,
1453,練馬区,○,○,営利法人,1,1,独立系,1011602002381,有限会社　オレンジ・メディカルケアサービス,,,有限会社オレンジ・メディカルケアサービス,1372000172,東京都練馬区関町北1-6-15,03-3929-5811,03-3929-5811,03-3929-5861,http://www.orange-medical.jp,"平日,土曜日",,,,,,,,,,,,
1454,練馬区,○,○,営利法人,1,1,独立系,8011602002540,有限会社　カシノキ情報システム,,,かしのきケア　居宅介護支援部,1372013589,東京都練馬区東大泉4-30-22,03-5947-4165,03-5947-4165,03-5947-4175,,平日,,,,,,,,,,,,
1455,練馬区,○,○,営利法人,1,1,独立系,8011602000866,有限会社　五十嵐設備工業所,,,居宅介護支援事業所あしたば,1372009595,東京都練馬区貫井３－６－６五十嵐ビル１階,03-6760-6891,03-6760-6891,03-3999-5975,,"平日,土曜日",,,,,,,,,,,,
1456,練馬区,○,○,営利法人,1,1,独立系,1011602007372,有限会社　豊玉ハートランド,,,有限会社　豊玉ハートランド,1372000651,東京都練馬区豊玉中３－１６－１３サンワコーポラス,03-3992-0168,03-3992-0168,03-3992-1625,,"平日,土曜日",,,,,,,,,,,,
1457,練馬区,○,○,営利法人,1,1,独立系,5011602011750,有限会社すこやかケア下石神井,,,有限会社　すこやかケア下石神井,1372002087,東京都練馬区下石神井2-5-3,03-3904-0290,03-3904-0290,03-3904-0398,,平日,,,,,,,,,,,,
1458,練馬区,○,○,営利法人,1,1,独立系,6011602021336,有限会社ときわサービス,,,ときわ・ふれあいサービス,1372003259,東京都練馬区平和台1-31-17,03-5921-0776,03-5921-0776,03-5921-0782,http://tokiwa-hureai.net/,平日,,,,,,,,,,,,
1459,練馬区,○,○,営利法人,1,1,独立系,3011602023120,有限会社カインド,,,居宅介護支援事業所カインド,1372002731,東京都練馬区旭丘2-34-12,03-5986-2610,03-5986-2610,03-5986-2620,http://ishiwata-kaigo.com,平日,,,,,,,,,,,,
1461,練馬区,○,○,営利法人,1,1,独立系,9011602003488,有限会社ケアワーカー中ノ宮,,,有限会社ケアワーカー中ノ宮,1372000255,東京都練馬区春日町３－３３－２２中ノ宮ビル2階,03-3999-7609,03-3999-7609,03-3999-7605,http://nakanomiya.co.jp,"平日,土曜日",,,,,,,,,,,,
1462,練馬区,○,○,営利法人,1,1,独立系,2011602007891,有限会社ハーティー・ケア,,,有限会社　ハーティー・ケア,1372000669,東京都練馬区上石神井2-30-20TMFビル1階,03-3594-6113,03-3594-6113,03-3594-7870,,"平日,土曜日",,,,,,,,,,,,
1463,練馬区,○,○,営利法人,1,1,独立系,1011302011633,有限会社フロムエント,,,ライフアシスト里華,1372010015,東京都練馬区貫井3丁目10番地3号,03-5848-7914,03-5848-7914,03-5848-7915,http://from-ent.com,"平日,土曜日",,,,,,,,,,,,
1464,練馬区,○,○,営利法人,1,1,独立系,6011602023200,有限会社ユー・ノート,,,アント居宅介護支援事業所,1372005130,東京都練馬区上石神井4-10-32,03-5991-1810,03-5991-1810,03-5991-1884,,平日,,,,,,,,,,,,
1465,練馬区,○,○,営利法人,1,1,独立系,7011602020915,有限会社ライフケアサービス春風,,,ライフケアサービス春風,1372003069,東京都練馬区土支田４－６－１２HIビレッジA-1,03-5933-2075,03-5933-2075,03-5933-2076,http://www.harukaze55.jp,"平日,祝日",,,,,,,,,,,,
1466,練馬区,○,○,営利法人,1,1,独立系,5011602002411,有限会社介護ケア・ワーカー緑が丘,,,有限会社　介護ケア・ワーカー緑が丘,1372000354,東京都練馬区南大泉３－７－５１,03-3978-5240,03-3978-5240,03-3978-5067,kaigocaremidorigaoka.com,平日,,,,,,,,,,,,
1467,練馬区,○,○,営利法人,1,1,独立系,7011602022234,有限会社介護サポートだいこんの花,,,ケアマネウィズだいこんの花,1372004042,東京都練馬区東大泉6-50-8,03-3922-6655,03-3922-6655,03-3922-6657,,平日,,,,,,,,,,,,
1468,練馬区,○,○,営利法人,1,1,独立系,7010002040441,有限会社大吉,,,フレンドケアサービス,1372007292,東京都練馬区谷原6-8-10,03-3995-1517,03-3995-1517,03-3995-1519,,平日,,,,,,,,,,,,
1469,練馬区,○,○,営利法人,1,1,独立系,5011602020339,有限会社福祉の森,,,福祉の森さくら介護センター,1372006427,東京都練馬区高松3-22-9坪内ビル１F,03-6914-7373,03-6914-7373,03-6914-7378,https://www.sakurakaigo2002.com,平日,,,,,,,,,,,,
1474,練馬区,○,○,営利法人,1,1,独立系,8011601011096,株式会社　ほっと・すぺーす,,,ほっと・氷川台ケアプランサービス,1372003374,東京都練馬区氷川台3丁目19番7号井垣ビル2Ｆ,03-5921-3190,03-5921-3190,03-5921-3191,http://www.hotspace.co.jp,平日,,,,,,,,,,,,
1477,練馬区,○,○,営利法人,1,1,独立系,9011601017373,株式会社　ウメックスメディカルグループ,,,梅のさと介護センター,1372004166,東京都練馬区石神井台2-7-2,03-6764-3965,03-6764-3965,03-6766-0627,http://www.umex-mg.co.jp/,"平日,土曜日,祝日",,,,,,,,,,,,
1478,練馬区,○,○,営利法人,1,1,独立系,3010901003329,株式会社　クーギャラリー,,,フレンドリーサポート介護サービス,1372006609,東京都練馬区関町北２－２５－１１ユアーズムサシセキ２０１号,03-3929-7150,03-3929-7150,03-6368-4955,,平日,,,,,,,,,,,,
1479,練馬区,○,○,営利法人,1,1,独立系,3011401016408,株式会社　シンシア,,,シンシア居宅介護支援事業所,1372013878,東京都練馬区田柄　4-33-202階,03-6904-0850,03-6904-0850,03-6904-0853,http://hp.kaipoke.biz/zfu/access.html,平日,,,,,,,,,,,,
1480,練馬区,○,○,営利法人,1,1,独立系,2011601010509,株式会社　ヘルプメイト,,,株式会社ヘルプメイト関町介護支援部,1372000081,東京都練馬区関町北2-26-17ワイズⅡ　202号室,03-3928-0290,03-3928-0290,03-3928-0295,http://www.helpmate.co.jp,平日,,,,,,,,,,,,
1481,練馬区,○,○,営利法人,1,1,独立系,7011601019314,株式会社　大福,,,居宅介護支援事業所　だいふく,1372010494,東京都練馬区田柄5-27-8206,03-5848-9101,03-5848-9101,03-5848-9106,http://hp.kaipoke.biz/zmz/,平日,,,,,,,,,,,,
1483,練馬区,○,○,営利法人,1,1,独立系,4011601015423,株式会社　幸,,,介護ステーション幸,1372007011,東京都練馬区石神井町4-7-24エスポワール92　203号室,03-6913-2130,03-6913-2130,03-5923-9536,https://sachi.cc/,平日,,,,,,,,,,,,
1484,練馬区,○,○,営利法人,1,1,独立系,3011601004674,株式会社　東基,,,居宅介護支援事業所　東基,1372011906,東京都練馬区貫井3丁目41番1号,03-3998-1493,03-3998-1493,03-3998-1192,,"平日,土曜日",,,,,,,,,,,,
1485,練馬区,○,○,営利法人,1,1,独立系,9011601019519,株式会社あるふぁ,,,ケアプランあるふぁ,1372013258,東京都練馬区土支田3－1－25,03－5935－4258,03-5935-4258,03－5935－4259,https://www.alpha-nerima.com/,平日,,,,,,,,,,,,
1486,練馬区,○,○,営利法人,1,1,独立系,8011601011666,株式会社けんしんケアサービス,,,けんしん石神井公園居宅介護支援事業所,1372004489,東京都練馬区石神井町３－１９－１６石神井公園ＭＳＰ2ビル２階Ｃ号室,03-6913-2828,03-6913-2828,03-6913-2829,https://www.kenshincare.com/,平日,,,,,,,,,,,,
1487,練馬区,○,,営利法人,1,2,独立系,5010001237916,株式会社なでし子,,,撫子ケアセンター,1372014678,東京都練馬区中村北3-21-8奈良ビル4階,03-5848-3255,03-5848-3255,03-5848-3256,,"平日,祝日",,,,,,,,,,,,
1489,練馬区,○,○,営利法人,1,1,独立系,3011601013015,株式会社ひかりケア,,,居宅介護支援事業所　ひかり,1372006161,東京都練馬区大泉学園町１－３１－８メルヴェーユ大泉学園２０２,03-5947-4047,03-5947-4047,03-5947-6071,http://hikaricare.com,平日,,,,,,,,,,,,
1490,練馬区,○,○,営利法人,1,1,独立系,9011601016524,株式会社みんなのかいご,,,みんなのかいご練馬居宅介護支援事業所,1372007888,東京都練馬区豊玉北５丁目６番８号,03-5912-2720,03-5912-2720,03-5912-2721,http://minnanokaigo.net//,平日,,,,,,,,,,,,
1495,練馬区,○,○,営利法人,1,1,独立系,6030001154150,株式会社イーズ,,,スコルタケア,1372015030,東京都練馬区東大泉3-4-2第３大新ビル301,03-5935-8441,03-5935-8441,03-5935-8447,,平日,,,,,,,,,,,,
1496,練馬区,○,,営利法人,1,7,独立系,5010501033385,株式会社エスケアメイト,,,エスケアステーション練馬　居宅介護支援,1372009694,東京都練馬区東大泉１－１８－１３,03-5947-6204,03-5947-6204,03-3978-2981,http://www.s-caremate.co.jp,"平日,祝日",,,,,,,,,,,,
1497,練馬区,○,○,営利法人,1,1,独立系,5011601016957,株式会社エリアスタ,,,居宅介護支援事業所らいじんぐ,1372002699,東京都練馬区大泉町２-５９-２２サニーガーデン大泉1号,03-5905-6022,03-5905-6022,03-5905-6023,http://areasta.wixsite.com/mysite-2/blank-1,平日,,,,,,,,,,,,
1498,練馬区,○,○,営利法人,1,1,独立系,5011601001117,株式会社エリ商事,,,たーとす,1372001618,東京都練馬区錦2-10-3,03-3933-1227,03-3933-1227,03-6913-0536,https://tortoise-kaigo.jp,"平日,土曜日",,,,,,,,,,,,
1499,練馬区,○,○,営利法人,1,1,独立系,7011601012995,株式会社エンジェルケアー,,,エンジェルケアー,1372007201,東京都練馬区三原台２－２－８ひかり荘２０１,03-6750-7761,03-6750-7761,03-6750-7762,http://angelcare.kai5.jp,"平日,祝日",,,,,,,,,,,,
1500,練馬区,○,○,営利法人,1,1,独立系,2011601018849,株式会社ケアサービスリタ,,,ライフアシストリタ,1372011781,東京都練馬区北町8-12-8-102,03-6906-9017,03-6906-9017,03-6906-9018,,"平日,祝日",,,,,,,,,,,,
1501,練馬区,○,,営利法人,1,2,独立系,6011601002023,株式会社ケアサービス伊東,,,居宅介護支援事業所ケアサービス伊東,1372000016,東京都練馬区早宮２－１６－２６,03-3934-1210,03-3934-1210,03-3934-1368,http://www.careservice-ito.com/,"平日,土曜日",,,,,,,,,,,,
1503,練馬区,○,○,営利法人,1,1,独立系,8011601017440,株式会社コミュニティ・ケア,,,コミュニティ・ケア,1372003556,東京都練馬区西大泉三丁目26番地15号さかえやビル2F,03-5933-0620,03-5933-0620,03-5933-0557,http://www.communitycare-ooizumi.co.jp,"平日,祝日",,,,,,,,,,,,
1506,練馬区,○,○,営利法人,1,1,独立系,6011602021930,株式会社スマイルケアねりま,,,スマイルケアねりま,1372003663,東京都練馬区高松1－13－9,03-5971-3261,03-5971-3261,03-5971-3263,http://www.smilecarenerima.jp/,"平日,土曜日",,,,,,,,,,,,
1509,練馬区,○,○,営利法人,1,1,独立系,8011601018372,株式会社トータル・ケア,,,トータル・ケア,1372009611,東京都練馬区大泉学園町2-15-14泉谷ビル201,03-5935-4168,03-5935-4168,03-5935-4169,,平日,,,,,,,,,,,,
1510,練馬区,○,○,営利法人,1,1,独立系,2011601011052,株式会社ドリームタイム,,,ケアプラン　金のまり,1372006377,東京都練馬区石神井台八丁目8番8号,03-6766-8660,03-6766-8660,03-6766-8680,,平日,,,,,,,,,,,,
1511,練馬区,○,○,営利法人,1,1,訪問看護併設,1011601012712,株式会社ハビタット,,,光が丘訪問看護ステーション,1372005544,東京都練馬区田柄4-1-16,03-3930-3011,03-3930-3011,03-3930-3012,http://www.habitat-2006.co.jp,平日,,,,,,,,,,,,
1512,練馬区,○,○,営利法人,1,1,独立系,7011601020775,株式会社ハーモニー,,,居宅介護支援ハーモニー,1372011484,東京都練馬区東大泉5-36-12森川ビル303,03 6904 4846,03-6904-4846,03 6904 4813,,平日,,,,,,,,,,,,
1517,練馬区,○,○,営利法人,1,1,独立系,4010001192781,株式会社ユニティプランニング,,,ケア長楽,1372015121,東京都練馬区上石神井3-14-9,07021546617,07021546617,0363254096,https://unity-p.co.jp,"平日,土曜日,祝日",,,,,,,,,,,,
1518,練馬区,○,○,営利法人,1,1,独立系,1011601016878,株式会社ユーアイコーポレーション,,,ユーアイケアセンター,1372009025,東京都練馬区石神井町2-9-15リープ石神井4F,03-6913-4937,03-6913-4937,03-6913-4938,,平日,,,,,,,,,,,,
1519,練馬区,○,○,営利法人,1,1,独立系,5011601016536,株式会社ライフサービスＫＥＮ,,,ジョイ・サプライ,1372007839,東京都練馬区中村南２－１１－３グロワール南１０３号,03-3577-9561,03-3577-9561,03-3577-9562,,平日,,,,,,,,,,,,
1520,練馬区,○,○,営利法人,1,1,独立系,6012401020792,株式会社リニエR,,,リニエケアプランセンター練馬,1372011658,東京都練馬区高野台2丁目8番地2,03-5848-4507,03-5848-4507,03-5848-4508,https://linie-group.jp/office/care-plan-center-nerima/,平日,,,,,,,,,,,,
1521,練馬区,○,○,営利法人,1,1,独立系,7011601013515,株式会社リレーション,,,ケアウェル練馬,1372006237,東京都練馬区豊玉上1-1-181階,03-6914-7611,03-6914-7611,03-6914-7612,http://www.relation-well.jp,"平日,土曜日,日曜日",,,,,,,,,,,,
1522,練馬区,○,○,営利法人,1,1,独立系,9011301025767,株式会社喜咲,,,ケアプラン野いちご,1372014496,東京都練馬区下石神井3-6-42,03-6913-4733,03-6913-4733,03-6913-4728,https://www.kisaku2020.co.jp/care.html,平日,,,,,,,,,,,,
1523,練馬区,○,○,営利法人,1,1,独立系,7011601022210,株式会社小手毬,,,居宅介護支援事業所すずかけ,1372014413,東京都練馬区桜台2-8-4MKヒルズ203,03-6915-8523,03-6915-8523,03-6915-8581,https://kodemari.co.jp/company,平日,,,,,,,,,,,,
1524,練馬区,○,○,営利法人,1,1,独立系,8011601002392,株式会社山和,,,居宅介護支援事業所花ちゃん,1372001881,東京都練馬区向山３－７－６,03-3999-5416,03-3999-5416,03-3926-6696,,"平日,土曜日,日曜日,祝日",,,,,,,,,,,,
1525,練馬区,○,○,営利法人,1,1,独立系,7011601005677,株式会社早宮エンジニアリング,,,株式会社　早宮エンジニアリング,1372002475,東京都練馬区早宮１－２９－１５,03-3991-0147,03-3991-0147,03-3991-0117,http://www2.tbb.t-com.ne.jp/hayamiya/,"平日,土曜日,祝日",,,,,,,,,,,,
1527,練馬区,○,○,営利法人,1,1,独立系,6011601029132,株式会社福ろう,,,居宅介護支援事業所　ふくろう,1372015204,東京都練馬区田柄5-27-8シノベハイツ103,03-5848-2982,03-5848-2982,03-5848-2984,,平日,,,,,,,,,,,,
1529,練馬区,○,○,営利法人,1,1,独立系,3011501015706,株式会社維新ネット,,,みちなか居宅,1372014520,東京都練馬区大泉町1-6-5清水山第2パークハイツ406号,03-5935-9028,03-5935-9028,03-5935-9029,,平日,,,,,,,,,,,,
1530,練馬区,○,○,営利法人,1,1,独立系,6011601017574,株式会社蒼天,,,アイリスケア,1372010304,東京都練馬区石神井台5-15-6,03-5936-8803,03-5936-8803,03-5936-8804,,平日,,,,,,,,,,,,
1531,練馬区,○,○,営利法人,1,1,独立系,5010901034215,株式会社錦祥,,,居宅介護支援事業所すばる,1372015022,東京都練馬区錦1-16-11,090-2414-5086,090-2414-5086,050-3588-4490,,平日,,,,,,,,,,,,
1532,練馬区,○,○,営利法人,1,1,独立系,5011601022121,株式会社Ｃ－コネクト,,,居宅介護支援事業所ふれあい,1372012664,東京都練馬区大泉学園町4-22-4パールハイツ大塚201,03-5935-7013,03-5935-7013,03-5935-8785,https://c-connect-ooizumigakuen.com/,平日,,,,,,,,,,,,
1535,練馬区,○,○,営利法人,1,1,独立系,2012703002609,株式会社ＭＥＤＰＥＲ,,,ケアプランセンターメドパー,1372015014,東京都練馬区西大泉５丁目−３２−２３,050-5799-9325,050-5799-9325,03-4496-4223,,"平日,祝日",,,,,,,,,,,,
1559,練馬区,○,○,営利法人,1,1,独立系,2011602011621,青空ケアサポートセンター有限会社,,,青空ケアサポートセンター有限会社,1372002046,東京都練馬区西大泉６－１４－２０,03-5947-2588,03-5947-2588,03-5947-4188,https://www.aozora-sun.co.jp/,"平日,土曜日,祝日",,,,,,,,,,,,
1560,練馬区,○,○,営利法人,1,1,独立系,3011601013130,青空株式会社,,,ケアサービス青空,1372009587,東京都練馬区田柄２－２８－２５,03-6909-9975,03-6909-9975,03-6909-9985,,"平日,祝日",,,,,,,,,,,,
1568,荒川区,○,○,営利法人,1,1,独立系,7011501005125,アサヒ産業株式会社,,,アサヒトラスト介護支援センター荒川,1371803931,東京都荒川区東尾久1-23-102Ｆ,03-5901-9522,03-5901-9522,03-5901-9523,http://www.asahisan.co.jp/,平日,,,,,,,,,,,,
1569,荒川区,○,○,営利法人,1,1,独立系,9011502013414,ケア・プランニング株式会社,,,ホットステーションSUN荒川,1371802743,東京都荒川区荒川5-36-1丸山マンション1F,03-6807-9917,03-6807-9917,03-6807-9923,http://www.best-kaigo.com,平日,,,,,,,,,,,,
1570,荒川区,○,○,営利法人,1,1,独立系,2011502014344,ミレサポート有限会社,,,ミレサポート,1371801695,東京都荒川区東日暮里５丁目２６番４号竹山ビル１階,０３－６４５８－３１０７,03-6458-3107,０３－３８０７－３１６４,https://www.mire-support.co.jp/,"平日,祝日",,,,,,,,,,,,
1578,荒川区,○,○,営利法人,1,1,独立系,3011503006760,合同会社あかり,,,ケアプランあかり,1371805019,東京都荒川区荒川6丁目53-11101,03-5901-9435,03-5901-9435,03-5901-9436,,平日,,,,,,,,,,,,
1579,荒川区,○,○,営利法人,1,1,独立系,7011503003820,合同会社アトム,,,アトムプランセンター,1371804426,東京都荒川区町屋３－３０－１５マロニエⅡ,０３－６２４０－８００６,03-6240-8006,０３－６２４０－８００７,,"平日,土曜日",,,,,,,,,,,,
1580,荒川区,○,○,営利法人,1,1,独立系,8011503001996,合同会社スリーハート介護,,,さくら支援ステーションスリーハート,1371802685,東京都荒川区西尾久3-22-14ルミナス富岡,03-5856-7791,03-5856-7791,03-5856-7792,https://www.sakura-mondex.co.jp,平日,,,,,,,,,,,,
1581,荒川区,○,○,営利法人,1,1,独立系,1011503004361,合同会社天の川,,,仲町ケアサポート,1371804574,東京都荒川区荒川3-24-4浜野ビル1階,03-5604-9063,03-5604-9063,03-5604-9064,,"平日,祝日",,,,,,,,,,,,
1582,荒川区,○,○,営利法人,1,1,独立系,1011502014592,有限会社おもいやり,,,ケアプランセンターおもいやり,1371801752,東京都荒川区荒川6-61-1ヒロマチヤ102,03-5692-5337,03-5692-5337,03-5692-5336,,"平日,祝日",,,,,,,,,,,,
1583,荒川区,○,○,営利法人,1,1,独立系,2011502014162,有限会社つむぎ,,,ケアステーションつむぎ,1371804558,東京都荒川区町屋1-13-13ドリームハウス202号,03-6458-2723,03-6458-2723,03-6458-2734,,"平日,土曜日,祝日",,,,,,,,,,,,
1584,荒川区,○,○,営利法人,1,1,独立系,4011802026698,有限会社アイ・サポート,,,ケアプランいろは,1371805001,東京都荒川区町屋2-21-9セジュール好彩　101,03-5901-9690,03-5901-9690,03-5901-9691,,平日,,,,,,,,,,,,
1588,荒川区,○,○,営利法人,1,1,独立系,6011501019324,株式会社　未来企画,,,居宅介護支援事業所　みらい,1371803915,東京都荒川区東尾久6-34-25１階,０３－５６０４－９５３６,03-5604-9536,０３－５９０１－９０１１,,"平日,土曜日",,,,,,,,,,,,
1589,荒川区,○,○,営利法人,1,1,独立系,7011501019546,株式会社あしすと,,,あしすとケアセンター,1371804566,東京都荒川区東日暮里1-6-9東出ビル１階,03-6806-5351,03-6806-5351,03-6806-8346,http://assist-riha.jp,平日,,,,,,,,,,,,
1590,荒川区,○,○,営利法人,1,1,独立系,5011501017931,株式会社みやび,,,みやびケアプランセンター,1371803477,東京都荒川区東日暮里２－１７－９,03-5615-3615,03-5615-3615,03-5615-3616,,"平日,祝日",,,,,,,,,,,,
1591,荒川区,○,○,営利法人,1,1,独立系,2011501005212,株式会社アイメック,,,くまのまえ訪問サービスセンター,1367195779,東京都荒川区東尾久5-7-10トーア東尾久マンション１０１号,03-5692-5900,03-5692-5900,03-5692-5920,,"平日,土曜日",,,,,,,,,,,,
1593,荒川区,○,○,営利法人,1,1,独立系,7011501016213,株式会社シーキユーブ,,,すえひろケアプランセンター熊野前,1371804194,東京都荒川区東尾久3丁目30番6号ロイヤル東尾久201,03-6807-6019,03-6807-6019,03-6807-6024,http://www.kaigo-suehiro.jp,平日,,,,,,,,,,,,
1594,荒川区,○,○,営利法人,1,1,独立系,8011501031574,株式会社ルミエール,,,フルールプラン,1371804962,東京都荒川区荒川3丁目58-12F,03-6806-6928,03-6806-6928,03-6806-6929,https://lumiere-inc.com/,平日,,,,,,,,,,,,
1595,荒川区,○,○,営利法人,1,1,独立系,2011501005914,株式会社介護ユーアイ,,,株式会社介護ユーアイ,1371800168,東京都荒川区西尾久7-15-4,03-3810-6069,03-3810-6069,03-3810-6068,http://kaigo-ui.co.jp/,平日,,,,,,,,,,,,
1596,荒川区,○,○,営利法人,1,1,独立系,6011501007568,株式会社千代田サービスセンター,,,あっぷるちよだ日暮里駅前店,1371801265,東京都荒川区西日暮里2-17-8千代田第二ビル　4階・6階,03-3805-0136,03-3805-0136,03-3805-0176,,平日,,,,,,,,,,,,
1597,荒川区,○,○,営利法人,1,1,独立系,9011501008084,株式会社日本ドライ,,,エール・ケア荒川営業所,1371803972,東京都荒川区町屋１－２７－５2階,03-6240-8662,03-6240-8662,03-6240-8667,https://www.jp-dry.co.jp,平日,,,,,,,,,,,,
1598,荒川区,○,○,営利法人,1,1,独立系,8011501022664,株式会社１．ｌｉｆｅ,,,株式会社1.life,1371804814,東京都荒川区西尾久１丁目３３番１号グロウイン若竹１０２号室,0368078929,0368078929,0368078930,https://1life-tt.co.jp/,平日,,,,,,,,,,,,
1608,葛飾区,○,○,営利法人,1,1,独立系,5011803004413,Heart合同会社,,,あい居宅介護支援事業所,1372208601,東京都葛飾区宝町2－30－9山田ビル101,03－5654－6937,03-5654-6937,03－5654ー6938,https://www.ikyotakukaigo-heart.jp,平日,,,,,,,,,,,,
1610,葛飾区,○,○,営利法人,1,1,独立系,2010703002182,あい夢合同会社,,,居宅介護支援事業所　あい夢,1372205896,東京都葛飾区金町3-17-13,03-5876-6042,03-5876-6042,03-5876-6043,https://www.aimu.store/,"平日,土曜日,祝日",,,,,,,,,,,,
1611,葛飾区,○,○,営利法人,1,1,独立系,7011103004970,ぴさらワークス合同会社,,,高砂で介護のお話が気軽にできるお家高砂ケア,1372209179,東京都葛飾区高砂３－２１－９Ｖａｌｓｈｅ高砂１０４,03-6321-9772,03-6321-9772,03-6800-5392,https://www.takasago-care.com/,平日,,,,,,,,,,,,
1613,葛飾区,○,○,営利法人,1,1,独立系,4011801032912,らいくじょぶかんぱにー株式会社,,,ケアテックＳＨＩＮ-ＫＯＩＷＡ,1372207744,東京都葛飾区新小岩2-9-1杉山ビル2Ｆ,03-5678-5611,03-5678-5611,03-5678-5612,https://www.likejobcom.jp/,平日,,,,,,,,,,,,
1614,葛飾区,○,○,営利法人,1,1,独立系,7011801021763,アーチ介護株式会社,,,アーチ介護立石,1372205078,東京都葛飾区立石8-19-5,03-5698-4106,03-5698-4106,03-3697-6850,,平日,,,,,,,,,,,,
1616,葛飾区,○,○,営利法人,1,1,独立系,2011802022872,グローバルサービス株式会社,,,ライフケアＣｏＣｏＷａ金町,1372207835,東京都葛飾区東金町２－２６－３エスペラントハイツ・１０５号室,０３－５８７６－６５０６,03-5876-6506,０３－５８７６－６６２３,https://www.global-services-corporation.com/,平日,,,,,,,,,,,,
1617,葛飾区,○,○,営利法人,1,1,独立系,6010401081715,シグニフィ株式会社,,,りふりケアプランセンター,1372209302,東京都葛飾区亀有４－４０－６田中ビル1階,03-5647-7069,03-5647-7069,03-6231-2460,https://kameari-c.rifuri.jp,平日,,,,,,,,,,,,
1618,葛飾区,○,○,営利法人,1,1,訪問看護併設,4011801022046,シンビオシス株式会社,,,あしたも笑顔訪問看護ステーション,1372207199,東京都葛飾区新宿５－７－２０ー１Fリバーサイド新宿1F,03-5876-4661,03-5876-4661,03-5876-4662,https://asitaegaokango.com,平日,,,,,,,,,,,,
1620,葛飾区,○,○,営利法人,1,1,独立系,5030003016366,ハミングバーズ　合同会社,,,ハミングバーズ　ソーシャルサポート研究所,1372208650,東京都葛飾区柴又１－１３－１,090-2426-9329,090-2426-9329,050-5210-8921,,平日,,,,,,,,,,,,
1621,葛飾区,○,○,営利法人,1,1,独立系,3011803001800,ヒルズケア合同会社,,,ヒルズケア居宅介護支援事業所,1372206431,東京都葛飾区柴又3-1-1,03-5876-5081,03-5876-5081,03-5876-5091,https://www.hillscare-2025.com,平日,,,,,,,,,,,,
1623,葛飾区,○,○,営利法人,1,1,独立系,3011801028696,住管株式会社,,,居宅介護支援事業所　ぽっかぽか,1372206597,東京都葛飾区西水元6-18-6ドエル西水元103,03-5876-6053,03-5876-6053,03-5876-4549,,平日,,,,,,,,,,,,
1637,葛飾区,○,○,営利法人,1,1,独立系,9011803001340,合同会社　みやざきケアプランニング,,,花しょうぶ居宅介護支援事業所,1372205045,東京都葛飾区西亀有２－３２－１８,03-6671-1880,03-6671-1880,03-6310-5700,http://hanasiyoubu.life.coocan.jp/,"平日,土曜日",,,,,,,,,,,,
1638,葛飾区,○,○,営利法人,1,1,施設併設,8011803001671,合同会社　愛心倶楽部,,,絆ホームケア堀切,1372208072,東京都葛飾区お花茶屋1－18－132F,03-6662-9152,03-6662-9152,03-6662-5063,,平日,,,,,,,,,,,,
1639,葛飾区,○,○,営利法人,1,1,独立系,3011803003227,合同会社　Ｎ’ｓ・company,,,ＳＩＬＶＥＲ　ＳＵＰＰＯＲＴ　あろはな,1372208007,東京都葛飾区青戸2-7-1,03-6662-8160,03-6662-8160,03-6662-8160,,"平日,土曜日",,,,,,,,,,,,
1640,葛飾区,○,○,営利法人,1,1,独立系,7011803003561,合同会社おもてなしの心,,,おもてなしの心,1372208197,東京都葛飾区亀有2-64-13,03-3838-4080,03-3838-4080,03-4586-7234,,平日,,,,,,,,,,,,
1642,葛飾区,○,○,営利法人,1,1,独立系,4011703002724,合同会社なないろ,,,居宅介護支援事業所なないろ,1372208593,東京都葛飾区西新小岩4-40-20マンションサンエイドA202,03-5875-6441,03-5875-6441,03-5875-6442,https://www.go-nanairo.com,平日,,,,,,,,,,,,
1643,葛飾区,○,○,営利法人,1,1,独立系,3011803002303,合同会社もりくらほっこりワールド,,,ほっこり居宅介護支援事業所,1372207330,東京都葛飾区堀切7-22-4,03-6662-5438,03-6662-5438,03-6662-5458,,平日,,,,,,,,,,,,
1644,葛飾区,○,○,営利法人,1,1,独立系,9011803001662,合同会社ナナオ,,,すまいるケア,1372207504,東京都葛飾区東新小岩7-24-8,03-5670-5223,03-5670-5223,0b3-5654-7351,,平日,,,,,,,,,,,,
1645,葛飾区,○,○,営利法人,1,1,独立系,8011803001952,合同会社プラスワン,,,プラスワン居宅介護支援事業所,1372206761,東京都葛飾区立石1-10-5田中ビル401号,03-5654-9260,03-5654-9260,03-5654-9261,,平日,,,,,,,,,,,,
1646,葛飾区,○,○,営利法人,1,1,独立系,4011803003564,合同会社立夏,,,金町ケアマネステーション立夏,1372208239,東京都葛飾区金町5-14-4豊栄ビル２０１,03-5648-5118,03-5648-5118,03-5648-5119,https://www.licca.support,平日,,,,,,,,,,,,
1647,葛飾区,○,○,営利法人,1,1,独立系,5011803002623,合同会社竹乃,,,居宅介護支援事業所たけのこ,1372207595,東京都葛飾区西水元1-15-5302,03-6310-2705,03-6310-2705,03-4283-8842,,平日,,,,,,,,,,,,
1648,葛飾区,○,○,営利法人,1,1,独立系,8011303005371,合同会社Ｊ．ｃｏｎｎｅｃｔ,,,ケアプランセンターsala,1372209591,東京都葛飾区青戸3-37-6サザンビル302号室,03-4400-5422,03-4400-5422,03-4400-5591,,平日,,,,,,,,,,,,
1649,葛飾区,○,○,営利法人,1,1,独立系,5011803006269,合同会社Ｍｏｏｎｄｕｓｔ,,,アプルーブ居宅介護支援事業所,1372209344,東京都葛飾区鎌倉3-11-7,03-5876-7783,03-5876-7783,03-5876-7793,,平日,,,,,,,,,,,,
1650,葛飾区,○,○,営利法人,1,1,独立系,9011803006942,合同会社ｋｏｈａｋｕ,,,ケアプランこはく,1372209559,東京都葛飾区亀有3-16-2セトビル204,090-1704-1231,090-1704-1231,,,平日,,,,,,,,,,,,
1651,葛飾区,○,○,営利法人,1,1,独立系,5011703002608,實現合同会社,,,共創ケアネット,1372209633,東京都葛飾区東四つ木4-28-12,03-6661-8596,03-6661-8596,03-6661-8597,,平日,,,,,,,,,,,,
1652,葛飾区,○,○,営利法人,1,1,独立系,7011802026480,有限会社　ダッシュ,,,ケアステーション　ダッシュ,1372202513,東京都葛飾区お花茶屋１－５－１０,03-6661-3370,03-6661-3370,03-3838-2907,http://www2.plala.or.jp/kaigo-dash/,"平日,祝日",,,,,,,,,,,,
1653,葛飾区,○,○,営利法人,1,1,独立系,5011802029650,有限会社あさひ介護センター,,,あさひ介護センター,1372204121,東京都葛飾区東金町3-19-6本山ビル1F,03-3826-4188,03-3826-4188,03-3826-4190,https://asahi-care.jp/care-manager/,平日,,,,,,,,,,,,
1654,葛飾区,○,○,営利法人,1,1,独立系,5011802025633,有限会社かどで,,,居宅介護支援事業所南風,1372207850,東京都葛飾区高砂5-54-4,03-5622-3035,03-5622-3035,03-5622-3036,http://www.minamikazekyotakukaigosien.com,平日,,,,,,,,,,,,
1655,葛飾区,○,○,営利法人,1,1,独立系,8011802025556,有限会社せき介護サービス,,,ベストケア　かつしか,1372202117,東京都葛飾区青戸５丁目８番１４号　小島ビル1F小島ビル１F,03-3603-1461,03-3603-1461,03-3603-1462,http://business4.plala.or.jp/best1/,平日,,,,,,,,,,,,
1656,葛飾区,○,○,営利法人,1,1,独立系,5011802006229,有限会社ひかりケアサービス,,,ケア　ひかり,1372206472,東京都葛飾区堀切2-33-3林コーポ102号,03-3697-1202,03-3697-1202,03-3697-1212,http://hp.kaipoke.biz/fzg/,平日,,,,,,,,,,,,
1658,葛飾区,○,○,営利法人,1,1,独立系,8011802029227,有限会社アイ・ケア企画,,,さくら支援ステーションかつしか中央,1372208445,東京都葛飾区高砂8-29-17,03-6231-3333,03-6231-3333,03-6914-8898,https://www.sakura-aicae.co.jp/,平日,,,,,,,,,,,,
1659,葛飾区,○,○,営利法人,1,1,独立系,3010602028022,有限会社アクティヴ・ジャパン,,,あおばケアプランニング,1372208247,東京都葛飾区西亀有二丁目７番５号ハイムイワクラ106号,03-5856-3011,03-5856-3011,03-6662-5380,,"平日,土曜日,日曜日,祝日",,,,,,,,,,,,
1660,葛飾区,○,○,営利法人,1,1,独立系,6011802025252,有限会社エムエスシー,,,セーフティーケアサービス,1372207066,東京都葛飾区水元-25-8メゾンヌーボ水元Ⅱ　209,03-5660-2582,03-5660-2582,03-5660-2587,,平日,,,,,,,,,,,,
1661,葛飾区,○,○,営利法人,1,1,独立系,4301372201754,有限会社グッドケア,,,有限会社グッドケア,1372201754,東京都葛飾区東新小岩5丁目19番11号,03-5672-0575,03-5672-0575,03-5672-0576,http://park16.wakwak.com/~goodkea/,平日,,,,,,,,,,,,
1662,葛飾区,○,○,営利法人,1,1,独立系,9011802025316,有限会社ケアシス,,,オリーブ居宅介護支援事業所　亀有,1372201960,東京都葛飾区亀有3-16-151階,03-5629-5178,03-5629-5178,03-3602-5179,http://www.kaigo-pro.jp/care/olive/index.html,平日,,,,,,,,,,,,
1663,葛飾区,○,○,営利法人,1,1,独立系,4011802026896,有限会社スマイル企画,,,ヘルパーステーション末広,1372202695,東京都葛飾区金町4-2-6プレヴェール金町1階,03-3608-3871,03-3608-3871,03-3608-3872,,平日,,,,,,,,,,,,
1664,葛飾区,○,○,営利法人,1,1,独立系,5011802026887,有限会社ヒューマンメディケア,,,介護ステーション太陽,1372202646,東京都葛飾区柴又4-10-5,03-5889-8568,03-5889-8568,03-5889-8968,http://www.humanemc.jp/taiyouhp/index.htm,"平日,土曜日",,,,,,,,,,,,
1665,葛飾区,○,○,営利法人,1,1,独立系,5011802023232,有限会社ヘルパーステーションひまわり,,,有限会社ヘルパーステーションひまわり,1372201408,東京都葛飾区堀切三丁目17番14号コザキパレス101,03-3695-0326,03-3695-0326,03-3695-0328,,平日,,,,,,,,,,,,
1666,葛飾区,○,○,営利法人,1,1,独立系,4011802025477,有限会社ベル,,,ベル東堀切ケアサービス,1372202166,東京都葛飾区東堀切１－１９－４あさひマンション,03-3602-2586,03-3602-2586,03-3602-2587,http://bell-care.sakura.ne.jp/,平日,,,,,,,,,,,,
1667,葛飾区,○,○,営利法人,1,1,独立系,6011802003035,有限会社三愛薬局,,,ケアプランセンターまごころ,1372206324,東京都葛飾区立石2-18-5,03-5654-8766,03-5654-8766,03-5654-8767,http://kaigo-magokoro.co.jp,"平日,祝日",,,,,,,,,,,,
1668,葛飾区,○,○,営利法人,1,1,独立系,6011802022332,有限会社佐護シルバーケアサービス,,,有限会社　佐護シルバーケアーサービス,1372200095,東京都葛飾区亀有2-77-6,03-3602-4886,03-3602-4886,03-3602-4813,,平日,,,,,,,,,,,,
1669,葛飾区,○,○,営利法人,1,1,独立系,6011802029261,有限会社在宅支援　Ｒｅｓｅａｒｃｈ＆Ｐｒａｃｔｉｃｅ,,,居宅介護支援事業所　すみれ,1372203727,東京都葛飾区東金町7-5-8ロイヤルクレセント602号,03-5660-3353,03-5660-3353,03-5648-3779,http://www,平日,,,,,,,,,,,,
1670,葛飾区,○,○,営利法人,1,1,独立系,5110002022118,有限会社結い,,,居宅介護支援あいちぐら,1372207280,東京都葛飾区高砂８－２５－１２レ・ラバージュ１０５,０３－５６４８－２１０３,03-5648-2103,０３－５６４８－２１０４,,平日,,,,,,,,,,,,
1671,葛飾区,○,○,営利法人,1,1,独立系,3011802026088,有限会社袴田ケアサービス,,,袴田ケアサービス,1372202398,東京都葛飾区柴又7-5-32シャトー山田101,03-5668-2988,03-5668-2988,03-5668-2987,,平日,,,,,,,,,,,,
1673,葛飾区,○,○,営利法人,1,1,独立系,3011801026270,株式会社I・C・P,,,アイ・シー・ピー葛飾,1372207959,東京都葛飾区堀切7-4-22,03-6231-3073,03-6231-3073,03-6231-3074,,平日,,,,,,,,,,,,
1674,葛飾区,○,,営利法人,1,2,独立系,1330002029482,株式会社　いずみ,,,菜の花葛飾居宅介護支援事業所,1372208312,東京都葛飾区奥戸9-16-2奥戸石井ビル,03-3657-1970,03-3657-1970,03-6657-9103,https://nanohana-group.net,"平日,祝日",,,,,,,,,,,,
1675,葛飾区,○,○,営利法人,1,1,独立系,7011801021953,株式会社　ウッディ,,,居宅介護支援事業所はーと,1372205391,東京都葛飾区東金町1-38-6宇羽野ビル5階,03-5876-9647,03-5876-9647,03-5876-9648,http://homonkango-heart.com/,平日,,,,,,,,,,,,
1677,葛飾区,○,○,営利法人,1,1,独立系,6011801026152,株式会社　レジオン,,,ケアセンター恵,1372205557,東京都葛飾区青戸8-1-19第十三アサヒハイツ105,03-6662-9474,03-6662-9474,03-6662-9475,,平日,,,,,,,,,,,,
1678,葛飾区,○,○,営利法人,1,1,独立系,7011801033486,株式会社　訪問歯科サポート,,,さくら支援ステーションかめあり歯科,1372208999,東京都葛飾区亀有5-5-6武藤コーポ202,03-5856-1831,03-5856-1831,03-5856-1832,,平日,,,,,,,,,,,,
1679,葛飾区,○,○,営利法人,1,1,独立系,4011801017260,株式会社　訪問看護ステーションひまわり,,,居宅介護支援事業所ひまわり,1372205953,東京都葛飾区高砂5-36-7水戸ビル2階,03-3608-8230,03-3608-8230,03-5876-3695,https://www2.hp-ez.com/hp/himawari-st,平日,,,,,,,,,,,,
1681,葛飾区,○,○,営利法人,1,1,独立系,5011801028389,株式会社いろは,,,いろは居宅介護支援事業所,1372208627,東京都葛飾区水元1-1-9アレーズ水元201,03-6802-6210,03-6802-6210,03-6231-3247,https://www.iroha.fun/,平日,,,,,,,,,,,,
1682,葛飾区,○,○,営利法人,1,1,独立系,6011801021509,株式会社かなまち介護センター,,,株式会社かなまち介護センター,1372204394,東京都葛飾区東金町5-15-11丸竹マンション102号室,03-5648-3901,03-5648-3901,03-5648-3902,,平日,,,,,,,,,,,,
1683,葛飾区,○,○,営利法人,1,1,独立系,1011802025744,株式会社なかよしケアサービス,,,なかよしケアサービス,1372202257,東京都葛飾区柴又4-34-21,03-5612-1566,03-5612-1566,03-5612-1568,https://www.nakayoshicare.com/,平日,,,,,,,,,,,,
1684,葛飾区,○,○,営利法人,1,1,独立系,2011801023847,株式会社ほのぼの,,,居宅介護支援事業所ほのぼの,1372203248,東京都葛飾区柴又三丁目４番１４号2階,03-5648-7441,03-5648-7441,03-5648-7422,honobono-inc.jp,平日,,,,,,,,,,,,
1688,葛飾区,○,○,営利法人,1,1,独立系,8010001119748,株式会社アイビー,,,居宅介護サービス　アイビー,1372205458,東京都葛飾区立石2-7-11ウィステリヤ立石102,03-3691-9179,03-3691-9179,03-3691-9169,https://www.ivy-ivy.jp/,平日,,,,,,,,,,,,
1689,葛飾区,○,○,営利法人,1,1,独立系,1011801000112,株式会社アカオ,,,愛のえぷろんケアセンター,1372201705,東京都葛飾区青戸4丁目25番12号,03-3603-3612,03-3603-3612,03-3603-5647,,平日,,,,,,,,,,,,
1690,葛飾区,○,○,営利法人,1,1,独立系,5010001139831,株式会社ウェルフォース,,,ウェルフォース居宅介護支援事業所,1372208296,東京都葛飾区白鳥2-10-7ル・ヴァンヴェール白鳥,03-6662-5285,03-6662-5285,03-6662-5286,https://elsol-group.jp/,"平日,祝日",,,,,,,,,,,,
1691,葛飾区,○,○,営利法人,1,1,独立系,8011801031324,株式会社エスアンドシー,,,クラフト・ケア,1372207462,東京都葛飾区金町3-6-5青木ビル301号,03-5876-6294,03-5876-6294,03-5876-6233,http://s-and-c-craftcare.com/,平日,,,,,,,,,,,,
1692,葛飾区,○,○,営利法人,1,1,独立系,6011801029295,株式会社エスアールアイコーポレーション,,,ケアステーション　ハナハナ,1372207470,東京都葛飾区奥戸3-21-2コーポ東海１F,03-5875-7755,03-5875-7755,03-5654-7055,https://www.hanahana-care.net/,平日,,,,,,,,,,,,
1693,葛飾区,○,○,営利法人,1,1,独立系,3011801038745,株式会社エヌサポート,,,エヌサポート葛飾,1372209641,東京都葛飾区金町3-26-5コーポ88101,03-5876-6360,03-5876-6360,03-5876-6361,https://n-support-jp.com,平日,,,,,,,,,,,,
1694,葛飾区,○,○,営利法人,1,1,独立系,1011801026058,株式会社エフ・ティー介護サービス,,,エフ・ティー介護サービス,1372200277,東京都葛飾区東金町一丁目３６番１号１１０,03-5660-0213,03-5660-0213,03-5660-0263,http://care-net.biz/13/ftkaigo/,平日,,,,,,,,,,,,
1696,葛飾区,○,○,営利法人,1,1,独立系,1011701015227,株式会社グレースフルライフ,,,居宅介護支援　グレースフルライフ,1372305878,東京都葛飾区高砂8-20-5第2吉田ビル101,03-5876-3925,03-5876-3925,03-6734-1751,https://gracefullife.localinfo.jp/,"平日,土曜日",,,,,,,,,,,,
1697,葛飾区,○,○,営利法人,1,1,独立系,6011801033090,株式会社ケアぷらす,,,居宅介護支援事業所ケアぷらす,1372207801,東京都葛飾区東水元5-4-20ハイツセザンヌ102,03-4405-2496,03-4405-2496,03-4243-2225,,"平日,土曜日,祝日",,,,,,,,,,,,
1702,葛飾区,○,○,営利法人,1,1,独立系,8011801025929,株式会社コンフォート,,,コンフォートケアサポートセンター新柴又,1372206571,東京都葛飾区柴又5-8-13,03-5612-1771,03-5612-1771,03-3673-8221,http://www.conffort.jp/,平日,,,,,,,,,,,,
1703,葛飾区,○,○,営利法人,1,1,独立系,4011802024058,株式会社サンドリーム,,,SILVER　SUPPORT　GARDENS　みつばち,1372209161,東京都葛飾区高砂3－27－13,03－5693－3636,03-5693-3636,03－5693－3637,http://www.sundream.co.jp,"平日,土曜日,祝日",,,,,,,,,,,,
1705,葛飾区,○,○,営利法人,1,1,独立系,7011801032678,株式会社タカハシ,,,タカハシ,1372207694,東京都葛飾区青戸4-12-15,03-3601-4453,03-3601-4453,03-3602-5741,,"平日,土曜日",,,,,,,,,,,,
1709,葛飾区,○,○,営利法人,1,1,独立系,7011801021094,株式会社フタバ介護サービス,,,株式会社フタバ介護サービス,1372204329,東京都葛飾区四つ木4-28-11,03-5698-2841,03-5698-2841,03-5698-2844,http://futabakaigo.co.jp,"平日,土曜日",,,,,,,,,,,,
1710,葛飾区,○,○,営利法人,1,1,独立系,2011801024399,株式会社ブライトウエイ,,,エキスパート,1372205482,東京都葛飾区堀切5-9-4トヨタビル１Ｆ,03-6662-6061,03-6662-6061,,http://bw-expert.com/,平日,,,,,,,,,,,,
1711,葛飾区,○,○,営利法人,1,1,独立系,2011801014375,株式会社ヘルスアンドメディカル,,,あん介護サービスセンター,1372200970,東京都葛飾区西亀有4-16-15林マンション１階,03-5613-8665,03-5613-8665,03-5613-8577,http://an-kaigo.com/,"平日,土曜日",,,,,,,,,,,,
1712,葛飾区,○,○,営利法人,1,1,独立系,7011801023512,株式会社マイルストーン,,,タウンケア居宅介護支援事業所,1372204972,東京都葛飾区立石６－２７－４,03-6662-8450,03-6662-8450,03-6662-8218,https://tc-milestone.com,平日,,,,,,,,,,,,
1713,葛飾区,○,○,営利法人,1,1,独立系,4011801013565,株式会社マルワメディカルサービス,,,ひなたぼっこ在宅介護サービス,1372200392,東京都葛飾区東金町1-36金町駅前団地2号棟1階,03-5648-5360,03-5648-5360,03-5648-5366,http://www.hinataboko.co.jp/,平日,,,,,,,,,,,,
1715,葛飾区,○,○,営利法人,1,1,独立系,9011801026950,株式会社メディハート,,,居宅介護支援事業所　みどり,1372207256,東京都葛飾区立石4-34-13アンモリオビル202,03-5654-9433,03-5654-9433,03-5654-9444,,平日,,,,,,,,,,,,
1718,葛飾区,○,○,営利法人,1,1,独立系,9011801019855,株式会社リガード,,,ケアサービスきりん青砥,1372205193,東京都葛飾区青戸4-21-6,03-6662-9448,03-6662-9448,03-6662-9648,http://kirin2007.com/,平日,,,,,,,,,,,,
1719,葛飾区,○,○,営利法人,1,1,独立系,8011801026456,株式会社ルピナス,,,ルピナス,1372205623,東京都　葛飾区　亀有　１－２６－２４ムーンマリコ５－１０５,03-6662-5313,03-6662-5313,03-6662-5455,,平日,,,,,,,,,,,,
1720,葛飾区,○,○,営利法人,1,1,医療機関併設,7011801034369,株式会社亀山内科居宅支援事業所,,,亀山内科介護相談室,1372207967,東京都葛飾区堀切5-20-92階,03－3604－1026,03-3604-1026,03－3690-8517,,平日,,,,,,,,,,,,
1721,葛飾区,○,○,営利法人,1,1,独立系,2010001250830,株式会社在宅医療サポートセンター,,,いぶき居宅介護支援事業所,1372209567,東京都葛飾区細田3-13-39,03-6806-9731,03-6806-9731,03-6806-9732,,平日,,,,,,,,,,,,
1723,葛飾区,○,○,営利法人,1,1,独立系,4011801037548,株式会社小次郎,,,居宅介護支援くるみ,1372208437,東京都葛飾区西水元6－13－13ハイツシャトー202,03－5876－6170,03-5876-6170,03－5876－6176,http://hp.kaipoke.biz/e5b/,平日,,,,,,,,,,,,
1724,葛飾区,○,○,営利法人,1,1,独立系,7011801000107,株式会社愛和,,,株式会社愛和　介護事業本部,1372200194,東京都葛飾区細田4－3－92F,03-6458-9901,03-6458-9901,03-6458-9903,http://www.aiwa-fukushi.com,"平日,祝日",,,,,,,,,,,,
1725,葛飾区,○,○,営利法人,1,1,独立系,7020001081048,株式会社春,,,ウィズ・ユー葛飾居宅介護支援,1372207884,東京都葛飾区お花茶屋1-20-5,03-6662-6962,03-6662-6962,03-6662-6963,http://halmed.jp/,平日,,,,,,,,,,,,
1726,葛飾区,○,○,営利法人,1,1,独立系,5011801028991,株式会社曉,,,居宅介護支援事業所　あかつき,1372206605,東京都葛飾区高砂2-1-26リバーサイドふじ　302,03-6458-0935,03-6458-0935,03-3671-3277,https://k-akatsuki.com,平日,,,,,,,,,,,,
1727,葛飾区,○,○,営利法人,1,1,独立系,1011801026487,株式会社櫻舞,,,介護保険相談所　櫻舞,1372205573,東京都葛飾区亀有１－２２－２２,０３－３６０２－７２２２,03-3602-7222,０３－３６０２－７２２３,http://park10.wakwak.com/~hirari/,"平日,土曜日",,,,,,,,,,,,
1730,葛飾区,○,○,営利法人,1,1,独立系,2011801018129,株式会社総和,,,むつみケアプランセンター,1372208957,東京都葛飾区西新小岩3-15-10,03-5654-6545,03-5654-6545,03-5654-7479,http://mutsumi-houkan.net/,平日,,,,,,,,,,,,
1732,葛飾区,○,○,営利法人,1,1,独立系,9011801038104,株式会社ＡＩ,,,AI居宅介護支援事業所,1372208510,東京都葛飾区亀有３－２－５ラ・プリエ１０３,03-6231-2825,03-6231-2825,03-6231-2826,,平日,,,,,,,,,,,,
1733,葛飾区,○,○,営利法人,1,1,独立系,1011801043508,株式会社Ｌｉｍ,,,ケアサポートオフィス　リム,1372209294,東京都葛飾区西新小岩4-3-16,03-6657-6961,03-6657-6961,03-6657-6962,http://hp.kaipoke.biz/8xr/,平日,,,,,,,,,,,,
1734,葛飾区,○,○,営利法人,1,1,独立系,9011801046148,株式会社ＲＨ,,,アムールリアン居宅介護支援事業所,1372209617,東京都葛飾区柴又1-5-12,03-5672-9202,03-5672-9202,03-5672-9203,,平日,,,,,,,,,,,,
1737,葛飾区,○,○,営利法人,1,1,独立系,7011801017679,株式会社ｏｎｌｙｏｎｅ,,,オンリー・ワン,1372203206,東京都葛飾区東立石3-13-8サニービル2F,03-5654-0016,03-5654-0016,03-3691-7770,http://www.onlyone0927.com,平日,,,,,,,,,,,,
1749,葛飾区,○,○,営利法人,1,1,独立系,8011803002686,誠心合同会社,,,マイケアプラン,1372207637,東京都葛飾区亀有5-26-3,０３－５８５６－３０４１,03-5856-3041,０３－５８５６－３０４２,,平日,,,,,,,,,,,,
1750,葛飾区,○,○,営利法人,1,1,独立系,5011802024379,青空有限会社,,,あおぞらケアセンター亀有,1372202026,東京都葛飾区白鳥4-22-10エステルハイツ１階,03-5650-3052,03-5650-3052,03-5650-3053,,"平日,土曜日",,,,,,,,,,,,
1751,葛飾区,○,○,営利法人,1,1,独立系,2010401153880,ＡｒＣ株式会社,,,ケアプランセンター結喜,1372209211,東京都葛飾区柴又1-21-10エメラルドマンション第二101,03-5672-9630,03-5672-9630,03-5672-9640,https://www.arc-biz.jp,平日,,,,,,,,,,,,
1755,豊島区,○,○,営利法人,1,1,独立系,2011701019409,おおぞらの株式会社,,,あい居宅介護支援事業所,1371605773,東京都豊島区千早3-24-3,03-6905-8901,03-6905-8901,03-6905-8961,https://sora-ozn.co.jp/,平日,,,,,,,,,,,,
1763,豊島区,○,○,営利法人,1,1,独立系,9013303003536,合同会社　倭ケアサービス,,,西池袋ホームヘルプサービス,1371605427,東京都豊島区西池袋３－３３－６SHKビル３階,03-5957-0700,03-5957-0700,03-5957-0700,https://care-net.biz/13/nishiike,"平日,土曜日",,,,,,,,,,,,
1764,豊島区,○,○,営利法人,1,1,独立系,3011503002479,合同会社　居宅介護支援事業　ケアサポート　寿,,,ケアサポート　寿,1371605591,東京都豊島区巣鴨4-29-21号室,03-3576-0041,03-3576-0041,03-3576-0041,,平日,,,,,,,,,,,,
1765,豊島区,○,○,営利法人,1,1,独立系,9013303002174,合同会社ふじ介護,,,ふじ介護,1371604693,東京都豊島区池袋3-7-15,0359285505,0359285505,0369152884,https://www.fuji-kaigo.biz,平日,,,,,,,,,,,,
1766,豊島区,○,○,営利法人,1,1,独立系,8013303002480,合同会社めぐる,,,わだち,1371604917,東京都豊島区池袋本町2-13-14泉川ビル1階,03-5950-2922,03-5950-2922,03-6915-2436,,平日,,,,,,,,,,,,
1767,豊島区,○,○,営利法人,1,1,独立系,8013303002266,合同会社ソーシャルオフィスＡＫＯ,,,ＡＫＯ介護支援センター,1371604776,東京都豊島区池袋４－１２－２６,03-3984-8460,03-3984-8460,03-3984-8460,,平日,,,,,,,,,,,,
1768,豊島区,○,○,営利法人,1,1,独立系,4013303002385,合同会社トップヒル,,,トップヒル介護支援センター,1371604859,東京都豊島区西池袋5-27-21パークハイツ西池103,03-5926-8088,03-5926-8088,03-5926-8088,,平日,,,,,,,,,,,,
1769,豊島区,○,○,営利法人,1,1,独立系,2010002041147,有限会社　さくら介護サービス,,,さくら介護サービス豊島,1371603620,東京都豊島区池袋３－１４－１６,03-5391-1012,03-5391-1012,03-5391-1019,,平日,,,,,,,,,,,,
1770,豊島区,○,○,営利法人,1,1,独立系,6013302020535,有限会社　オープラス,,,ケアステーション　オープラス,1371602960,東京都豊島区要町2丁目4番8号大恵ビル1Ｆ,03-3972-2680,03-3972-2680,03-3972-2681,,"平日,祝日",,,,,,,,,,,,
1771,豊島区,○,○,営利法人,1,1,独立系,2013302017700,有限会社　寿晴介護サービス,,,有限会社　寿晴介護サービス,1371601582,東京都豊島区駒込４ー８ー９,03-5961-3101,03-5961-3101,03-5961-3109,,平日,,,,,,,,,,,,
1772,豊島区,○,○,営利法人,1,1,施設併設,3013302014738,有限会社あさくらケアハウス,,,有限会社あさくらケアハウスケアプラン,1371600410,東京都豊島区南大塚2-43-4,03-3941-0047,03-3941-0047,03-3943-0387,https://asakura-care.jp/,"平日,土曜日,日曜日,祝日",,,,,,,,,,,,
1773,豊島区,○,○,営利法人,1,1,独立系,4011402018427,有限会社ケアフレンド,,,ケアフレンド豊島,1371602291,東京都豊島区長崎２－４－９,03-5917-0188,03-5917-0188,03-5917-0189,http://care-net.biz/13/c-friend/,"平日,土曜日",,,,,,,,,,,,
1774,豊島区,○,○,営利法人,1,1,独立系,4013302018944,有限会社サン,,,サン・ケアセンター,1371601954,東京都豊島区西巣鴨3-15-10ＵＫビル2階,03-3918-3571,03-3918-3571,03-3918-3579,http://www.sun-care.jp,"平日,祝日",,,,,,,,,,,,
1775,豊島区,○,○,営利法人,1,1,独立系,9013302015598,有限会社バリアフリー・サポート,,,バリアフリーサポート巣鴨居宅介護支援事業所,1371605385,東京都豊島区巣鴨２-４-２岡田ビル７０５,03-5961-3441,03-5961-3441,03-5961-3442,,平日,,,,,,,,,,,,
1776,豊島区,○,○,営利法人,1,1,施設併設,6013302013209,有限会社ホームケアながさき,,,有限会社　ホームケアながさき,1371600097,東京都豊島区南長崎５丁目9番１0号レジェンド南長崎101号室,03-5988-7388,03-5988-7388,03-5988-7366,http://www.homecare-nagasaki.com/,平日,,,,,,,,,,,,
1778,豊島区,○,○,営利法人,1,1,独立系,6013302018414,有限会社ユーフォリア,,,ケアセンター・ユーフォリア,1371603075,東京都豊島区千早3-16-5,03-5964-8777,03-5964-8777,03-5964-8778,,平日,,,,,,,,,,,,
1782,豊島区,○,○,営利法人,1,1,独立系,2013301028401,株式会社いずみ介護センター,,,いずみ介護センター本町,1371604479,東京都豊島区池袋本町4-16-6,03-6410-6647,03-6410-6647,03-6410-6648,,平日,,,,,,,,,,,,
1784,豊島区,○,○,営利法人,1,1,独立系,5013301034099,株式会社まんぞく介護,,,ケアプランセンターまんぞく,1371604644,東京都豊島区池袋本町1-28-1101,03-6912-5426,03-6912-5426,03-6912-6535,http://www.manzokukaigo.com/,平日,,,,,,,,,,,,
1785,豊島区,○,○,営利法人,1,1,独立系,9013301001780,株式会社エヌ・ティ豊島,,,株式会社　エヌ・ティ豊島,1371600212,東京都豊島区池袋２－７３－１,03-3986-5678,03-3986-5678,03-3988-3555,http://www.nt-toshima.co.jp,平日,,,,,,,,,,,,
1786,豊島区,○,○,営利法人,1,1,独立系,7013301007144,株式会社グレイス・ケアー,,,株式会社グレイス・ケアー,1371600501,東京都豊島区南池袋4-16-11,03-3987-6446,03-3987-6446,03-3987-7275,http://www.grace-care.co.jp,"平日,土曜日",,,,,,,,,,,,
1788,豊島区,○,○,営利法人,1,1,独立系,4013301020216,株式会社ケアリッチ,,,ケアリッチ,1371601780,東京都豊島区南池袋2-6-12宮城ビル２Ｆ,03-5396-9911,03-5396-9911,03-5953-7810,http://www.carerich.co.jp,"平日,土曜日,祝日",,,,,,,,,,,,
1790,豊島区,○,○,営利法人,1,1,独立系,7010001147832,株式会社ダイシン,,,ケアマネステーション南大塚,1371605039,東京都豊島区南大塚2-32-6MASAビル１階,０３－５３１９－４５００,03-5319-4500,０３－５３１９－４５０１,http://minami.dysin.jp/,平日,,,,,,,,,,,,
1792,豊島区,○,○,営利法人,1,1,独立系,6013301053899,株式会社ファンプレイス,,,ケアプランなないろ,1371606201,東京都豊島区駒込1-4-5東俳シャトル館301号,03-5810-1706,03-5810-1706,03-5810-1707,https://www.funplace-nanairo.co.jp/,平日,,,,,,,,,,,,
1793,豊島区,○,○,営利法人,1,1,独立系,4010501032000,株式会社ラック・メディカルサービス,,,ラック介護支援センター,1371605302,東京都豊島区南大塚3丁目44番13クレスト南大塚602,03-3982-8077,03-3982-8077,03-3982-8150,http://www.apln.co.jp/care,平日,,,,,,,,,,,,
1794,豊島区,○,○,営利法人,1,1,独立系,7013301037414,株式会社ルーモ,,,ルーモケアデザイン東池袋,1371605260,東京都豊島区東池袋2-47-4吉田ビル201,03-3987-6511,03-3987-6511,03-6740-9979,http://www.roomo.co.jp,平日,,,,,,,,,,,,
1795,豊島区,○,○,営利法人,1,1,独立系,8013301002615,株式会社北池調剤薬局,,,きたいけ介護ステーション,1371601178,東京都豊島区池袋本町4-7-3リヴェール１階,03-3986-5465,03-3986-5465,03-5957-7815,,平日,,,,,,,,,,,,
1796,豊島区,○,○,営利法人,1,1,独立系,2011501025235,株式会社地域医療ラボ,,,たばこまケアプラン,1371606219,東京都豊島区駒込３丁目５−５エフティビル3F,03-6820-4784,03-6820-4784,03-6859-9371,https://tabakoma.com/,平日,,,,,,,,,,,,
1798,豊島区,○,○,営利法人,1,1,独立系,1030001033895,株式会社孝謙,,,東池袋四丁目介護支援センター,1371603901,東京都豊島区東池袋5-20-7飯塚ビル2F,03-6914-0413,03-6914-0413,03-6914-0412,,"平日,土曜日",,,,,,,,,,,,
1801,豊島区,○,○,営利法人,1,1,独立系,6013301005859,株式会社関野研究所,,,せきのハートケアサービス,1371604925,東京都豊島区池袋3-29-17,03-3981-5161,03-3981-5161,03-6740-2147,http://www.sekino-hospital.com/shcs/index.html,平日,,,,,,,,,,,,
1802,豊島区,○,○,営利法人,1,1,独立系,6013301048016,株式会社ＥＭＫ,,,いちごケアプラン,1371606102,東京都豊島区池袋2-33-17オリエントハイツ202号,03-6907-1836,03-6907-1836,03-6907-1837,https://hp.kaipoke.biz/xbt/190316/base_0001.html,平日,,,,,,,,,,,,
1803,豊島区,○,○,営利法人,1,1,独立系,8010401050172,株式会社Ｋｓ　Ｈｏｌｄｉｎｇ,,,ハッピーライフ　すずめが丘,1371604198,東京都豊島区要町１－２９－４,03-5986-0443,03-5986-0443,03-5986-0442,http://www.suzumegaoka.com,"平日,祝日",,,,,,,,,,,,
1817,足立区,○,○,営利法人,1,1,独立系,1011801035208,あっぷけあスーリール株式会社,,,あっぷけあ大師参道,1372112837,東京都足立区西新井1-8-2サイトウビル1階,03-6868-5534,03-6868-5534,03-5809-5523,https://upcare.co.jp/Suriel.html,平日,,,,,,,,,,,,
1818,足立区,○,○,営利法人,1,1,独立系,1011802023748,おだい介護サービス有限会社,,,おだい介護サービス,1372104297,東京都足立区小台2-23-8,03-5959-8885,03-5959-8885,03-5959-8880,http://odaikaigo.com/,"平日,土曜日",,,,,,,,,,,,
1819,足立区,○,○,営利法人,1,1,独立系,4011801029000,しらかば株式会社,,,医療介護をささえる大樹,1372112316,東京都足立区栗原３－２５－１２グリーンコーポラス１Ｆ,０３－５６４７－０５６０,03-5647-0560,０３－５６４７－０５６１,https://www.yst-homecare.jp,平日,,,,,,,,,,,,
1820,足立区,○,○,営利法人,1,1,独立系,3011802029009,キャロット有限会社,,,キャロット居宅介護支援事業所,1372105781,東京都足立区青井６－７－１８,03-5845-6411,03-5845-6411,03-5845-2031,http://www,"平日,土曜日",,,,,,,,,,,,
1821,足立区,○,○,営利法人,1,1,独立系,9011801023469,サンライズ・メイト・バート株式会社,,,居宅介護支援事業所サンライズ・メイト・バート,1372107647,東京都足立区東綾瀬１－２２－１,03-5697-9895,03-5697-9895,03-5697-9896,http://www.samaba.jp/,"平日,祝日",,,,,,,,,,,,
1823,足立区,○,○,営利法人,1,1,独立系,8011801032116,ストレスケアリゾート株式会社,,,のるでん,1372112910,東京都足立区柳原1-11-11,03-6806-1014,03-6806-1014,03-6806-1092,http://scr.tokyo.jp/,平日,,,,,,,,,,,,
1824,足立区,○,○,営利法人,1,1,独立系,2011803003120,スラージュ合同会社,,,居宅介護支援事業所　スラージュ,1372112274,東京都足立区古千谷本町4-12-26,03-6807-1338,03-6807-1338,03-5809-5638,,平日,,,,,,,,,,,,
1825,足立区,○,○,営利法人,1,1,独立系,8011803004393,ヒカルマン合同会社,,,ヒカルケア居宅介護支援事業所,1372113405,東京都足立区伊興本町2-2-29,03-6822-8899,03-6822-8899,03-6822-8899,https://hp.kaipoke.biz/vvy/,平日,,,,,,,,,,,,
1826,足立区,○,○,営利法人,1,1,独立系,9011803001365,プレミアム・ケア合同会社,,,居宅介護支援事業所ほのか,1372110286,東京都足立区六月2-35-5メゾンド・フルール,03-3883-5371,03-3883-5371,03-3883-5372,,平日,,,,,,,,,,,,
1827,足立区,○,○,営利法人,1,1,独立系,3011802020792,ホットプランニング足立有限会社,,,ホットプランニング足立有限会社　介護支援事業部,1372103034,東京都足立区綾瀬5-7-9シティービル1階,03-3620-7393,03-3620-7393,03-3620-7560,https://hotplanning.co.jp/,"平日,土曜日,祝日",,,,,,,,,,,,
1829,足立区,○,,営利法人,1,4,独立系,3011701009375,メディカル・ケア・プランニング株式会社,,,つどい支援事業所　足立,1372104404,東京都足立区入谷１－２７－１８,03-5647-3055,03-5647-3055,03-5647-3023,http://www.mcp-net.jp,平日,,,,,,,,,,,,
1849,足立区,○,○,営利法人,1,1,独立系,9011501014330,協同産業株式会社,,,りあんサポート,1372113413,東京都足立区新田3-26-1サンライズコーポ101,03-6908-4438,03-6908-4438,03-6908-4439,,平日,,,,,,,,,,,,
1850,足立区,○,○,営利法人,1,1,独立系,4011803003127,合同会社　ゆめかいと,,,ゆめかケアセンター,1372112217,東京都足立区大谷田３－４－５シャンブル２０１,03－4285－3957,03-4285-3957,03－6319－5168,,平日,,,,,,,,,,,,
1851,足立区,○,○,営利法人,1,1,独立系,5011803007218,合同会社きさらぎ,,,ケアプランきさらぎ,1372115046,東京都足立区伊興２－１４－２－１０２,03-5837-4071,03-5837-4071,03-5837-4072,,平日,,,,,,,,,,,,
1852,足立区,○,○,営利法人,1,1,独立系,4011803001650,合同会社ほの花,,,ケアプランハウス　ほの花,1372109320,東京都足立区伊興２丁目14-5ｻﾝﾙｰﾄﾏﾝｼｮﾝ１階,03-5647-6285,03-5647-6285,03-5647-6286,http://care-honoka.com,平日,,,,,,,,,,,,
1853,足立区,○,○,営利法人,1,1,独立系,4011803001799,合同会社むつみあい,,,Always居宅介護支援事業所,1372112506,東京都足立区保木間3-15-10センチュリー保木間103,03-5851-9867,03-5851-9867,03-4496-4888,,平日,,,,,,,,,,,,
1854,足立区,○,○,営利法人,1,1,独立系,7011803004997,合同会社アートハピネス,,,居宅介護支援事業所アートハピネス,1372113793,東京都足立区東六月町5-32,03-3859-7341,03-3859-7341,03-3859-7341,https://art-happiness.lovesick.jp/,平日,,,,,,,,,,,,
1855,足立区,○,○,営利法人,1,1,独立系,7011803003396,合同会社エスポワール,,,はるケアプランサポート,1372112589,東京都足立区六木4-6-32ホーム矢澤A-3号,03-6555-4088,03-6555-4088,050-3588-0522,http://www.haru-careplansupport.info/,平日,,,,,,,,,,,,
1856,足立区,○,○,営利法人,1,1,独立系,4011803002715,合同会社ケアマネジメントせと,,,ケアマネジメント　せと,1372111805,東京都足立区西保木間二丁目５番１２号シルヴァレックス竹の塚４０８号室,03-5851-8618,03-5851-8618,03-5851-8619,,平日,,,,,,,,,,,,
1857,足立区,○,○,営利法人,1,1,独立系,7011803003925,合同会社ケアマネジメントカインド,,,ケアマネジメント　カインド,1372113140,東京都足立区興野1-18-24サニーコート　U　201号室,03-6822-3116,03-6822-3116,03-4335-7758,https://sites.google.com/view/caremanagementkind/,平日,,,,,,,,,,,,
1858,足立区,○,○,営利法人,1,1,独立系,4011803004422,合同会社コンパス,,,ケアプランこんぱす,1372113439,東京都足立区舎人3-8-27ピュアセゾンB-203,03-5647-9667,03-5647-9667,050-3537-4921,,平日,,,,,,,,,,,,
1859,足立区,○,○,営利法人,1,1,独立系,1011803002032,合同会社シエンズ,,,あぜみちケアプランセンター,1372110799,東京都足立区千住4-16-2,03-6806-1912,03-6806-1912,03-6806-1914,,平日,,,,,,,,,,,,
1860,足立区,○,○,営利法人,1,1,独立系,5011803002524,合同会社トラストケア,,,居宅介護支援事業所トラストケア,1372111599,東京都足立区島根2-38-11１階,03-5242-6350,03-5242-6350,03-6881-4083,,平日,,,,,,,,,,,,
1861,足立区,○,○,営利法人,1,1,独立系,7030003026470,合同会社大胡蝶,,,ケアマネジメント大胡蝶,1372114791,東京都足立区西新井4-25-3MaisondeL'aile302,050-8883-5806,050-8883-5806,050-3527-0337,,平日,,,,,,,,,,,,
1862,足立区,○,○,営利法人,1,1,独立系,7011803003859,合同会社花実,,,ケアプランセンター花実,1372113058,東京都足立区六木1丁目3番20号大松コーポ302,03-5849-3477,03-5849-3477,03-5849-3478,https://www.kasane0102.com,平日,,,,,,,,,,,,
1863,足立区,○,○,営利法人,1,1,独立系,1011803003658,合同会社青空ケアサービス,,,ケアプラン青空,1372114650,東京都足立区竹の塚三丁目5番21F,03-5856-5145,03-5856-5145,03-5856-5146,,平日,,,,,,,,,,,,
1864,足立区,○,○,営利法人,1,1,独立系,7030003018187,合同会社ＬＩＦＥマネジメント,,,LIFEマネジメント居宅介護支援事業所,1372114726,東京都足立区竹の塚6-22-2ドリームコート201,03-5856-5044,03-5856-5044,03-5856-5305,http://mgmt-life.jp,"平日,土曜日",,,,,,,,,,,,
1865,足立区,○,○,営利法人,1,1,独立系,4011801010959,日生産業株式会社,,,ニッセイ・ケア,1372100022,東京都足立区谷在家２丁目１２番地３号,03-3897-7354,03-3897-7354,03-3897-7358,,"平日,土曜日,祝日",,,,,,,,,,,,
1866,足立区,○,○,営利法人,1,1,独立系,3011802022005,有限会社　あすなろ会,,,有限会社　あすなろ会,1372100568,東京都足立区保木間5丁目２番20号保木間ビル　1F,03-5242-6001,03-5242-6001,03-5831-2828,,"平日,土曜日,祝日",,,,,,,,,,,,
1867,足立区,○,○,営利法人,1,1,独立系,1011802027583,有限会社　こもれび介護サービス,,,こもれび介護サービス,1372104644,東京都足立区本木２－１１－４,03-5681-5582,03-5681-5582,03-5681-5657,,平日,,,,,,,,,,,,
1868,足立区,○,○,営利法人,1,1,独立系,2011802029959,有限会社　アウトソー,,,総合相談センター　じゃすみん,1372111235,東京都足立区西新井本町2-8-14セントラルマンション西新井101,03-5809-4717,03-5809-4717,03-5809-4471,http://jasmine.nishiarai.com/,平日,,,,,,,,,,,,
1869,足立区,○,○,営利法人,1,1,独立系,5011802022829,有限会社さいとうケアセンター,,,さいとうケアセンター,1372102176,東京都足立区関原３－４６－１０,03-5845-7527,03-5845-7527,03-5845-7528,https://hp.kaipoke.biz/8hy/,"平日,土曜日,祝日",,,,,,,,,,,,
1871,足立区,○,○,営利法人,1,1,独立系,7011802027108,有限会社オレンジ企画,,,おれんじケア,1372110468,東京都足立区保木間1-8-10オレンジ企画,03-5831-6422,03-5831-6422,03-5831-6430,orangecare.jimdofree.com,平日,,,,,,,,,,,,
1872,足立区,○,○,営利法人,1,1,独立系,7011802028642,有限会社ケアサポート谷中,,,ケアサポート谷中居宅介護支援事業所,1372105716,東京都足立区谷中３－８－１８,03-5856-1031,03-5856-1031,03-3629-3799,http://www.csy.jp,平日,,,,,,,,,,,,
1873,足立区,○,○,営利法人,1,1,独立系,1011302003589,有限会社コーラルライト,,,ケアプランきたがわ,1372106540,東京都足立区千住河原町22-62階,03-6413-8210,03-6413-8210,03-6413-8211,,平日,,,,,,,,,,,,
1874,足立区,○,○,営利法人,1,1,独立系,4011802026806,有限会社サッパリサポート,,,サッパリサポート,1372104099,東京都足立区西綾瀬3-6-3,03-3849-7601,03-3849-7601,03-3849-7612,,平日,,,,,,,,,,,,
1875,足立区,○,○,営利法人,1,1,独立系,6011802025624,有限会社ファーストイン,,,明日香介護サービス,1372103786,東京都足立区関原１－９－２０,03-3880-7111,03-3880-7111,03-3880-7122,,平日,,,,,,,,,,,,
1876,足立区,○,○,営利法人,1,1,独立系,8011802028781,有限会社フューチャー,,,（有）フューチャー居宅介護支援事業所,1372108884,東京都足立区東伊興３－３－１０,03-5838-0477,03-5838-0477,03-5838-0478,,"平日,土曜日",,,,,,,,,,,,
1877,足立区,○,○,営利法人,1,1,独立系,3011202010964,有限会社ベリーライフグループ,,,ベリーＣＭステーション,1372106573,東京都足立区竹の塚5-7-10森屋ビル201,03-3860-0228,03-3860-0228,03-3860-0218,,平日,,,,,,,,,,,,
1878,足立区,○,○,営利法人,1,1,独立系,7011802026621,有限会社ユウキエンタープライズ,,,ファミリーケア結,1372111383,東京都足立区谷中3-9-13ヴィラファニー1階,03-5849-3624,03-5849-3624,03-5849-3634,,平日,,,,,,,,,,,,
1879,足立区,○,○,営利法人,1,1,独立系,1011802027154,有限会社ライフステージ,,,ライフステージひびき,1372104453,東京都足立区千住3-7平松HMビル201,03-5813-0362,03-5813-0362,03-5284-3607,https://www.lifestage-tokyo.jp/,"平日,土曜日",,,,,,,,,,,,
1880,足立区,○,○,営利法人,1,1,独立系,1030002084599,有限会社レーザテクノジャパン,,,らいふケア,1372108983,東京都足立区花畑5-2-8,03-5851-5544,03-5851-5544,03-5851-5545,,平日,,,,,,,,,,,,
1884,足立区,○,○,営利法人,1,1,独立系,8011801033353,株式会社increase,,,居宅介護支援事業所のえる,1372112779,東京都足立区千住東1-5-3M北千住101,03-6806-1452,03-6806-1452,03-6806-1553,,平日,,,,,,,,,,,,
1886,足立区,○,○,営利法人,1,1,独立系,4011801025098,株式会社　エイチ-デザイナーズ,,,居宅介護支援きづきケア,1372111490,東京都足立区東和２－１４－２遠藤ビル１０２,０３－５８４９－５４７６,03-5849-5476,０３－５８４９－５４７７,http://h-designers.jp/,平日,,,,,,,,,,,,
1889,足立区,○,○,営利法人,1,1,独立系,2011801017824,株式会社　世林,,,木の実ケアセンター,1372112456,東京都足立区本木1-8-14,03-6806-3091,03-6806-3091,03-6806-3092,https://www.kinomi.net,平日,,,,,,,,,,,,
1893,足立区,○,○,営利法人,1,1,独立系,9011801019112,株式会社　ＴＫカンパニー,,,西新井ケアセンター,1372106383,東京都足立区西新井2-11-14,03-5838-0156,03-5838-0156,03-5838-0157,,平日,,,,,,,,,,,,
1894,足立区,○,○,営利法人,1,1,独立系,2011801015357,株式会社あおばライフケア,,,株式会社あおばライフケア,1372102929,東京都足立区梅島3-33-1,03-5888-0701,03-5888-0701,03-5888-2334,http://aoba-lifecare.com/,"平日,土曜日",,,,,,,,,,,,
1895,足立区,○,○,営利法人,1,1,独立系,1011801018105,株式会社いなほ,,,ケアサービスいなほ,1372105997,東京都足立区入谷一丁目１３番１７号,03-6903-6812,03-6903-6812,03-5647-1174,http://kabuinaho.com,平日,,,,,,,,,,,,
1896,足立区,○,○,営利法人,1,1,独立系,3011801040255,株式会社ごはんの会,,,足立介護相談センターこころみ,1372113702,東京都足立区栗原1-4-15203,050-3095-2404,050-3095-2404,03-6730-8447,https://kokoromi.online/,"平日,土曜日",,,,,,,,,,,,
1897,足立区,○,○,営利法人,1,1,独立系,2011801022444,株式会社さくらさくらケア,,,さくらさくらケア,1372107290,東京都足立区保木間3-33-62Ｆ,03-5851-9911,03-5851-9911,03-3858-8517,https://sites.google.com/view/sakurasakuracare/%E3%83%9B%E3%83%BC%E3%83%A0,平日,,,,,,,,,,,,
1898,足立区,○,○,営利法人,1,1,独立系,3011801036848,株式会社すえひろ,,,ケアクリエイションすえひろ,1372114247,東京都足立区足立4-25-13302,03-6807-2380,03-6807-2380,03-6807-2381,,"平日,土曜日,祝日",,,,,,,,,,,,
1900,足立区,○,○,営利法人,1,1,独立系,6011801035707,株式会社ひだまり,,,ケアプランセンターひだまり,1372113538,東京都足立区古千谷本町2-21-11,03-5856-9736,03-5856-9736,03-5856-9738,,平日,,,,,,,,,,,,
1901,足立区,○,○,営利法人,1,1,独立系,5011801045418,株式会社みのり,,,介護相談処みのり,1372112142,東京都足立区関原3-48-2,03-5888-6497,03-5888-6497,03-5888-6498,,平日,,,,,,,,,,,,
1902,足立区,○,○,営利法人,1,1,独立系,1011801021298,株式会社めぐみ,,,ケアマネステーション　れもんの樹,1372108520,東京都足立区西新井栄町2-5-17,03-3887-1332,03-3887-1332,03-5681-0380,,平日,,,,,,,,,,,,
1916,足立区,○,○,営利法人,1,1,独立系,9011802010169,株式会社ウメモトコーポレーション,,,ウメモトコーポレーション,1372111839,東京都足立区西新井栄町3丁目3番8号,03-6374-4477,03-6374-4477,03-6374-4478,http://www.umemoto.co.jp,平日,,,,,,,,,,,,
1917,足立区,○,○,営利法人,1,1,独立系,5011801037365,株式会社エマティー,,,いちえケア,1372114080,東京都足立区梅島3-22-6メゾンウメジマ103,03--5888-4891,03-5888-4891,03--5888-4892,https://www.ichiecare.jp/,平日,,,,,,,,,,,,
1918,足立区,○,○,営利法人,1,1,独立系,5011801033686,株式会社エムアンドケイ,,,にじいろケア,1372112100,東京都足立区花畑3ｰ3ｰ４103,0358315908,0358315908,0358315909,,平日,,,,,,,,,,,,
1919,足立区,○,○,営利法人,1,1,独立系,3011801039685,株式会社ケアろぐ,,,居宅介護支援ケアろぐ,1372114411,東京都足立区鹿浜2-25-1さくら3　301号室,03-6803-1630,03-6803-1630,050-3457-6929,https://www.carelog2021.com,平日,,,,,,,,,,,,
1925,足立区,○,○,営利法人,1,1,独立系,4011801025676,株式会社ケアプランちょうじゅの杜,,,ケアプランちょうじゅの杜,1372108546,東京都足立区千住龍田町26-8,03-6806-1292,03-6806-1292,03-6806-1293,,平日,,,,,,,,,,,,
1927,足立区,○,○,営利法人,1,1,独立系,3011801026031,株式会社スクエア,,,居宅介護支援事業所つくしんぼう,1372108918,東京都足立区西新井本町2-4-19,03-6803-1351,03-6803-1351,03-6803-1354,http://tsukushinbow.sakura.ne.jp,平日,,,,,,,,,,,,
1935,足立区,○,○,営利法人,1,1,独立系,8011801036331,株式会社ハピネスケア,,,きぼう居宅介護支援事業所,1372113819,東京都足立区大谷田1－4－7ロイヤルエクセレンス小川102,03-5849-3630,03-5849-3630,03-5849-3631,https://happinesscare-kibou.com/,"平日,土曜日,祝日",,,,,,,,,,,,
1936,足立区,○,○,営利法人,1,1,独立系,5011802026185,株式会社ハンド・イン・ハンド,,,株式会社ハンド・イン・ハンド,1372103612,東京都足立区西新井5-2-14,03-3855-9010,03-3855-9010,03-3855-9013,http://www.hand-in-hand.co.jp,"平日,祝日",,,,,,,,,,,,
1937,足立区,○,○,営利法人,1,1,独立系,5011801017821,株式会社ヒューマンサポート,,,あかり居宅介護支援事業所,1372114916,東京都足立区西新井2-30-10UUコーポ102,03-6807-1776,03-6807-1776,03-6807-1710,https://humansupport-welfare.co.jp/,平日,,,,,,,,,,,,
1938,足立区,○,○,営利法人,1,1,独立系,9011801020160,株式会社ヒューマンサービス,,,居宅介護支援事業所　ほほえみ,1372106904,東京都足立区伊興１－６－２２,03-5838-1671,03-5838-1671,03-5809-5245,http://humanservice.jp,平日,,,,,,,,,,,,
1939,足立区,○,,営利法人,1,13,独立系,5140001037477,株式会社ビオネスト,,,ケアプラン笑楽　足立入谷,1372115004,東京都足立区入谷九丁目14番14号,03-5809-5563,03-5809-5563,050-3527-2389,,平日,,,,,,,,,,,,
1940,足立区,○,○,営利法人,1,1,独立系,4040001070002,株式会社ファウンテン,,,梅郷介護,1372109601,東京都足立区梅田5-18-8２階,03-6806-4808,03-6806-4808,03-6806-4881,http://hp.kaipoke.biz/pgx/,"平日,土曜日",,,,,,,,,,,,
1941,足立区,○,○,営利法人,1,1,独立系,7011801029988,株式会社マウンドヘルシー,,,シャリテ,1372110856,東京都足立区六木１－３－１５六木セントラルビレッジ１０４,０３－５８５６－２３４７,03-5856-2347,０３－５８５６－２３４８,,平日,,,,,,,,,,,,
1942,足立区,○,○,営利法人,1,1,独立系,8011801045084,株式会社モノトビ,,,居宅介護支援　モノトビ,1372114635,東京都足立区青井3-7-17Kotakiビル２F,03-5888-5924,03-5888-5924,03-5888-5925,https://sites.google.com/monotobi.co.jp/web-site,平日,,,,,,,,,,,,
1943,足立区,○,○,営利法人,1,1,独立系,1011801039927,株式会社リレイト,,,リンク・ケアマネ・オフィス,1372114122,東京都足立区島根4-38-5,03-5809-6526,03-5809-6526,03-5809-6528,https://rink-relate.hp.peraichi.com,平日,,,,,,,,,,,,
1944,足立区,○,○,営利法人,1,1,独立系,7030001134077,株式会社リーブルケア,,,リーブルケア足立,1372113090,東京都足立区大谷田3-7-6,03-5849-5529,03-5849-5529,03-5849-5528,https://www.librecare.jp/,平日,,,,,,,,,,,,
1945,足立区,○,○,営利法人,1,1,独立系,1011801035199,株式会社介護キャラバン隊,,,株式会社介護キャラバン隊,1372112597,東京都足立区南花畑2−7−6グリーンパーク花畑V203,0363198484,0363198484,0363156897,,平日,,,,,,,,,,,,
1946,足立区,○,○,営利法人,1,1,独立系,2011801009169,株式会社創カンパニー,,,ハートぽっぽ指定居宅介護支援事業所,1372100212,東京都足立区保木間1-5-21,03-3850-8467,03-3850-8467,03-3850-8468,http://www.heart-pop.jp/,"平日,土曜日",,,,,,,,,,,,
1949,足立区,○,○,営利法人,1,1,独立系,5011801034486,株式会社恵福,,,居宅介護支援事業所エフ,1372112449,東京都足立区一ツ家2－10－18谷古宇マンション104,03-5809-6269,03-5809-6269,03-5809-6279,,平日,,,,,,,,,,,,
1950,足立区,○,○,営利法人,1,1,独立系,8011801024988,株式会社愛,,,愛介護サービス,1372108215,東京都足立区西新井2-1-18近藤ビル301号,03-5856-8508,03-5856-8508,035856-8509,http://www.ai-kaigo.co.jp,平日,,,,,,,,,,,,
1952,足立区,○,○,営利法人,1,1,独立系,7013301028636,株式会社有絵,,,ｹｱﾏﾈｼﾞﾒﾝﾄあるえ,1372110369,東京都足立区保塚町15-191F,03-5851-6203,03-5851-6203,03-5851-6212,http://www.arue.ne.jp/,"平日,土曜日",,,,,,,,,,,,
1953,足立区,○,○,営利法人,1,1,独立系,2011801030380,株式会社東日プランニングオフィス,,,東日ケアサービス　居宅介護支援事業所,1372111078,東京都足立区栗原3-23-10JSビル２Ｆ,０３－５６４７－５２００,03-5647-5200,０３－５６４７－５２１１,,"平日,土曜日",,,,,,,,,,,,
1957,足立区,○,○,営利法人,1,1,独立系,3011801023425,株式会社福寿,,,居宅介護支援センターえにし,1372108736,東京都足立区神明1-6-21F,０３－６８０７－２９８０,03-6807-2980,０３－６８０７－２９１３,http://www.fukuju2910.com,平日,,,,,,,,,,,,
1958,足立区,○,○,営利法人,1,1,独立系,7011801015765,株式会社福祉協同サービス,,,ケアサポ－トセンター千住,1372111375,東京都足立区柳原1-7-8,03-3888-2770,03-3888-2770,03-3888-2775,http://fukushi-ks.com/,平日,,,,,,,,,,,,
1959,足立区,○,○,営利法人,1,1,独立系,9011801022280,株式会社若竹介護,,,若竹介護,1372107233,東京都足立区梅田６-１-１２,03-5845-5922,03-5845-5922,03-5845-5927,,平日,,,,,,,,,,,,
1960,足立区,○,○,営利法人,1,1,独立系,5011801016823,株式会社陽平,,,介護の一休,1372104867,東京都足立区南花畑4-17-8AERビル２階,03-3885-7731,03-3885-7731,03-3860-1478,http://www.yohei-care.com/,"平日,土曜日,日曜日,祝日",,,,,,,,,,,,
1961,足立区,○,○,営利法人,1,1,独立系,5011801042175,株式会社風,,,ひかり居宅介護支援事業所,1372114163,東京都足立区谷在家3-17-12良マンション302,03-5837-4513,03-5837-4513,03-5837-4523,,"平日,祝日",,,,,,,,,,,,
1962,足立区,○,○,営利法人,1,1,独立系,9011801037386,株式会社ＡＭＡＯ,,,ケア元気,1372113249,東京都足立区中央本町2－15－14藤ハイツ　101,03－6806－3452,03-6806-3452,03－6806－3453,https://peraichi.com/landing_pages/view/amao/,平日,,,,,,,,,,,,
1963,足立区,○,○,営利法人,1,1,独立系,9011801045406,株式会社ＢＥ　ＳＴＡＲＴＥＤ,,,居宅介護支援事業所オネスト,1372114700,東京都足立区江北六丁目17番11江北マンション202号,050-1724-6514,050-1724-6514,050-3852-4425,,平日,,,,,,,,,,,,
1964,足立区,○,○,営利法人,1,1,独立系,2010001250277,株式会社Ｂｌｕｅ　ｓｈａｃｋ,,,めでたいケアプランセンター,1372115038,東京都足立区扇1－22－30セレナス扇102,03-5647-6049,03-5647-6049,,,平日,,,,,,,,,,,,
1965,足立区,○,○,営利法人,1,1,独立系,3011801044099,株式会社ＮＥＸＴ　Ｏｎｅ,,,oneケア居宅介護支援事業所,1372111797,東京都足立区花畑3－17－6,０３－５８５６－６７９４,03-5856-6794,０３－５８５６－６７８５,http://nextone-hanahata.com,平日,,,,,,,,,,,,
1966,足立区,○,○,営利法人,1,1,独立系,9030001154841,株式会社ＳＥ,,,SEケアマネジメント,1372114239,東京都足立区梅島３－３３－６エンブレム西新井２F－１４,03-6825-0382,03-6825-0382,050-3730-9867,https://www.se-co-ltd-20231001.com/,平日,,,,,,,,,,,,
1967,足立区,○,○,営利法人,1,1,独立系,3011801036930,株式会社ｒ’Sランド,,,介まるサポートセンター,1372113108,東京都足立区東和4-1-3,03-5856-3655,03-5856-3655,03-5856-3667,https://www.kaimaru-sc.com/,平日,,,,,,,,,,,,
1996,足立区,○,○,営利法人,1,1,独立系,6011801014512,足立福祉サービス株式会社,,,支援センターあだち,1372101954,東京都足立区足立4-13-22,03-3880-8192,03-3880-8192,03-3880-8193,http://www.adachifukushi.net,"平日,土曜日",,,,,,,,,,,,
1997,足立区,○,○,営利法人,1,1,独立系,3010401162138,ＭｅｄＳｅａｒｃｈ株式会社,,,シフトケア伊興,1372114734,東京都足立区伊興3-17-25東愛第二ビル2階,03-5856-8560,03-5856-8560,03-6735-3380,https://www.shiftcare-world.com/,平日,,,,,,,,,,,,
1998,足立区,○,○,営利法人,1,1,独立系,2011801041948,ＳＡＮ株式会社,,,SANケアサポート六木,1372114783,東京都足立区六木3-20-16102号,03-6802-6956,03-6802-6956,03-6802-6957,,平日,,,,,,,,,,,,
2001,あきる野市,○,○,営利法人,1,1,独立系,7010101009057,ケアソリューション株式会社,,,ケアソリューション居宅介護支援事業所,1375200480,東京都あきる野市五日市27-1,042-588-5871,042-588-5871,042-588-5872,,"平日,祝日",,,,,,,,,,,,
2006,あきる野市,○,○,営利法人,1,1,独立系,9013102002045,有限会社シルバーライフ,,,有限会社シルバーライフ,1374900221,東京都あきる野市網代167番地1,042-595-0041,042-595-0041,042-595-3981,,"平日,祝日",,,,,,,,,,,,
2007,あきる野市,○,○,営利法人,1,1,独立系,4013101004641,株式会社　ひまわり,,,株式会社　ひまわり,1375200399,東京都あきる野市二宮２２６７,042-550-6151,042-550-6151,042-550-6151,,平日,,,,,,,,,,,,
2008,あきる野市,○,○,営利法人,1,1,独立系,2013101007415,株式会社　宙,,,ケアプランセンター宙,1375200860,東京都あきる野市草花７９６－５高瀬シティハイツ２０３,０４２－５１３－７９５６,042-513-7956,０４２－５１３－７９５７,https://sora-care.jp/,平日,,,,,,,,,,,,
2009,あきる野市,○,○,営利法人,1,1,独立系,8013101007186,株式会社あすか,,,介護相談事務所あすか,1375200738,東京都あきる野市伊奈228-1,042-588-5955,042-588-5955,042-588-5945,http://asuka-mks.co.jp/,"平日,祝日",,,,,,,,,,,,
2010,あきる野市,○,○,営利法人,1,1,独立系,6013101007329,株式会社ケアサポートセンターかしの木,,,ケアサポートセンターかしの木,1375200779,東京都あきる野市雨間２５４番地６センターヴィレッジ５０１,042-518-7841,042-518-7841,042-518-7842,,平日,,,,,,,,,,,,
2017,三鷹市,○,○,営利法人,1,1,独立系,8012401019750,トータステンサウザンド株式会社,,,トータス長寿ケアセンター,1373601754,東京都三鷹市新川５－９－２５１０３,0422-24-9019,0422-24-9019,0422-24-9036,,平日,,,,,,,,,,,,
2018,三鷹市,○,○,営利法人,1,1,独立系,8012401041317,ホップステップ株式会社,,,ホップ居宅介護支援事業所,1373603248,東京都三鷹市新川６丁目２８番１７－４０１号401号,0422-24-9553,0422-24-9553,0422-24-9559,https://www.hopstep.co.jp/,平日,,,,,,,,,,,,
2026,三鷹市,○,○,営利法人,1,1,独立系,5012403001230,合同会社いずみ,,,泉のほとり,1373601739,東京都三鷹市深大寺2-40-1コーポ山本107,0422-34-6108,0422-34-6108,0422-30-9106,,平日,,,,,,,,,,,,
2027,三鷹市,○,○,営利法人,1,1,独立系,4010903007153,合同会社などわど,,,相談支援などわど,1373603156,東京都三鷹市大沢1‐12‐35第一さくらハイツ115,0422‐30‐5853,0422-30-5853,0422‐30‐5854,,平日,,,,,,,,,,,,
2028,三鷹市,○,○,営利法人,1,1,独立系,4012403001058,合同会社はちどり,,,ケアプランはちどり,1373601432,東京都三鷹市牟礼4-20-19,0422-70-0270,0422-70-0270,0422-70-0280,,平日,,,,,,,,,,,,
2029,三鷹市,○,○,営利法人,1,1,独立系,4012403001388,合同会社へんみ,,,居宅介護支援事業所　菜の花,1373602034,東京都三鷹市新川　6-29-21メゾン・エクレール　101,0422-24-7901,0422-24-7901,0422-24-7902,,平日,,,,,,,,,,,,
2030,三鷹市,○,○,営利法人,1,1,独立系,7012403006657,合同会社ケアラインアナベル,,,居宅介護支援事業所　ケアライン・アナベル,1373603263,東京都三鷹市牟礼６丁目１３番２号,0422－27－9067,0422-27-9067,0422－27－9067,https://c-annabelle.com/home/,平日,,,,,,,,,,,,
2031,三鷹市,○,○,営利法人,1,1,独立系,9012403004386,合同会社金魚,,,ケアサポートきんぎょ,1373603016,東京都三鷹市下連雀4-17-6ミタカサンライズマンション101,0422-76-7707,0422-76-7707,0422-76-7708,,平日,,,,,,,,,,,,
2032,三鷹市,○,○,営利法人,1,1,独立系,5012402021700,有限会社　アガペ,,,いなほケアサービス,1373603149,東京都三鷹市井の頭2-26-30,0422-47-5375,0422-47-5375,0422-57-6617,,平日,,,,,,,,,,,,
2033,三鷹市,○,○,営利法人,1,1,独立系,9012402020500,有限会社オレンジハート,,,オレンジハート指定居宅介護支援事業所,1373600400,東京都三鷹市井口１－８－２３コーポオーエヌ１０５,0422-30-8255,0422-30-8255,0422-30-8256,,平日,,,,,,,,,,,,
2034,三鷹市,○,○,営利法人,1,1,薬局併設,2012402018939,有限会社シーハート,,,杉山薬局,1373600376,東京都三鷹市井の頭３－１５－７,0422-41-5161,0422-41-5161,0422-41-5162,http://www.chart-pharmacy.jp/,"平日,土曜日",,,,,,,,,,,,
2036,三鷹市,○,○,営利法人,1,1,独立系,7012402020691,有限会社ライフサービス西野,,,介護サービス西野,1373600467,東京都三鷹市井の頭2-7-23,0422-48-0278,0422-48-0278,0422-48-0276,,"平日,土曜日",,,,,,,,,,,,
2038,三鷹市,○,○,営利法人,1,1,独立系,7010401023889,株式会社　ハーフ・センチュリー・モア,,,サンシティ吉祥寺介護支援サービス,1373202397,東京都三鷹市下連雀5-3-5サンシティ吉祥寺,0422-79-7400,0422-79-7400,0422-79-7401,,"平日,祝日",,,,,,,,,,,,
2040,三鷹市,○,○,営利法人,1,1,独立系,6012401034248,株式会社きづな,,,ケアプランきづな,1373603032,東京都三鷹市大沢5-9-1,0422-34-0977,0422-34-0977,0422-34-0976,,平日,,,,,,,,,,,,
2041,三鷹市,○,○,営利法人,1,1,独立系,7012401016047,株式会社なのはな,,,ケアプランなのはな,1373601614,東京都三鷹市上連雀4-1-8フラットフオー1階,0422-29-9090,0422-29-9090,0422-29-9011,http://www.nanohanacare.co.jp/,"平日,土曜日,祝日",,,,,,,,,,,,
2046,三鷹市,○,○,営利法人,1,1,独立系,2020001048919,株式会社ピースフル,,,ピースフルケアプラン三鷹,1373603180,東京都三鷹市下連雀2-7-6地下1階,0422-24-9954,0422-24-9954,0422-24-9955,,平日,,,,,,,,,,,,
2047,三鷹市,○,○,営利法人,1,1,独立系,8012401015139,株式会社三鷹ナース・ヘルパーセンター,,,株式会社　三鷹ナース・ヘルパーセンター,1373600103,東京都三鷹市上連雀７－８－２８,0422-47-4899,0422-47-4899,0422-47-4901,http://mnhc.jp/,平日,,,,,,,,,,,,
2051,三鷹市,○,○,営利法人,1,1,独立系,3012403002346,桝髙グロー合同会社,,,居宅介護支援事業所おしどり,1373602497,東京都三鷹市中原3－1－53メゾンカワダ101号室,0422-24-2110,0422-24-2110,0422-41-1220,,平日,,,,,,,,,,,,
2059,八王子市,○,○,営利法人,1,1,独立系,1010103001876,ひなた合同会社,,,ひなたケアプランセンター,1372909349,東京都八王子市下恩方町１６８７番地１３,042-659-0571,042-659-0571,042-659-0572,,平日,,,,,,,,,,,,
2060,八王子市,○,○,営利法人,1,1,独立系,1010103002602,わらふくＬＬＣ合同会社,,,わらふくケアプラン,1372909950,東京都八王子市打越町1115-10101,0426809275,0426809275,05037300706,https://www.warafuku-care.com/,平日,,,,,,,,,,,,
2061,八王子市,○,○,営利法人,1,1,独立系,3010103000819,アイシンキ合同会社,,,ケアプランなな,1372907715,東京都八王子市松木14-20ハイツ・トーン501,042-689-6801,042-689-6801,042-689-6802,,"平日,祝日",,,,,,,,,,,,
2064,八王子市,○,○,営利法人,1,1,独立系,5010101006477,シルバーサポート株式会社,,,シルバーサポート・八王子,1372902070,東京都八王子市長房町405-1,042-673-2416,042-673-2416,042-665-1774,http://www.silver-support.co.jp/,"平日,土曜日,祝日",,,,,,,,,,,,
2065,八王子市,○,○,営利法人,1,1,独立系,9012403004865,ライフエレベーテッド合同会社,,,ケアプランライフ,1372909240,東京都八王子市松木48-10グランドゥール203,042-670-9992,042-670-9992,050-3737-3464,https://www.life-elevated.co.jp/,平日,,,,,,,,,,,,
2069,八王子市,○,○,営利法人,1,1,独立系,7010102007415,優ケアステーション有限会社,,,優ケアステーション有限会社,1372901692,東京都八王子市北野町　519-28,042-631-1162,042-631-1162,042-631-1163,http://www.you-care.co.jp/,平日,,,,,,,,,,,,
2079,八王子市,○,○,営利法人,1,1,独立系,1010103001513,合同会社　H＆S　プランニング,,,ケアプラン　あした　元八王子,1372908945,東京都八王子市四谷町770-4ヤマシタハイツ　101,042-641-8237,042-641-8237,050-3606-5559,,平日,,,,,,,,,,,,
2080,八王子市,○,○,営利法人,1,1,独立系,1010103001595,合同会社　ヒイラギ,,,ヒイラギ,1372909109,八王子市中野上町４丁目32-23T.Mビル　３階,042-649-6045,042-649-6045,042-686-3866,http://hp.kaipoke.biz/tdd/,"平日,土曜日",,,,,,,,,,,,
2081,八王子市,○,○,営利法人,1,1,独立系,9012803000605,合同会社　和楽,,,ケアセンター岸,1372908630,東京八王子市久保山町2-51-2プリマベーラＣ102,042-659-3780,042-659-3780,042-659-3788,,平日,,,,,,,,,,,,
2082,八王子市,○,○,営利法人,1,1,独立系,8010103000558,合同会社　ＯＮ－ＳＩＴＥ,,,ケアプラン　ピース,1372905057,東京都八王子市上川町3093-1,042-657-3829,042-657-3829,042-657-4742,,平日,,,,,,,,,,,,
2083,八王子市,○,○,営利法人,1,1,独立系,7010103000906,合同会社けあぷらんハーモニー,,,ケアプランハーモニー,1372907897,東京都八王子市川口町1357番地2,042-654-3998,042-654-3998,042-697-8320,,平日,,,,,,,,,,,,
2084,八王子市,○,○,営利法人,1,1,独立系,7010103002258,合同会社アルパカ,,,マルベリーケア,1372909646,東京都八王子市千人町3-17-1蔵寿コーポラス206,0426299905,0426299905,0426299906,,平日,,,,,,,,,,,,
2085,八王子市,○,○,営利法人,1,1,独立系,6010103001954,合同会社ケアプランルーサ,,,ケアプランルーサ,1372909430,東京都八王子市中野上町4-10-12,042-686-3951,042-686-3951,042-686-3952,,平日,,,,,,,,,,,,
2086,八王子市,○,○,営利法人,1,1,独立系,8010103000863,合同会社ケアプラン悠々,,,ケアプラン悠々,1372907780,東京都八王子市西寺方町１０１９番地３２１,０４２－６４１－８７６９,042-641-8769,０４２－６４１－９２２５,,平日,,,,,,,,,,,,
2087,八王子市,○,○,営利法人,1,1,独立系,3010103001197,合同会社ライトオブホープ,,,ケアプラン希望,1372908366,東京都八王子市石川町1998-1サンビーム1-D,０４２－６４９－８９８７,042-649-8987,０４２－６４９－８９９４,,平日,,,,,,,,,,,,
2088,八王子市,○,○,営利法人,1,1,独立系,6010103002028,合同会社リエゾン,,,ケアプラン　ひつじ雲,1372909489,東京都八王子市大塚４８４－１中島ビルⅢ２０４号,０４２－６８２－５９８９,042-682-5989,０４２－６８２－５５９３,,平日,,,,,,,,,,,,
2089,八王子市,○,○,営利法人,1,1,独立系,5010103002292,合同会社一期一会,,,ケアプランdeいちごいちえ,1372909695,東京都八王子市長沼町130-28クロノス長沼205,070-8550-1518,070-8550-1518,050-3537-2578,,平日,,,,,,,,,,,,
2090,八王子市,○,○,営利法人,1,1,独立系,2010103001900,合同会社八歩,,,居宅介護支援事業所　といろ,1372909372,東京都八王子市中野上町４丁目25-17八信ナカノ203,042-686-3806,042-686-3806,042-686-3807,,平日,,,,,,,,,,,,
2091,八王子市,○,○,営利法人,1,1,独立系,7010103001004,合同会社瑠津,,,ケアプランサービス橙,1372908077,東京都八王子市椚田町595-1サンアベニュー椚田B203,042-673-3108,042-673-3108,042-673-3134,http://caredaidai.com,平日,,,,,,,,,,,,
2092,八王子市,○,○,営利法人,1,1,独立系,1010103000779,合同会社Ｌ・Ｉ・Ｇ　ｌｉｆｅサポート,,,四輝ケアプランセンター,1372907319,東京都八王子市本町12-8ハイムアクシス101,042-686-0035,042-686-0035,042-686-0040,,"平日,土曜日",,,,,,,,,,,,
2093,八王子市,○,○,営利法人,1,1,独立系,1010103000795,合同会社Ｌｉｂｅｒｔｙ,,,ケアマネセンター　ハッピーサニー,1372907434,東京都八王子市絹ヶ丘1-50-2クーネル絹ヶ丘202,042-638-8111,042-638-8111,042-638-8731,,平日,,,,,,,,,,,,
2094,八王子市,○,○,営利法人,1,1,独立系,4010101014737,地域まるごと家族株式会社,,,居宅介護支援事業所いっけ,1372909232,東京都八王子市上壱分方町5-3,042-673-5624,042-673-5624,042-673-5625,https://www.chiikimarugotokazoku.jp/,平日,,,,,,,,,,,,
2096,八王子市,○,○,営利法人,1,1,独立系,6010102000164,愛ライフケアサービス　有限会社,,,愛ライフケアサービス八王子,1372901577,東京都八王子市大和田町3-8-6,042-631-0380,042-631-0380,042-631-0381,https://ai-hachioji.com,平日,,,,,,,,,,,,
2097,八王子市,○,○,営利法人,1,1,独立系,1010102000788,有限会社　いちょうヘルプ,,,有限会社　いちょうヘルプ,1372901486,東京都八王子市八木町6-10,042-623-8392,042-623-8392,042-627-7792,,"平日,土曜日,祝日",,,,,,,,,,,,
2098,八王子市,○,○,営利法人,1,1,独立系,4010102002385,有限会社　ケアスタッフ,,,有限会社　ケアスタッフ,1372900231,東京都八王子市中野上町１―８―２２２階,042-628-1151,042-628-1151,042-627-3310,http://www.carestaff.tokyo,"平日,祝日",,,,,,,,,,,,
2099,八王子市,○,○,営利法人,1,1,独立系,8010102010459,有限会社　ミズタニ,,,ケアサービスセンター虹,1372903110,東京都八王子市平岡町1-10,042-627-9217,042-627-9217,042-634-8917,,平日,,,,,,,,,,,,
2100,八王子市,○,○,営利法人,1,1,独立系,6010102008884,有限会社　ライト・ハウス,,,介護支援センター「こころ」,1372902682,東京都八王子市上柚木1074-1,042-674-0775,042-674-0775,042-674-5388,https://righthouse-no9.jp/,平日,,,,,,,,,,,,
2101,八王子市,○,○,営利法人,1,1,薬局併設,6010102005568,有限会社　八南ドラッグ,,,八南ドラッグ介護サービス,1372902740,東京都八王子市子安町1-8-16,042-642-3773,042-642-3773,042-645-9776,https://www.hachidora.com,平日,,,,,,,,,,,,
2102,八王子市,○,○,営利法人,1,1,独立系,7010102008520,有限会社みなくる,,,介護なんでも相談　みなくる,1372903755,東京都八王子市北野台3-15-15,042-637-4234,042-637-4234,042-680-5133,,"平日,土曜日,祝日",,,,,,,,,,,,
2103,八王子市,○,○,営利法人,1,1,独立系,9010102008832,有限会社ケア・テイカー,,,ケア・テイカー,1372902625,東京都八王子市小津町631,042-650-7505,042-650-7505,042-650-7561,,平日,,,,,,,,,,,,
2104,八王子市,○,○,営利法人,1,1,独立系,8010102010979,有限会社サポートスタッフほほえみ,,,有限会社サポートスタッフほほえみ,1372903581,東京都八王子市楢原町1102番地5,042-655-1563,042-655-1563,042-655-1562,http://s-hohoemi.co.jp,"平日,土曜日,祝日",,,,,,,,,,,,
2105,八王子市,○,○,営利法人,1,1,独立系,5010102010692,有限会社ロングレンジ・ビュー,,,ケアサポート　メイ,1372903409,東京都八王子市大和田町4-32-3,042-610-2635,042-610-2635,042-649-5390,http://www.mei2005.co.jp,平日,,,,,,,,,,,,
2106,八王子市,○,○,営利法人,1,1,独立系,9010102003973,有限会社多摩ヘルパーセンター,,,有限会社多摩ヘルパーセンター,1372900116,東京都八王子市横山町8-7K-1ビル　４Ｆ・５F,042-645-1881,042-645-1881,042-642-5500,http://tama-helper.co.jp/,"平日,土曜日",,,,,,,,,,,,
2107,八王子市,○,○,営利法人,1,1,独立系,4010101006536,株式会社　グリーンプランニング,,,株式会社　グリーンプランニング,1372904068,東京都八王子市大和田町1-18-2,042-648-1171,042-648-1171,042-660-1767,,"平日,祝日",,,,,,,,,,,,
2108,八王子市,○,○,営利法人,1,1,独立系,9011301021337,株式会社　ワールド,,,ワールドケアV,1372908754,東京都八王子市叶谷町1762番地12,042-620-6903,042-620-6903,042-620-6904,,"平日,土曜日,日曜日,祝日",,,,,,,,,,,,
2109,八王子市,○,○,営利法人,1,1,独立系,7010101009742,株式会社　木偶の坊,,,あしたば居宅介護支援事業所,1372905628,東京都八王子市北野町541-3田代マンション103,042-638-0035,042-638-0035,042-638-0036,,"平日,土曜日",,,,,,,,,,,,
2110,八王子市,○,○,営利法人,1,1,独立系,1010101014046,株式会社　桑都ケア・サポート,,,桑都ケア・サポート,1372908861,東京都八王子市長房町264-4,042-673-2209,042-673-2209,042-673-2260,,平日,,,,,,,,,,,,
2112,八王子市,○,○,営利法人,1,1,独立系,7070001040651,株式会社ぷらいむ,,,ケアプランセンターしんあい,1372902690,東京都八王子市小門町118-9,042-655-2558,042-655-2558,042-626-6050,,平日,,,,,,,,,,,,
2113,八王子市,○,○,営利法人,1,1,独立系,9010101009690,株式会社ぷりま,,,ぷりま居宅介護支援事業所,1373202090,東京都八王子市鑓水2-165-1,042-689-5291,042-689-5291,042-675-0175,http://www.purima.co.jp,"平日,土曜日",,,,,,,,,,,,
2114,八王子市,○,○,営利法人,1,1,独立系,6010101015997,株式会社まごころ,,,サクラ居宅介護支援事業所　西寺方,1372908960,東京都八王子市西寺方町449-1Ｃ号室,042-686-2271,042-686-2271,042-686-3871,,平日,,,,,,,,,,,,
2120,八王子市,○,○,営利法人,1,1,独立系,9010101008040,株式会社アクセル,,,うららケアセンター,1372903789,東京都八王子市弐分方町342,042-650-6356,042-650-6356,042-650-6357,http://www.urara-day.com,平日,,,,,,,,,,,,
2121,八王子市,○,,営利法人,1,17,独立系,5011201017174,株式会社アズ・ライフケア,,,あずみ苑館町,1372907202,東京都八王子市館町2065-7,042-669-0665,042-669-0665,042-669-0909,https://www.az-lifecare.co.jp/,"平日,祝日",,,,,,,,,,,,
2122,八王子市,○,○,営利法人,1,1,独立系,6010101009363,株式会社エスイーティケアライフ,,,ケアプランほっと,1372908333,東京都八王子市暁町1‐13‐8-104104,042‐686-0172,042-686-0172,042‐686-0173,,平日,,,,,,,,,,,,
2123,八王子市,○,○,営利法人,1,1,独立系,6010101008357,株式会社ケアプレイスはなでんしゃ,,,株式会社ケアプレイスはなでんしゃ,1372904571,東京都八王子市長房町410-1イモトハイムB-201,042-669-8112,042-669-8112,042-669-8113,https://hanadensya.com,平日,,,,,,,,,,,,
2125,八王子市,○,○,営利法人,1,1,独立系,1010101001829,株式会社シルバービレッジ,,,シルバービレッジいちょうの里,1372900603,東京都八王子市暁町1丁目４７番地１,042-627-0432,042-627-0432,042-627-0322,http://www.silvervillage.co.jp/,"平日,土曜日",,,,,,,,,,,,
2126,八王子市,○,○,営利法人,1,1,独立系,3010101007915,株式会社スローライフ,,,居宅介護支援事業所スローライフ,1372904381,東京都八王子市散田町３－２３－１レジデンス山崎３０２,042-662-1056,042-662-1056,042-662-1058,,平日,,,,,,,,,,,,
2127,八王子市,○,○,営利法人,1,1,独立系,8010101008355,株式会社タクト,,,ライフケアー・あけび,1372908036,東京都八王子市東浅川町60-3いちょう家族Ⅰ,042-669-0024,042-669-0024,042-669-0035,,平日,,,,,,,,,,,,
2129,八王子市,○,○,営利法人,1,1,独立系,5010101004431,株式会社ファイブフィールド,,,居宅介護支援事業所　あいのわ,1372905313,東京都八王子市絹ヶ丘1-15-12,042-683-1432,042-683-1432,042-683-1532,,平日,,,,,,,,,,,,
2130,八王子市,○,○,営利法人,1,1,独立系,2010101007775,株式会社フォーマル,,,アシストケアサービス,1372908242,東京都八王子市並木町20-2,042-668-8895,042-668-8895,042-668-8896,,平日,,,,,,,,,,,,
2131,八王子市,○,○,営利法人,1,1,独立系,9030001107023,株式会社プラスケアサポート,,,居宅多摩南,1372908119,東京都八王子市上柚木1178,042-679-0201,042-679-0201,042-679-0202,http://www.plus-care-support.com,平日,,,,,,,,,,,,
2132,八王子市,○,○,営利法人,1,1,独立系,6010101004323,株式会社ベグ・ジャパン,,,ケアプラン菜の花,1372907582,東京都八王子市中野上町5-27-7,042-621-0366,042-621-0366,042-620-5810,https://care-nanohana.com,平日,,,,,,,,,,,,
2134,八王子市,○,○,営利法人,1,1,独立系,6010101009413,株式会社介護サービスほのか,,,居宅介護支援事業所介護サービスほのか,1372905339,東京都八王子市元八王子町2丁目1191番地1第1山本ハイツ201号室,042-629-9807,042-629-9807,042-666-3455,,平日,,,,,,,,,,,,
2135,八王子市,○,○,営利法人,1,1,独立系,1010101009491,株式会社共同介護支援事務所,,,株式会社共同介護支援事務所,1373000676,東京都八王子市弐分方町601-6,042-655-6255,042-655-6255,042-655-6256,http://hp.kaipoke.biz/gr0/,"平日,土曜日,祝日",,,,,,,,,,,,
2136,八王子市,○,○,営利法人,1,1,独立系,1010101008254,株式会社前田,,,ケアプランマリモ,1372906063,東京都八王子市中野山王3-24-6,042-686-2539,042-686-2539,042-686-2573,,平日,,,,,,,,,,,,
2137,八王子市,○,○,営利法人,1,1,独立系,3010101008970,株式会社大協,,,ゆうらくケアサポート,1372904324,東京都八王子市中野上町1-10-4日興パレグランデ八王子202,042-620-0600,042-620-0600,042-620-0700,,"平日,土曜日,祝日",,,,,,,,,,,,
2138,八王子市,○,○,営利法人,1,1,独立系,9010801022547,株式会社愛ケアサービス,,,株式会社愛ケアサービス,1372909505,東京都八王子市西浅川町23ドミール小名路A102,042-673-5428,042-673-5428,042-673-3335,,平日,,,,,,,,,,,,
2139,八王子市,○,○,営利法人,1,1,独立系,2010101008328,株式会社斗南堂,,,シルバーヒルズ八王子居宅介護支援事業所,1372903425,東京都八王子市新町7-10シルバーヒルズ八王子301,042-643-1322,042-643-1322,042-643-1320,,平日,,,,,,,,,,,,
2141,八王子市,○,,営利法人,1,3,独立系,4021001005899,株式会社日本高齢支援センター,,,居宅支援アンサング,1372909612,東京都八王子市大和田町6-14-5メゾン・ド・ノア大和田410,050-1808-4116,050-1808-4116,050-3145-2125,,平日,,,,,,,,,,,,
2142,八王子市,○,○,営利法人,1,1,独立系,9010101009385,株式会社母の手,,,ケアサービスひまわり,1372906253,東京都八王子市西寺方町664,042-652-9042,042-652-9042,042-652-9043,,平日,,,,,,,,,,,,
2143,八王子市,○,○,営利法人,1,1,独立系,3010101015587,株式会社燦燦,,,居宅介護支援事業所　燦燦,1372909562,東京都八王子市片倉町2504-1サンハイム　201号,042-638-0362,042-638-0362,042-638-0363,https://sunsun477.com,"平日,土曜日",,,,,,,,,,,,
2144,八王子市,○,○,営利法人,1,1,独立系,3010101008112,株式会社萌栄,,,ケアサポート榛名,1372904506,東京都八王子市寺田町４３２－１８８－２,042-686-0372,042-686-0372,042-665-5918,,平日,,,,,,,,,,,,
2146,八王子市,○,○,営利法人,1,1,独立系,9010101016241,株式会社Ｏｆｆｉｃｅ　Ｗｅｌｌ　Ｄｏｎｅ,,,ケアプランいちねん,1372909711,東京都八王子市元横山町２丁目7-17上原マンション202,050-3645-9078,050-3645-9078,042-634-9416,,平日,,,,,,,,,,,,
2147,八王子市,○,○,営利法人,1,1,独立系,3010101012254,株式会社ＳＥＶＥＮ－Ｏ,,,八王子ケアプランセンター絆,1372908192,東京都八王子市日吉町11-9,042-628-0370,042-628-0370,042-634-8371,http://hachioji-day-service-kizuna.jp/,平日,,,,,,,,,,,,
2163,八王子市,○,○,営利法人,1,1,独立系,7010101011368,諏訪町ケアセンター株式会社,,,諏訪町ケアセンター,1372907376,東京都八王子市諏訪町　47-6,０４２－６５１－９１３１,042-651-9131,０４２－６９７－２３９９,,"平日,土曜日",,,,,,,,,,,,
2165,八王子市,○,○,営利法人,1,1,独立系,7010101016103,ＲＥＲＩＳＥ株式会社,,,ケアプランセンターつぐみ,1372909703,東京都八王子市元横山町3-5-18K’B八王子B棟208,042-686-1763,042-686-1763,042-686-1767,,平日,,,,,,,,,,,,
2166,国分寺市,○,○,営利法人,1,1,独立系,8012401001980,さわやかケアステーション株式会社,,,さわやかライフ,1373101573,東京都国分寺市西恋ヶ窪3-26-11カーサシンエイ1Ｆ,042-304-1818,042-304-1818,042-304-1817,http://sawayaka-kango.com,平日,,,,,,,,,,,,
2169,国分寺市,○,○,営利法人,1,1,独立系,1012803002823,合同会社ゆめのみ,,,ゆめのみ居宅介護支援事業所,1373102035,東京都国分寺市新町3-25-2,042-322-2058,042-322-2058,042-208-3999,https://www.yumenomi.net,平日,,,,,,,,,,,,
2170,国分寺市,○,○,営利法人,1,1,独立系,2012803003283,合同会社アリアプレゼン,,,アリア,1373102076,東京都国分寺市西恋ヶ窪2-25-1102,042-349-6402,042-349-6402,042-349-6403,,平日,,,,,,,,,,,,
2171,国分寺市,○,○,営利法人,1,1,独立系,9012803002279,合同会社ゼフィール,,,居宅介護支援事業所ゼフィール国分寺,1373101946,東京都国分寺市東元町四丁目19番11号,042-203-3569,042-203-3569,042-203-4820,http://hp.kaipoke.biz/maw,平日,,,,,,,,,,,,
2172,国分寺市,○,○,営利法人,1,1,独立系,3012402015002,有限会社　エム・シー・ケア・サポート,,,居宅介護支援　ふじざくら,1373100666,東京都国分寺市泉町3-37-3パレスラフィーネ泉2F,042-359-5152,042-359-5152,042-359-5153,,平日,,,,,,,,,,,,
2174,国分寺市,○,○,営利法人,1,1,独立系,9011001052021,株式会社　エス・リンク,,,居宅介護支援事業所　こみっと,1373101953,東京都国分寺市本多1-1-20ビュー国分寺1階,042-313-9918,042-313-9918,042-313-9915,https://slink-group.jp/commit/,平日,,,,,,,,,,,,
2176,国分寺市,○,○,営利法人,1,1,独立系,3012801019025,株式会社イマジン,,,猫の手居宅介護支援事業所,1373101854,東京都国分寺市西恋ヶ窪1-43-3第二立石荘106号室,042-201-7953,042-201-7953,042-203-2888,https://nekonote20200831.amebaownd.com,平日,,,,,,,,,,,,
2177,国分寺市,○,,営利法人,1,7,独立系,5010001226200,株式会社エクラシア,,,ラウンド＆ケア居宅介護支援事業所国分寺,1373102084,東京都国分寺市日吉町4-17-23エントピア西国分寺1階,050-6883-1618,050-6883-1618,042-316-8217,,平日,,,,,,,,,,,,
2179,国分寺市,○,,営利法人,1,5,独立系,8010001168893,株式会社フージャースケアデザイン,,,リルセーヌ国立居宅介護支援事業所,1373101912,東京都国分寺市西町1－31－1デュオセーヌ国立1階,042-521-6206,042-521-6206,042521-6207,,"平日,祝日",,,,,,,,,,,,
2181,国分寺市,○,○,営利法人,1,1,独立系,4012401017147,株式会社佐藤総研,,,ケアプランこもれび家族,1373101482,東京都国分寺市西町3-15-7エンデハウスA101,042-806-0230,042-806-0230,042-849-8791,https://satosoken.co.jp,"平日,土曜日,日曜日,祝日",,,,,,,,,,,,
2183,国分寺市,○,○,営利法人,1,1,独立系,7012401022689,株式会社日本夜間介護センター西東京,,,ケアプランセンタースクラム,1373101888,東京都国分寺市西町2丁目6-2,042-511-6400,042-511-6400,042-849-6700,,平日,,,,,,,,,,,,
2194,国立市,○,○,営利法人,1,1,独立系,6012803001572,合同会社まんまる,,,ケアプランおひさま,1373401254,東京都国立市富士見台3-11-1ラ・プリマヴェーラ国立　306号室,042-571-0588,042-571-0588,042-505-8577,,平日,,,,,,,,,,,,
2195,国立市,○,○,営利法人,1,1,独立系,1030003009290,合同会社グリーンリーフ,,,居宅介護支援事業所さーくる,1373401213,東京都国立市北2-4-17国立ﾉｰｽﾊｲﾂ　102103,042-505-8932,042-505-8932,042-505-8961,http://circlekaigo.com,平日,,,,,,,,,,,,
2196,国立市,○,○,営利法人,1,1,独立系,7020001090263,山紫水明株式会社,,,さくらケアプランセンター,1373401379,東京都国立市北2-14-5,042-505-6035,042-505-6035,042-505-6036,http://kunisaku.tokyo/,"平日,土曜日",,,,,,,,,,,,
2197,国立市,○,○,営利法人,1,1,独立系,9012402014997,有限会社　それいゆ,,,それいゆ居宅介護支援事業所,1373400512,東京都国立市富士見台1-8-54,042-580-1085,042-580-1085,042-580-1087,,"平日,土曜日,祝日",,,,,,,,,,,,
2198,国立市,○,○,営利法人,1,1,施設併設,5012401020447,株式会社はあとホーム,,,はあとホーム,1373802246,東京都国立市東4-21-7カーサハモニア102,042-511-7809,042-511-7809,042-848-6102,,平日,,,,,,,,,,,,
2199,国立市,○,○,営利法人,1,1,独立系,3012801020585,株式会社みるくゆ,,,株式会社　みるくゆ　国立駅前ケアプラン受付センター,1373401502,東京都国立市北1-7-1ｸﾚｯｾﾝﾄ国立ﾃﾞｨｱﾅﾌﾟﾚｲｽ125B,042-580-3522,042-580-3522,042-580-1231,,"平日,土曜日",,,,,,,,,,,,
2207,多摩市,○,○,営利法人,1,1,独立系,8010103002075,合同会社うさぎ,,,居宅介護支援事業所　多摩のくまさん,1375002209,東京都多摩市鶴牧2-21-13ペアタウン多摩B102,042-376-8777,042-376-8777,042-400-5755,,平日,,,,,,,,,,,,
2208,多摩市,○,○,営利法人,1,1,独立系,4012403004572,合同会社ケアサービス多喜,,,ケアプランパステル,1375002043,東京都多摩市諏訪１－１１－５ジュネス永山103,０４２－４００－１０７３,042-400-1073,０４２－４００－１０８３,https://www.careplan-pastel.com,平日,,,,,,,,,,,,
2215,多摩市,○,○,営利法人,1,1,独立系,7013401004248,株式会社シルバーアシスト,,,ふれあい多摩ケアプランセンター,1375000120,東京都多摩市落合3-9-1小山ハイツ201,042-313-7885,042-313-7885,042-313-7886,http://www.kaigo21.co.jp,"平日,土曜日",,,,,,,,,,,,
2216,多摩市,○,○,営利法人,1,1,独立系,5012401042623,株式会社ジャパンネオパートナーズ,,,なごやか在宅ケア,1375002357,東京都多摩市永山2-14-6アドラブールK　303号室,042-404-2328,042-404-2328,042-633-0951,https://jnp.tokyo,平日,,,,,,,,,,,,
2217,多摩市,○,○,営利法人,1,1,独立系,6013402006954,株式会社フィールドソング,,,フィールドソング・ケア,1375002068,東京都多摩市連光寺5-12-15A211,042-319-6725,042-319-6725,,https://fieldsong.tokyo,平日,,,,,,,,,,,,
2219,多摩市,○,○,営利法人,1,1,独立系,9013401001672,株式会社ライフケアサービス,,,株式会社　ライフケアサービス,1375000013,東京都多摩市諏訪1-48-17TOビル1F,042-339-0555,042-339-0555,042-373-2211,http://lifecareservice.co.jp,"平日,土曜日",,,,,,,,,,,,
2220,多摩市,○,○,営利法人,1,1,独立系,4013401004399,株式会社萬年青介護,,,おもと介護多摩事業所,1375000740,東京都多摩市落合3-11-2,042-355-8805,042-355-8805,042-355-8806,http://omotokaigo.com/,"平日,祝日",,,,,,,,,,,,
2221,多摩市,○,○,営利法人,1,1,独立系,5012401021899,株式会社ＤＯ－ＢＥＣ,,,ベック多摩,1375002233,東京都多摩市一ノ宮4-1-1Nビル中野第二ビル３階,042-311-0575,042-311-0575,042-311-0576,,平日,,,,,,,,,,,,
2230,小平市,○,○,営利法人,1,1,施設併設,9012701008213,ケアライフサービス株式会社,,,小平アットホームケアサービス,1374301479,東京都小平市小川町２丁目1987番102,042-313-6006,042-313-6006,042-346-6885,http://kodaira-athomecare.com/,"平日,祝日",,,,,,,,,,,,
2231,小平市,○,○,営利法人,1,1,独立系,8010601049304,シルバーワン株式会社,,,つなぐどっと,1374303798,東京都小平市鈴木町2-198-2カエサル花小金井403,050-1792-6330,050-1792-6330,050-3173-1519,https://tng.silver1.jp/,平日,,,,,,,,,,,,
2236,小平市,○,○,営利法人,1,1,独立系,4012703001427,合同会社ジョイライフ,,,ケア相談室らいふ,1374303004,東京都小平市上水新町3丁目11番22号栗原ハイツ101,042-201-2357,042-201-2357,042-201-7780,,"平日,土曜日",,,,,,,,,,,,
2237,小平市,○,○,営利法人,1,1,独立系,7012703003057,合同会社マナオラナ,,,ケアプランセンター碧,1374303863,東京都小平市仲町280コーポワイケー203,042-313-5675,042-313-5675,042-313-5676,,平日,,,,,,,,,,,,
2238,小平市,○,○,営利法人,1,1,独立系,8012703002149,合同会社一橋文化,,,一橋文化,1374303459,東京都小平市学園西町3-21-5,042-332-2777,042-332-2777,042-332-2777,,平日,,,,,,,,,,,,
2239,小平市,○,○,営利法人,1,1,独立系,3012703002855,合同会社ｂｅｉｎｇ,,,ケアプラン　スマイル,1374303780,東京都小平市津田町3-35-12フジハイム102,042-312-3271,042-312-3271,042-312-3272,,平日,,,,,,,,,,,,
2241,小平市,○,○,営利法人,1,1,薬局併設,7012702000294,有限会社上原薬局,,,上原薬局　居宅介護支援事業所,1374301834,東京都小平市花小金井１－２－２１上原薬局２F,042-451-6065,042-451-6065,042-451-6064,,平日,,,,,,,,,,,,
2242,小平市,○,○,営利法人,1,1,施設併設,1012702000770,有限会社小平ホームケアサービス,,,有限会社小平ホームケアサービス,1374300471,東京都小平市小川東町１－２７－１３,042-341-0373,042-341-0373,042-341-0373,http://kodairahomecare.web.fc2.com,平日,,,,,,,,,,,,
2243,小平市,○,○,営利法人,1,1,独立系,4012702010395,有限会社小平西町訪問介護,,,居宅介護支援事業所　虹,1374303293,東京都小平市学園西町3－11－15,042－308－2400,042-308-2400,03-6630-3851,,平日,,,,,,,,,,,,
2244,小平市,○,○,営利法人,1,1,訪問看護併設,8012701011432,株式会社　Schilf,,,訪問看護ステーションきずな　居宅介護支援事業所,1374303137,東京都小平市鈴木町2-2461F,042-497-6751,042-497-6751,042-497-6752,http://www.ryo-jp.com/kizuna/service.html,平日,,,,,,,,,,,,
2245,小平市,○,○,営利法人,1,1,独立系,3012701009729,株式会社　永興,,,居宅介護支援事業所　にじゅうまる,1374302089,東京都小平市小川西町４－１４－２８ベルヴィルモア１０５,０４２－３４９－２６６５,042-349-2665,０４２－３４９－２６６６,,"平日,祝日",,,,,,,,,,,,
2246,小平市,○,,営利法人,1,2,独立系,5020001121441,株式会社　結和,,,ケアプラン富士の家小川,1374303707,東京都小平市小川町１－９９０－２,042-313-2750,042-313-2750,042-313-2780,,平日,,,,,,,,,,,,
2247,小平市,○,○,営利法人,1,1,独立系,3012701014605,株式会社けやきサポート東京,,,ケアプランけやき,1374303327,東京都小平市小川町1－459-10サルーンマンションオザキ,042-401-0140,042-401-0140,042-401-0294,http://hp.kaipoke.biz/sch/,平日,,,,,,,,,,,,
2249,小平市,○,,営利法人,1,5,独立系,6010001110741,株式会社やまねメディカル,,,なごやかケアプラン多摩,1374302709,東京都小平市上水南町2-23-1なごやかレジデンス小平上水1Ｆ,042-329-6116,042-329-6116,042-329-6117,,"平日,祝日",,,,,,,,,,,,
2250,小平市,○,○,営利法人,1,1,独立系,9012701016546,株式会社クラシク,,,居宅介護支援事業所　テラス,1374303517,東京都小平市学園東町1-7-1黒木ビル2F,042-348-4061,042-348-4061,042-348-4062,,平日,,,,,,,,,,,,
2251,小平市,○,○,営利法人,1,1,訪問看護併設,1012701016900,株式会社ココパレ,,,訪問看護ステーションココパレ　居宅介護支援事業所,1374303947,東京都小平市学園西町1-20-18第２中村ビル３階,042-312-3937,042-312-3937,042-312-3935,https://cocopale.co.jp,平日,,,,,,,,,,,,
2252,小平市,○,○,営利法人,1,1,独立系,5012701014396,株式会社コミュニティーケアサポートひだまり,,,ケアプランセンターひだまり,1374303053,東京都小平市たかの台４０番９号1階,０４２－３４８－５８３０,042-348-5830,０４２－３４８－５８３１,http://ccs-hidamari.com,"平日,土曜日,祝日",,,,,,,,,,,,
2253,小平市,○,○,営利法人,1,1,独立系,4010001201749,株式会社ジンバ,,,ケアプランセンターあゆみ,1374303715,東京都小平市小川町一丁目404-2ハビテ小平105,042-312-3057,042-312-3057,042-312-3037,https://jinba39.com,平日,,,,,,,,,,,,
2254,小平市,○,○,営利法人,1,1,独立系,9030001081581,株式会社ビーステップ,,,ビーステップケアセンター,1374303079,東京都小平市鈴木町2-187吉田ビル,042-466-7061,042-466-7061,042-466-7063,https://bestep.co.jp,平日,,,,,,,,,,,,
2255,小平市,○,○,営利法人,1,1,独立系,6012701015708,株式会社生き活きサポーターズ,,,いきいき小平わくわく介護相談室,1374303384,東京都小平市仲町107ベルセジュール小平203号,042-313-5213,042-313-5213,042-313-5223,http://iki-iki.biz/,平日,,,,,,,,,,,,
2257,小平市,○,○,営利法人,1,1,独立系,6012701014445,株式会社Ｃｏｌｏｒｓ,,,かなでケアステーション　居宅介護支援事業所,1374303129,東京都小平市仲町182番地3,042-344-5770,042-344-5770,042-313-2836,https://www.kanadecare.com/,平日,,,,,,,,,,,,
2259,小平市,○,○,営利法人,1,1,独立系,2012701016651,株式会社Ｉーｂｅ,,,ケアプランアイビー,1374303640,東京都小平市学園東町1-8-29一ツ橋コーポ　203,042-348-8030,042-348-8030,042-348-8031,https://careplan-ibe.com/,"平日,土曜日",,,,,,,,,,,,
2273,小平市,○,○,営利法人,1,1,独立系,4012701000059,阿部工業株式会社,,,居宅介護サービスえがお,1374301248,東京都小平市津田町２－２－６,042-346-2511,042-346-2511,042-342-7272,https://www.egawo-kyotakukaigo.jp/,"平日,土曜日",,,,,,,,,,,,
2275,小金井市,○,○,営利法人,1,1,独立系,5012401037945,HighBridge株式会社,,,ケアプランHERB,1374101945,東京都小金井市本町5-18-5第55東京ビル3F,0422-30-8775,0422-30-8775,0422-30-8616,https://www.highbiridgeinc.biz/,平日,,,,,,,,,,,,
2277,小金井市,○,○,営利法人,1,1,独立系,4012401033053,ひまわりケア株式会社,,,ひまわりケア,1374101721,東京都小金井市本町2-17-3メゾンド小金井101,042-382-5061,042-382-5061,042-382-5062,,平日,,,,,,,,,,,,
2278,小金井市,○,○,営利法人,1,1,独立系,8012401020535,グローリーケア株式会社,,,グローリーケア,1374101101,東京都小金井市前原町５－２－４７,042-386-2200,042-386-2200,042-386-2288,,平日,,,,,,,,,,,,
2284,小金井市,○,○,営利法人,1,1,独立系,5012403002939,合同会社たいじゅ,,,ケアプランたいじゅ,1374101960,東京都小金井市梶野町3-15-14,0422-38-9715,0422-38-9715,0422-38-9716,,平日,,,,,,,,,,,,
2285,小金井市,○,○,営利法人,1,1,独立系,2012403005168,合同会社ココステッチ,,,オーエンケアサービス,1374101994,東京都小金井市東町4-8-14アクトレジデンス新小金井305,042-308-7052,042-308-7052,042-308-3691,,平日,,,,,,,,,,,,
2286,小金井市,○,○,営利法人,1,1,独立系,1010103001439,合同会社ワークス,,,いなくさ,1374102000,東京都小金井市貫井南町4丁目1番7号友好荘207号,042-631-1793,042-631-1793,042-631-1794,,平日,,,,,,,,,,,,
2287,小金井市,○,○,営利法人,1,1,独立系,4012403004903,合同会社絆,,,ケアプラン絆,1374101937,東京都小金井市緑町3－3－21ライオンズテラス武蔵小金井　126号室,042－401-1157,042-401-1157,042－401-1167,http://hp.kaipoke.biz/v59/,平日,,,,,,,,,,,,
2288,小金井市,○,○,営利法人,1,1,独立系,5012402014407,有限会社　エイジレス・ライフ,,,エイジレス介護センター,1374100707,東京都小金井市貫井北町3-30-9,042-380-8066,042-380-8066,042-380-8108,https://eijiresukaigosenta.hp.gogo.jp,平日,,,,,,,,,,,,
2289,小金井市,○,○,営利法人,1,1,独立系,4012402014267,有限会社くすの木ケアサービス,,,くすの木ケアプランセンター,1374101036,東京都小金井市前原町３－１６－１１,042-401-1212,042-401-1212,,kusunokiday.com,"平日,祝日",,,,,,,,,,,,
2290,小金井市,○,○,営利法人,1,1,独立系,2012402015341,有限会社赤とんぼ,,,指定居宅介護支援事業所　赤とんぼ,1374100772,東京都小金井市貫井南町4-14-14ヴィレッジ・パル202号,042-406-1739,042-406-1739,042-406-1740,,平日,,,,,,,,,,,,
2292,小金井市,○,○,営利法人,1,1,独立系,3020001104316,株式会社AGREE,,,介護相談室ぬくいケアプラン,1374101887,東京都小金井市貫井北町3-16-5,042-321-5030,042-321-5030,042-329-8851,,"平日,土曜日,祝日",,,,,,,,,,,,
2293,小金井市,○,○,営利法人,1,1,独立系,5012401016800,株式会社　オアシス,,,ケアセンターふれあい,1374100905,東京都小金井市本町6-13-17タカギビル8-302,042-380-8131,042-380-8131,042-380-8132,http://oasis123.co.jp/company.html,平日,,,,,,,,,,,,
2294,小金井市,○,○,営利法人,1,1,独立系,9012701010508,株式会社　ニライカナイ,,,介護サポート　４ひきのねこ,1374101424,東京都小金井市前原町５－２０－１７,042-307-9193,042-307-9193,050-3153-1567,http://4hikinoneko.net/,平日,,,,,,,,,,,,
2295,小金井市,○,○,営利法人,1,1,独立系,3012401014335,株式会社はっぴ～ライフ,,,はっぴ～ライフケアセンター,1374101820,東京都小金井市東町4-10-16小金井ビル,042-386-6881,042-386-6881,042-386-6882,https://hl-chao.jp/,"平日,祝日",,,,,,,,,,,,
2297,小金井市,○,○,営利法人,1,1,独立系,1030001159897,株式会社ディサイド,,,居宅介護支援事業所ディサイド,1374102075,東京都小金井市貫井南町3-18-6クロノス武蔵小金井201,042-401-1911,042-401-1911,042-401-1918,,平日,,,,,,,,,,,,
2298,小金井市,○,○,営利法人,1,1,独立系,7012401004448,株式会社温心,,,温心居宅介護支援事業所,1374100467,東京都小金井市本町５－４１－７２０７,042-380-9904,042-380-9904,042-380-9934,,"平日,土曜日,祝日",,,,,,,,,,,,
2300,小金井市,○,○,営利法人,1,1,独立系,8012401029683,株式会社ＡＩＬＥ,,,ケアプランセンターえいる,1374101879,東京都小金井市前原町4-21-12キャロットホームズⅠｰ101,042-380-9055,042-380-9055,042-380-9056,,平日,,,,,,,,,,,,
2301,小金井市,○,○,営利法人,1,1,独立系,8012401035491,株式会社Ａｌｐｈａ　ｓｔａｎｄａｒｄ,,,ひがこ居宅介護支援事業所,1374102125,東京都小金井市緑町2-4-1サンロイヤル小金井101,042-405-1066,042-405-1066,042-332-2542,https://alpha-standard.com/,平日,,,,,,,,,,,,
2302,小金井市,○,○,営利法人,1,1,独立系,2012401037790,株式会社Ｒｅ,,,Re・Try,1374102083,東京都小金井市桜町2-1-42日生住宅小金井マンション101,042-316-5922,042-316-5922,042-316-5933,,"平日,祝日",,,,,,,,,,,,
2311,府中市,○,,営利法人,1,5,独立系,4011001017499,アビリティーズ・ケアネット株式会社,,,居宅介護支援事業所アビリティーズ西府町,1373804143,東京都府中市西府町3-32-8,042-352-8771,042-352-8771,042-318-2914,http://www.abilities.jp,平日,,,,,,,,,,,,
2321,府中市,○,○,営利法人,1,1,独立系,2012403001737,合同会社アイリス,,,ケアプランアイリス,1373802972,東京都府中市栄町1-32-36,042-365-2022,042-365-2022,042-365-2022,,平日,,,,,,,,,,,,
2322,府中市,○,○,営利法人,1,1,独立系,1010103002222,合同会社アライヴ,,,ケアプランマインズ,1373804218,東京都府中市白糸台3丁目50番地14号コーポ富士105号室,042-302-0010,042-302-0010,042-309-0176,,平日,,,,,,,,,,,,
2323,府中市,○,○,営利法人,1,1,独立系,2012403002933,合同会社エフォート,,,居宅介護支援事業所ゆーかり,1373803558,東京都府中市天神町3-16-2パレススメールA106,042－207－2573,042-207-2573,042－203-1711,http://hp:kaipoke.biz/41v/,平日,,,,,,,,,,,,
2324,府中市,○,○,営利法人,1,1,独立系,5012703000898,合同会社シオン,,,ケアセンターあゆみ,1373802063,東京都府中市天神町3-6-23,042-358-8122,042-358-8122,042-358-8123,http://hp.kaipoke.biz/w1n/,平日,,,,,,,,,,,,
2325,府中市,○,○,営利法人,1,1,独立系,4012403001495,合同会社押立ケアサポート,,,ケアプラン絆,1373802527,東京都府中市押立町５丁目8番地の1ソレイユルヴァン205,042-444-2857,042-444-2857,042-444-6328,,平日,,,,,,,,,,,,
2326,府中市,○,○,営利法人,1,1,施設併設,4012403002626,合同会社花・実,,,金木犀ケアプランホーム,1373803384,東京都府中市晴見町1-9-3,042-306-7757,042-306-7757,042-633-0587,https://kinmokusei-care.com,平日,,,,,,,,,,,,
2327,府中市,○,○,営利法人,1,1,独立系,9012403000113,合資会社イショップス,,,ケアももたろう,1373802766,東京都府中市本町3-29-26,042-319-1460,042-319-1460,042-319-1461,http://mtaro.jp,平日,,,,,,,,,,,,
2328,府中市,○,○,営利法人,1,1,独立系,4012402008046,有限会社　やすらぎ,,,やすらぎ,1373801800,東京都府中市府中町2-21-4菊正ビル2階　１号室,042-358-8341,042-358-8341,042-358-8339,http://www.care-yasuragi.jp,"平日,祝日",,,,,,,,,,,,
2330,府中市,○,○,営利法人,1,1,独立系,4012401000037,株式会社　アーバンハウスシステム,,,ケアプラン府中,1373804150,東京都府中市府中町2-18-24パストラル府中102,050-3092-3171,050-3092-3171,050-3092-3172,,平日,,,,,,,,,,,,
2331,府中市,○,○,営利法人,1,1,独立系,9012401029617,株式会社　シンクハピネス,,,LIC居宅介護支援事業所,1373803681,東京都府中市清水が丘3-29-5トラットリアK＆M101,042-302-3457,042-302-3457,042-302-3458,http://sync-happiness.com/,"平日,祝日",,,,,,,,,,,,
2332,府中市,○,○,営利法人,1,1,独立系,2012401000872,株式会社　総合ケアセンター,,,総合ケアセンター,1373800018,東京都府中市寿町2-10-3宝栄府中ビル4階,042-352-7630,042-352-7630,042-352-7631,,平日,,,,,,,,,,,,
2333,府中市,○,○,営利法人,1,1,独立系,1012401024922,株式会社アルモニ,,,あるもにケアステーション,1373803277,東京都府中市府中町3-5-6佐伯コーポラス208,042-370-1947,042-370-1947,042-370-1948,http://harmonie-ns.net,平日,,,,,,,,,,,,
2334,府中市,○,○,営利法人,1,1,独立系,2012401015219,株式会社ウチヤマ訪問入浴サービス,,,ウチヤマ居宅介護支援事業所,1373803616,東京都府中市西府町3-20-1ライオンズマンションヴィアーレ府中304,042-203-1586,042-203-1586,042-302-8272,,"平日,土曜日",,,,,,,,,,,,
2335,府中市,○,○,営利法人,1,1,独立系,5011001115260,株式会社エストゥルース・ケア,,,エスケアサポート府中,1373803665,東京都府中市府中町2-9-1プレステージ府中407,042-352-7355,042-352-7355,042-352-7356,https://care.estruth.co.jp/,"平日,祝日",,,,,,,,,,,,
2336,府中市,○,○,営利法人,1,1,独立系,7012401020924,株式会社エムズ,,,あすなろ居宅介護支援事業所,1373802311,東京都府中市多磨町1-22-4102,042-302-0601,042-302-0601,042-302-0602,,平日,,,,,,,,,,,,
2337,府中市,○,○,営利法人,1,1,独立系,5012401000259,株式会社エム・エス・シー,,,株式会社エム・エス・シー　西東京支援センター,1373800083,東京都府中市府中町1-12-7センタービル2階,042-368-7911,042-368-7911,042-364-5409,http://www.msc-gr.co.jp/msc/,"平日,土曜日,日曜日,祝日",,,,,,,,,,,,
2338,府中市,○,○,営利法人,1,1,独立系,4012401037161,株式会社クレマチス,,,居宅介護支援クレマチス,1373804044,東京都府中市幸町1丁目18番地の15,042-318-0018,042-318-0018,042-340-3314,https://clematis1102.co.jp,"平日,祝日",,,,,,,,,,,,
2340,府中市,○,○,営利法人,1,1,独立系,3012401016208,株式会社フリースタイル,,,アクティブマネージ,1373802600,東京都府中市晴見町２－１６－５森芝ビル２階,042-358-3420,042-358-3420,042-358-3421,http://www.activecare.co.jp/index.html,平日,,,,,,,,,,,,
2342,府中市,○,○,営利法人,1,1,独立系,4012401023005,株式会社介護本舗,,,なないろの居宅,1373804317,東京都府中市八幡町2－10－37,042-319-9643,042-319-9643,042-633-0452,,平日,,,,,,,,,,,,
2343,府中市,○,○,営利法人,1,1,独立系,8012401020007,株式会社向日葵,,,ケアプラン向日葵,1373804069,東京都府中市武蔵台1-6-10コーポ東　1階西,042-306-5636,042-306-5636,042-306-5384,,平日,,,,,,,,,,,,
2353,府中市,○,○,営利法人,1,1,独立系,2010803002116,Ｆａｍｉｌｊ合同会社,,,介護相談オフィスのあ,1373803202,東京都府中市紅葉丘1-10-5パストラールハイム101,042-306-8614,042-306-8614,042-306-8647,https://noah-kaigo.jp/,平日,,,,,,,,,,,,
2355,日野市,○,○,営利法人,1,1,独立系,9012801017485,ねこの手株式会社,,,ねこの手居宅,1373502721,東京都日野市平山6-43-3,042-506-9925,042-506-9925,042-506-9923,,"平日,土曜日,祝日",,,,,,,,,,,,
2360,日野市,○,○,営利法人,1,1,独立系,4013403000578,合同会社あおばケアセンター,,,あおばケアセンター,1373502523,東京都日野市神明2-5-31サンハイツ神明101,042-843-4646,042-843-4646,042-843-4650,,平日,,,,,,,,,,,,
2361,日野市,○,○,営利法人,1,1,独立系,9012803003194,合同会社わたがし,,,ケアプランわたがし,1373503257,東京都日野市多摩平3-13-13,070-1593-2568,070-1593-2568,050-3535-5566,https://watagasillc.com,平日,,,,,,,,,,,,
2362,日野市,○,○,営利法人,1,1,独立系,4012803002341,合同会社Ｔ．Ａ．Ｇ．ｐｌｕｓひの,,,ケア・コンシェルＴ．Ａ．Ｇ．＋,1373503059,東京都日野市東豊田3-8-2サンコーポ山崎203,042-506-2136,042-506-2136,042-506-2138,https://tag-nursing-st.jimdosite.com/,平日,,,,,,,,,,,,
2363,日野市,○,○,営利法人,1,1,独立系,1013402006637,多摩ケア・サポート有限会社,,,多摩ケア・サポート有限会社,1373502762,東京都日野市栄町4-27-8,042-582-0826,042-582-0826,042-583-1897,,平日,,,,,,,,,,,,
2365,日野市,○,○,営利法人,1,1,独立系,5010102011212,有限会社あいむケアサービス,,,居宅介護支援事業所グラート,1373500956,東京都日野市神明３-７-１９セントラルコーポE館1階南,042-585-6488,042-585-6488,042-585-6436,http://aimcare.business1.gogo.jp/,平日,,,,,,,,,,,,
2366,日野市,○,○,営利法人,1,1,独立系,2150002003372,有限会社スバル２１,,,ケアサービススバル２１,1373502465,東京都日野地豊田4-24-1,042-848-0128,042-848-0128,042-848-2098,,平日,,,,,,,,,,,,
2367,日野市,○,○,営利法人,1,1,独立系,6013402006756,有限会社ペイフォワード,,,介護相談室　　　めいぷる,1373501202,東京都日野市日野本町7-1-13,042-589-4134,042-589-4134,042-581-0569,,平日,,,,,,,,,,,,
2368,日野市,○,○,営利法人,1,1,独立系,5013401005702,株式会社かけはし,,,指定居宅介護支援事業所かけはし,1373501848,東京都日野市三沢4丁目8番地の8,042-506-9834,042-506-9834,042-506-9840,https://kakehashik.co.jp,平日,,,,,,,,,,,,
2372,日野市,○,○,営利法人,1,1,独立系,4013401000563,株式会社フォーラム,,,ライズケアプラン三沢,1373501368,東京都日野市三沢2-18-11,042-594-1700,042-594-1700,042-594-2100,http://www.rise-v.com,"平日,土曜日,祝日",,,,,,,,,,,,
2373,日野市,○,○,営利法人,1,1,独立系,4013401005777,株式会社ラピオン,,,ラピオンナースステーション,1373502127,東京都日野市南平7-2-14,042-599-6675,042-599-6675,042-599-6676,http://lapion-jp.com/,"平日,土曜日,祝日",,,,,,,,,,,,
2374,日野市,○,○,営利法人,1,1,独立系,4013401004936,株式会社国際看護,,,国際ケアプラン,1373502192,東京都日野市旭が丘5-6-20ジュネパレス旭が丘1階,042-843-4460,042-843-4460,042-585-9705,http://www.kokusaikango.tokyo,平日,,,,,,,,,,,,
2376,日野市,○,○,営利法人,1,1,独立系,5013401000637,株式会社日野福祉サービス,,,日野福祉サービス　居宅介護支援事業所,1373500790,東京都日野市豊田3－34－3ルネス・グリシーヌ1階,042-581-2952,042-581-2952,042-581-2950,https://itp.ne.jp/info/133107777100000899/,平日,,,,,,,,,,,,
2377,日野市,○,○,営利法人,1,1,独立系,7010101000016,株式会社葵ヘルパーセンター,,,株式会社　葵ヘルパーセンター　豊田事業所,1373500899,東京都日野市多摩平4－1－9葵ビル,042-589-1414,042-589-1414,042-589-1415,http://www.aoihc.com,平日,,,,,,,,,,,,
2387,昭島市,○,○,営利法人,1,1,独立系,9012803001272,合同会社トーラス,,,ライフケアあきしま,1374001558,東京都昭島市玉川町5-6-6ハイム玉川台101号,042-519-8093,042-519-8093,042-519-8094,,平日,,,,,,,,,,,,
2388,昭島市,○,○,営利法人,1,1,独立系,3012803001716,合同会社Ｍｕｓｕｂｉ,,,ケアマネジメントMusubi,1374001814,東京都昭島市玉川町３丁目８番３号,042-519-1293,042-519-1293,042-519-1294,http://musubi383.amebaownd.com,"平日,土曜日",,,,,,,,,,,,
2390,昭島市,○,○,営利法人,1,1,独立系,2012801002535,扶桑管理サービス株式会社,,,ふそうケアサービス,1374000311,東京都昭島市緑町3－5－8,042-549-0960,042-549-0960,042-500-2566,http://fuso-kanri.co.jp/kaigo/html/akishima.cgi,"平日,土曜日,祝日",,,,,,,,,,,,
2391,昭島市,○,○,営利法人,1,1,独立系,7012801004460,昭和の森エリアサービス株式会社,,,スマイルケア昭和の森　居宅介護支援事業所,1374000741,東京都昭島市代官山3丁目1番1号,042-500-8682,042-500-8682,042-500-8687,http://showanomori-as.co.jp/smile07/index.html,"平日,祝日",,,,,,,,,,,,
2392,昭島市,○,○,営利法人,1,1,独立系,4012802010634,有限会社　あいサンテ,,,あいサンテケアステーション,1374000758,東京都昭島市中神町1157-17,042-549-7078,042-549-7078,042-546-5212,,平日,,,,,,,,,,,,
2394,昭島市,○,○,営利法人,1,1,独立系,9012802010613,有限会社　カナリヤ,,,カナリヤ居宅介護支援事業所,1374000733,東京都昭島市宮沢町２－３－７,042-546-2352,042-546-2352,042-500-4700,,平日,,,,,,,,,,,,
2395,昭島市,○,○,営利法人,1,1,独立系,5012802007539,有限会社つつじ,,,つつじが丘介護支援センター,1374000634,東京都昭島市つつじが丘3-5-6113,042-500-5441,042-500-5441,042-500-5673,http://www.tutuji-kaigo.com,"平日,土曜日,祝日",,,,,,,,,,,,
2396,昭島市,○,○,営利法人,1,1,独立系,3012802006690,有限会社昭島ケアセンター,,,有限会社昭島ケアセンター,1374000378,東京都昭島市玉川町1-7-2111,042-545-7279,042-545-7279,042-545-7404,,平日,,,,,,,,,,,,
2397,昭島市,○,○,営利法人,1,1,独立系,1012801007972,株式会社たまこうき,,,宮沢の太陽,1374001764,東京都昭島市宮沢町497-3,042-519-2770,042-519-2770,042-519-6017,https://tamakouki.com/,"平日,祝日",,,,,,,,,,,,
2398,昭島市,○,○,営利法人,1,1,独立系,3013101006176,株式会社みゅう,,,ふたばケアプランセンター,1375300389,東京都昭島市東町5-5-2グリーンハイツ201,042-519-4330,042-519-4330,042-519-4328,,平日,,,,,,,,,,,,
2401,昭島市,○,○,営利法人,1,1,独立系,2012801001636,株式会社メイズ,,,こはるケアオフィス,1374001731,東京都昭島市美堀町２－１－３,042-519-5240,042-519-5240,042-519-5241,,"平日,祝日",,,,,,,,,,,,
2402,昭島市,○,○,営利法人,1,1,独立系,9012801004302,株式会社白百合ケアセンター,,,白百合ケアセンター,1374000022,東京都昭島市東町１－１６－９昭和パークビル１階,042-521-7771,042-521-7771,042-521-7775,,平日,,,,,,,,,,,,
2403,昭島市,○,○,営利法人,1,1,独立系,8012801017065,株式会社ＫＯＵＭＩ,,,居宅介護支援事業所　こ海,1374001681,東京都昭島市福島町3-10-13,042-500-5610,042-500-5610,042-500-5611,,"平日,土曜日",,,,,,,,,,,,
2407,東久留米市,○,○,営利法人,1,1,独立系,4012701014067,キッケル株式会社,,,居宅介護支援事業所　きっける,1374801932,東京都東久留米市中央町6-1-7高橋コーポ103,042-479-2377,042-479-2377,042-479-4426,,平日,,,,,,,,,,,,
2409,東久留米市,○,○,営利法人,1,1,独立系,7012703000715,合同会社スマイル,,,居宅介護支援事業所スマイル,1374800983,東京都東久留米市本町４－４－６スカイハイツ１０１,042-420-4217,042-420-4217,042-420-4218,,平日,,,,,,,,,,,,
2410,東久留米市,○,○,営利法人,1,1,独立系,1012701003766,日建リース工業株式会社,,,ケアプランかがやき東久留米,1374802237,東京都東久留米市滝山7-17-13,042-420-5535,042-420-5535,042-420-5572,,"平日,祝日",,,,,,,,,,,,
2411,東久留米市,○,○,営利法人,1,1,独立系,5012702008637,有限会社たんぽぽ,,,有限会社たんぽぽ,1374800447,東京都東久留米市幸町3－2－2コーポ吉田1F,042-476-0140,042-476-0140,042-476-0141,http://www.tannpopo.co.jp/,"平日,土曜日",,,,,,,,,,,,
2412,東久留米市,○,○,営利法人,1,1,独立系,9012702007890,有限会社孜々堂,,,居宅介護支援ひょうたん島,1374800678,東京都東久留米市本町1-2-22,042-472-5108,042-472-5108,042-472-5112,,平日,,,,,,,,,,,,
2413,東久留米市,○,○,営利法人,1,1,独立系,2012701008772,株式会社　ケイ・ティ・アイ,,,東本町居宅介護支援事業所,1374802062,東京都東久留米市東本町5-1,042-420-5980,042-420-5980,042-420-5161,http://www.k-t-i.co.jp/,平日,,,,,,,,,,,,
2414,東久留米市,○,○,営利法人,1,1,施設併設,4011101074944,株式会社アプリソワン,,,居宅介護支援事業所　マイホーム前沢,1374802278,東京都東久留米市前沢5－5－11はじまりの家そら201号,050-8888-7855,050-8888-7855,050-6865-7464,https://watashinchi.wixsite.com/kaigo,"平日,祝日",,,,,,,,,,,,
2415,東久留米市,○,○,営利法人,1,1,独立系,1012702013665,株式会社アロース武蔵野,,,アロース武蔵野介護相談センター,1374800850,東京都東久留米市八幡町3-11-1,042-477-6122,042-477-6122,042-477-6132,http://arroz.jp/,"平日,土曜日,祝日",,,,,,,,,,,,
2417,東久留米市,○,○,営利法人,1,1,独立系,3012701003608,株式会社ソーシャル・サポート,,,株式会社　ソーシャル・サポート,1374800017,東京都東久留米市中央町１－１９－２,042-473-1477,042-473-1477,042-473-1485,,"平日,祝日",,,,,,,,,,,,
2418,東久留米市,○,○,営利法人,1,1,独立系,8011301023425,株式会社ツインキールズ,,,居宅介護支援事業所アルゴ,1374802112,東京都東久留米市本町1-4-45アーク東久留米1階,042-479-4184,042-479-4184,042-420-1059,http://www.gorinkai.or.jp/,平日,,,,,,,,,,,,
2432,東大和市,○,○,営利法人,1,1,独立系,8012803003229,合同会社ルーイヒ,,,りひとケアプランセンター,1374601332,東京都東大和市芋窪4-1494-1第二菅沼コーポ201,042-843-6123,042-843-6123,042-843-7201,,平日,,,,,,,,,,,,
2433,東大和市,○,○,営利法人,1,1,独立系,6012803003296,合同会社夢民舎,,,ふろうれんケアプランセンター,1374601365,東京都東大和市向原3-2-21ハーヴェストⅠ　301号室,042-843-9767,042-843-9767,042-843-9768,,平日,,,,,,,,,,,,
2435,東大和市,○,○,営利法人,1,1,独立系,6012802007001,有限会社　イーライフ,,,イーライフ,1374600268,東京都東大和市立野３－５７６－３立野尾又ビル205号,042-562-0324,042-562-0324,042-562-0674,https://www.ee-life.net,"平日,土曜日",,,,,,,,,,,,
2439,東大和市,○,○,営利法人,1,1,独立系,9012801007742,株式会社ピュア・ハート,,,ケアマネジメントセンター・赤い糸,1374601100,東京都東大和市仲原3-13-24,042-843-5903,042-843-5903,042-590-1906,http://www.pure-heart.co.jp,平日,,,,,,,,,,,,
2440,東大和市,○,○,営利法人,1,1,独立系,8012801000913,株式会社武蔵野企画,,,たんぽぽケアマネジメントセンター,1374601381,東京都東大和市蔵敷2－510－43,070-3392-1367,070-3392-1367,050-1799-0474,,平日,,,,,,,,,,,,
2447,東村山市,○,○,営利法人,1,1,独立系,4012801009413,エンジョイ株式会社,,,ケアプランセンター　一期一笑,1372702413,東京都東村山市萩山町1-8-12クロウバーハイツ201,042-312-3883,042-312-3883,042-349-1189,https://kaigo-ichigoichie.com/,平日,,,,,,,,,,,,
2454,東村山市,○,○,営利法人,1,1,独立系,4012703003415,合同会社はるぞら,,,居宅介護支援事業所　はるぞら,1372702843,東京都東村山市美住町1-12-5プレジオMC103,042-201-6031,042-201-6031,042-308-8873,https//haruzora-home-nurse.hp.peraichi.com/,平日,,,,,,,,,,,,
2455,東村山市,○,○,営利法人,1,1,独立系,6012803001358,合同会社ほたるケアプランセンター,,,ほたるケアプランセンター,1372702579,東京都東村山市富士見町3丁目22番地151F,042-313-9855,042-313-9855,042-313-9878,,平日,,,,,,,,,,,,
2456,東村山市,○,○,営利法人,1,1,独立系,8012703002727,合同会社アンプ,,,アンプ・ケアマネ事業所,1372702686,東京都東村山市富士見町5-3-38鹿間ハイツ103号室,080-7965-7310,080-7965-7310,042-304-0099,,平日,,,,,,,,,,,,
2457,東村山市,○,,営利法人,1,2,独立系,7030003022247,合同会社ケアプランのぞみ,,,ケアプランのぞみ東京秋津ステーション,1372702850,東京都東村山市秋津町５－１２－８９ビズコンフォート秋津オフィス2F-０８号,05071120690,05071120690,,,平日,,,,,,,,,,,,
2458,東村山市,○,○,営利法人,1,1,独立系,9012703002890,合同会社ネコノヒゲ,,,居宅介護支援事業所はなみずき,1372702777,東京都東村山市栄町１－２９－３４,042-307-8375,042-307-8375,042-306-4592,,平日,,,,,,,,,,,,
2459,東村山市,○,○,営利法人,1,1,独立系,5012701018991,心生株式会社,,,居宅とんとん,1372702835,東京都東村山市栄町3-25-6住プラザ6号館101号室,042-306-2050,042-306-2050,042-306-2051,https://kyotakutonton.com/,"平日,土曜日",,,,,,,,,,,,
2460,東村山市,○,○,営利法人,1,1,独立系,4301372701050,有限会社　ピースフル,,,居宅介護支援事業所　のどか,1372701050,東京都東村山市美住町1－18－65ウイングヒルズ久米川Ｐ2－505,042-397-0189,042-397-0189,042-397-6754・,,平日,,,,,,,,,,,,
2463,東村山市,○,○,営利法人,1,1,独立系,8012702010111,有限会社介護センターきらら,,,介護センタ-きらら,1372700607,東京都東村山市栄町3-12-1ハイツリベルテ102,042-391-1104,042-391-1104,042-391-1165,,平日,,,,,,,,,,,,
2465,東村山市,○,○,営利法人,1,1,独立系,7012701004981,株式会社　ニュースラボ,,,ケアセンター　あやとり,1374800488,東京都東村山市栄町3-5-5,042-313-3631,042-313-3631,042-313-3632,http://kaigonopuro.jimdo.com/,"平日,祝日",,,,,,,,,,,,
2467,東村山市,○,○,営利法人,1,1,独立系,2012701009143,株式会社ウィズケアメディカル,,,ウィズケア居宅介護支援事業所,1372701878,東京都東村山市久米川町4-42-4,042-313-0471,042-313-0471,042-313-0472,http://www.withcare-medical.com/,"平日,祝日",,,,,,,,,,,,
2468,東村山市,○,○,営利法人,1,1,独立系,6010901036904,株式会社カームオン,,,あらいぶ居宅,1372702785,東京都東村山市萩山町4-10-67エピソードⅠ萩山　１０７号,042-306-4517,042-306-4517,042-306-4518,https://camon-job.com/alive/,"平日,祝日",,,,,,,,,,,,
2469,東村山市,○,○,営利法人,1,1,独立系,1012701009540,株式会社キャンディ居宅介護支援事業所,,,キャンディ居宅介護支援事業所,1372701274,東京都東村山市萩山町２－１１－５サンステージ２０２,042-207-8560,042-207-8560,042-207-8561,,平日,,,,,,,,,,,,
2470,東村山市,○,○,営利法人,1,1,独立系,5012701009371,株式会社コロネット,,,オメガライフケアサービス,1372701191,東京都東村山市美住町1-19-11,042-396-9965,042-396-9965,042-396-9967,,平日,,,,,,,,,,,,
2471,東村山市,○,○,営利法人,1,1,独立系,2012701010539,株式会社ハッピーエール,,,居宅介護支援事業所ここね,1372702207,東京都東村山市本町4-1-8,042-313-0544,042-313-0544,042-313-0532,,平日,,,,,,,,,,,,
2472,東村山市,○,○,営利法人,1,1,独立系,5012801009429,株式会社マザーズハウス,,,マザーズハウス,1372702488,東京都東村山市野口町4-10-12,042-399-3303,042-399-3303,042-399-3304,https://mothershouse.jp,平日,,,,,,,,,,,,
2473,東村山市,○,○,営利法人,1,1,独立系,3012702003103,株式会社中央ハウジング,,,ソメイアシスト,1372701761,東京都東村山市青葉町1-27-6,042-313-3208,042-313-3208,042-313-3209,,平日,,,,,,,,,,,,
2474,東村山市,○,○,営利法人,1,1,独立系,2012701007758,株式会社清心,,,みのり地域看護ステーション,1372701514,東京都東村山市久米川町4-14-112,042-390-8180,042-390-8180,042-390-8186,http://www.kk-seishin.jp/,"平日,土曜日",,,,,,,,,,,,
2491,武蔵村山市,○,○,営利法人,1,1,独立系,5012803003009,合同会社プリムラ,,,プリムラ,1374901435,東京都武蔵村山市榎2-43-1コーポジュリン101号室,042-843-6215,042-843-6215,042-843-6216,,平日,,,,,,,,,,,,
2493,武蔵村山市,○,○,営利法人,1,1,独立系,5013101005944,株式会社ムサシノ介護,,,ムサシノ居宅介護,1374901468,東京都武蔵村山市中原2-3-9-H,042-569-7221,042-569-7221,042-569-6875,,平日,,,,,,,,,,,,
2494,武蔵村山市,○,○,営利法人,1,1,独立系,1012801023152,株式会社多摩ソーシャルデザインラボ,,,中原ライフサポート,1374901518,東京都武蔵村山市中原2-2-24,070-6660-2762,070-6660-2762,042-808-3971,,平日,,,,,,,,,,,,
2500,武蔵野市,○,○,営利法人,1,1,独立系,2012803001287,クリスタルライフ合同会社,,,クリスタルケア,1373302320,東京都武蔵野市吉祥寺北町4-8-26ニューチェリーハイツ吉祥寺306号室,0422-39-8948,0422-39-8948,0422-39-8949,http://www.crystalcare.jp,"平日,祝日",,,,,,,,,,,,
2507,武蔵野市,○,○,営利法人,1,1,独立系,7012403004801,合同会社すまいるコネクト,,,はみんぐケアプラン,1373302833,東京都武蔵野市境南町4－22－3NS25パレス302,0422-30-8020,0422-30-8020,0422-26-1588,https://smileconnect.tokyo,平日,,,,,,,,,,,,
2508,武蔵野市,○,○,営利法人,1,1,独立系,8012403003067,合同会社てんとうむし,,,みらい,1373302486,東京都武蔵野市境南町四丁目22番６103号,0422-77-0137,0422-77-0137,0422-90-7033,,平日,,,,,,,,,,,,
2509,武蔵野市,○,○,営利法人,1,1,独立系,5012703002283,合同会社菫,,,すみれ居宅介護支援事業所,1373302742,東京都武蔵野市西久保2-14-7メゾンHAL,0422-38-8331,0422-38-8331,0422-38-7957,,平日,,,,,,,,,,,,
2510,武蔵野市,○,○,営利法人,1,1,独立系,2012703001164,合同会社ＧＤＳ,,,OKライフ吉祥寺,1373302361,東京都武蔵野市境5－6－21メゾン・ホウヤ401号,0422－38－5092,0422-38-5092,0422－38－5093,https://www.g-d-s.jp/gds,平日,,,,,,,,,,,,
2513,武蔵野市,○,○,営利法人,1,1,独立系,4012402021214,有限会社愛心介護サービス,,,有限会社　愛心介護サービス,1373301074,東京都武蔵野市境2-13-4リッチボン２F,0422-36-2118,0422-36-2118,0422-36-2128,http://hp.kaipoke.biz/y6v/,平日,,,,,,,,,,,,
2515,武蔵野市,○,○,営利法人,1,1,独立系,9012401033973,株式会社　ゆーらりー,,,株式会社　ゆーらりー,1373302585,東京都武蔵野市吉祥寺本町1‐4‐11ライオンズステーションプラザ吉祥寺406,0422‐27‐1388,0422-27-1388,0422‐27‐1389,,"平日,土曜日",,,,,,,,,,,,
2517,武蔵野市,○,○,営利法人,1,1,独立系,3012401037071,株式会社あしすと,,,あしすと居宅介護支援事業所,1373302734,東京都武蔵野市吉祥寺東町1-19-22第5勝又ビル206号室,0422-56-8725,0422-56-8725,0422-56-8726,,平日,,,,,,,,,,,,
2518,武蔵野市,○,○,営利法人,1,1,独立系,9012401025194,株式会社ささえ,,,居宅介護支援事業所ささえ,1373302700,東京都武蔵野市吉祥寺本町一丁目３５番１４号ユニアス七井ビル204号室,0422-27-5460,0422-27-5460,,https://k-sasae.jp/careplan/index.html,平日,,,,,,,,,,,,
2520,武蔵野市,○,,営利法人,1,11,独立系,2120001171586,株式会社アスモ介護サービス,,,アスモ介護サービス東京,1373302221,東京都武蔵野市緑町1-5-18,0422-53-0656,0422-53-0656,0422-60-2501,,平日,,,,,,,,,,,,
2521,武蔵野市,○,○,営利法人,1,1,独立系,8012401013662,株式会社アライブ,,,アクセスポイント吉祥寺ケアプラン,1373300977,東京都武蔵野市吉祥寺本町１－３２－２1Ｆ,0422-27-6671,0422-27-6671,0422-23-8303,http://www.access-point.jp,"平日,祝日",,,,,,,,,,,,
2522,武蔵野市,○,○,営利法人,1,1,独立系,4012401020893,株式会社ケアプラン花いかだ,,,ケアプラン花いかだ,1373301942,東京都武蔵野市境南町５－１４－１エステート富士見105,0422-39-5110,0422-39-5110,0422-39-5120,,"平日,土曜日,祝日",,,,,,,,,,,,
2525,武蔵野市,○,○,営利法人,1,1,薬局併設,9012401011244,株式会社三祐産業,,,稲垣薬局　介護サービス（居宅介護）,1373301033,東京都武蔵野市吉祥寺本町1-13-3医療ビル6F,0422-20-6388,0422-20-6388,0422-20-6833,http://www.inagaki-group.jp/,平日,,,,,,,,,,,,
2533,武蔵野市,○,○,営利法人,1,1,独立系,2011603004392,ＳＨＩＺＵＫＵ合同会社,,,けあぷらんしずく,1373302874,東京都武蔵野市西久保３丁目25-12メゾンシーウェイ101号,0422-38-6423,0422-38-6423,0422-38-6426,,平日,,,,,,,,,,,,
2536,清瀬市,○,○,営利法人,1,1,独立系,9012702012973,健康生活支援研究所有限会社すこやか,,,介護相談センターすこやか,1374700795,東京都清瀬市中清戸3-323キャロットハイム103号室,042-491-3477,042-491-3477,042-491-3371,https://www.kaigo-sukoyaka.com/,平日,,,,,,,,,,,,
2540,清瀬市,○,○,営利法人,1,1,独立系,8012703002685,合同会社縁,,,居宅介護支援事業所　青い鳥,1374701983,東京都清瀬市松山２－８－２２階,042-495-4508,042-495-4508,042-495-4508,,平日,,,,,,,,,,,,
2541,清瀬市,○,○,営利法人,1,1,独立系,6012702013520,有限会社　クオリティ・オブ・ライフケアサービス,,,キュー・オー・エルケアサービス,1374700886,東京都清瀬市梅園3-18-1,042-497-7131,042-497-7131,042-497-7132,http://www,平日,,,,,,,,,,,,
2542,清瀬市,○,○,営利法人,1,1,薬局併設,4012702007565,有限会社あくつ薬局,,,あくつ薬局介護支援センター,1374700670,東京都清瀬市松山1-41-18,042-491-0142,042-491-0142,042-491-0726,,"平日,土曜日",,,,,,,,,,,,
2543,清瀬市,○,○,営利法人,1,1,独立系,8012702008980,有限会社アイズ,,,居宅介護支援事業所　アイズ,1374700589,東京都清瀬市松山1-4-19HRNﾋﾞﾙ4階,042-496-7147,042-496-7147,042-496-7141,,"平日,土曜日",,,,,,,,,,,,
2547,清瀬市,○,,営利法人,1,2,独立系,2012701009234,株式会社愛ケア,,,愛ケア清瀬居宅介護支援事業所,1374701082,東京都清瀬市中里1丁目746番地,042-452-8735,042-452-8735,042-452-8686,http://www.aikea.jp/,"平日,祝日",,,,,,,,,,,,
2556,狛江市,○,○,営利法人,1,1,独立系,5012403002311,合同会社　ケアプラン国領,,,Mayケアプラン国領,1374501011,東京都狛江市中和泉5－33－3103,03－3480－7378,03-3480-7378,03－3480－7378,,平日,,,,,,,,,,,,
2557,狛江市,○,○,営利法人,1,1,独立系,2012403003592,合同会社かたつむり,,,合同会社かたつむり,1374501284,東京都狛江市西野川4丁目17番地6メ－プル西野川202,03-6331-1809,03-6331-1809,03-6331-1809,,平日,,,,,,,,,,,,
2558,狛江市,○,○,営利法人,1,1,独立系,6012403006947,合同会社クローバー,,,クローバー居宅介護支援事業所,1374501466,東京都狛江市中和泉3-34-5メゾンエクセル103,03-6761-7209,03-6761-7209,03-6795-2301,https://www.clover-plan.com,平日,,,,,,,,,,,,
2559,狛江市,○,○,営利法人,1,1,独立系,5012402008342,有限会社　フォーユー,,,ケアステーション　フォーユー,1374500476,東京都狛江市和泉本町1-6-15エスポワール狛江102,03-3430-8812,03-3430-8812,03-3430-3320,,平日,,,,,,,,,,,,
2560,狛江市,○,○,営利法人,1,1,独立系,8012402013257,有限会社ケアーサポートモア,,,有限会社　ケアーサポートモア,1374500047,東京都狛江市東和泉1-20-3富永ビル2階,03-5438-7270,03-5438-7270,03-5438-7271,,平日,,,,,,,,,,,,
2561,狛江市,○,○,営利法人,1,1,独立系,9012402013735,有限会社ベンディングソリューション,,,のびのびケアプラン,1374500633,東京都狛江市西野川１－１－２０－１キタミセブンハイツ202,03-5438-6350,03-5438-6350,03-5438-6328,http://home.k01.itscom.net/nobinobi,"平日,土曜日,日曜日,祝日",,,,,,,,,,,,
2562,狛江市,○,○,営利法人,1,1,独立系,3012401010227,株式会社　エムエスシー,,,ふれあいケアサービス,1374500260,東京都狛江市東和泉１－２３－２５アルカヒルズ８-２０１,03-5761-3535,03-5761-3535,03-5761-3536,http://www.fureai24.co.jp,"平日,祝日",,,,,,,,,,,,
2563,狛江市,○,○,営利法人,1,1,独立系,8012401019940,株式会社せき介護サービス,,,株式会社せき介護サービス,1374500724,東京都狛江市東和泉１－１２－６長谷川ビル３０７,03-3489-2766,03-3489-2766,03-5761-9927,,"平日,土曜日",,,,,,,,,,,,
2564,狛江市,○,○,営利法人,1,1,独立系,4012401035248,株式会社つつな,,,ケアプランつつな,1374501318,東京都狛江市和泉本町1-25-25,03-5761-8227,03-5761-8227,03-5761-8337,,平日,,,,,,,,,,,,
2566,狛江市,○,○,営利法人,1,1,独立系,2012401032263,株式会社らいふプランニングTAE,,,すずプランニング,1374501219,東京都狛江市東和泉1-33-17,03-3489-0679,03-3489-0679,03-3489-0679,,平日,,,,,,,,,,,,
2567,狛江市,○,○,営利法人,1,1,独立系,8012401035905,株式会社ＭＩＲＡＩ　Ｑｕａｌｉｔｙ,,,ケアステーションMIRAI,1374501342,東京都狛江市中和泉2ｰ3ｰ13,03-6773-9084,03-6773-9084,03-6773-9084,http://hp.kaipoke.biz/fuy/,平日,,,,,,,,,,,,
2568,狛江市,○,○,営利法人,1,1,独立系,3012401023468,株式会社Ｏｏｉｔｔｏ,,,ハーティネス狛江,1374500914,東京都狛江市元和泉１－１１－６エクセルマンション２０２,03-6314-7718,03-6314-7718,03-6795-0921,,平日,,,,,,,,,,,,
2569,狛江市,○,○,営利法人,1,1,独立系,7012401019801,株式会社ＹＭＯ,,,ハニーケアサービス,1374500690,東京都狛江市東和泉1-3-15303,03-3488-8269,03-3488-8269,03-3488-8291,http://www.yes8269.com,平日,,,,,,,,,,,,
2578,町田市,○,○,営利法人,1,1,独立系,2012303001127,わカンパニー合同会社,,,居宅介護支援事業所　わ,1373206430,東京都町田市南大谷1丁目7番10号コーポゼルコバ102,042-785-4495,042-785-4495,042-785-4497,,"平日,祝日",,,,,,,,,,,,
2582,町田市,○,,営利法人,1,3,独立系,4012301000715,クリエーティブカミヤ株式会社,,,クリエーティブカミヤ株式会社　介護支援事業所カミヤ,1373206182,東京都町田市つくし野3-4-8,042-788-3381,042-788-3381,042-788-7711,http://www.c-kamiya.co.jp,平日,,,,,,,,,,,,
2586,町田市,○,○,営利法人,1,1,独立系,2012301008264,ハートショップ株式会社,,,ハートケアプラン,1373203742,東京都町田市金井ヶ丘4-43-33,042-708-8641,042-708-8641,042-708-8541,http://ha-to-kaigo.com/,平日,,,,,,,,,,,,
2589,町田市,○,○,営利法人,1,1,独立系,7012303001147,優凜合同会社,,,紬,1373206489,東京都町田市相原町796-36アビラ相原南号室,042-703-6730,042-703-6730,042-703-6731,http://www.yuri-tumugi.jp,"平日,土曜日,祝日",,,,,,,,,,,,
2602,町田市,○,○,営利法人,1,1,独立系,4012303001455,合同会社八重,,,合同会社八重,1373206851,東京都町田市中町3丁目24-15第3富貴荘101,042-719-6016,042-719-6016,042-719-6016,,平日,,,,,,,,,,,,
2603,町田市,○,○,営利法人,1,1,独立系,2012303001358,合同会社ＴＯＹＯ,,,すいかケア,1373206653,東京都町田市木曽西1-3-32オオノビル301,042-794-6614,042-794-6614,042-794-6595,,平日,,,,,,,,,,,,
2606,町田市,○,○,営利法人,1,1,独立系,9012301005445,日中通商株式会社,,,ヘルパーステーション相原,1373201217,東京都町田市相原町１２２０－１５,042-779-7806,042-779-7806,042-774-7060,,"平日,土曜日,祝日",,,,,,,,,,,,
2607,町田市,○,○,営利法人,1,1,独立系,1012302007588,有限会社　ピープル,,,ぴーぷるケア,1373206935,東京都町田市真光寺3-29-26アビタシオン101,042-735-2506,042-735-2506,042-860-5706,,平日,,,,,,,,,,,,
2609,町田市,○,○,営利法人,1,1,独立系,1012302002119,有限会社友,,,介護支援友,1373201712,東京都町田市小川５丁目１７番２２号,042-788-2607,042-788-2607,042-788-2634,,"平日,土曜日,祝日",,,,,,,,,,,,
2610,町田市,○,○,営利法人,1,1,独立系,4012302005639,有限会社赤いふうせん,,,ヘルパーステーション（有）赤いふうせん,1373201415,東京都町田市南成瀬1-4-2,042-723-1484,042-723-1484,042-723-1518,,平日,,,,,,,,,,,,
2611,町田市,○,○,営利法人,1,1,独立系,8012302007524,有限会社Ｇ,,,きららケアマネセンター,1373201894,東京都町田市木曽西4-35-41,042-794-3113,042-794-3113,042-794-2256,http://www.kirara-g.jp,平日,,,,,,,,,,,,
2613,町田市,○,○,営利法人,1,1,独立系,2012301006672,株式会社　ノース,,,こがさか介護センター,1373202959,東京都町田市高ヶ坂7丁目12番29号2F　201,042-710-7651,042-710-7651,042-710-7652,,平日,,,,,,,,,,,,
2614,町田市,○,○,営利法人,1,1,独立系,6013401007037,株式会社　モーニンググローリー,,,あさがおケアプランセンター,1373204682,東京都町田市森野2-3-6森野サニーハイツ２０１,0427323981,0427323981,0427323991,https://www.asagao-kai.com/careplan,平日,,,,,,,,,,,,
2615,町田市,○,○,営利法人,1,1,独立系,3012301006564,株式会社　茉莉花,,,株式会社　茉莉花　ジャスミン居宅介護支援事業所,1373203973,東京都町田市成瀬が丘2-22-8101,042-850-5180,042-850-5180,042-795-9109,,平日,,,,,,,,,,,,
2616,町田市,○,,営利法人,1,10,独立系,1120001160193,株式会社おかもと,,,おかもとケアプラン町田,1373207735,東京都町田市つくし野1丁目22番地38号つくし野テラスハウス3号棟2号室,042-705-2267,042-705-2267,042-705-2268,https://okamoto-hns.com,平日,,,,,,,,,,,,
2617,町田市,○,○,営利法人,1,1,独立系,5012301009342,株式会社たまがわHANDS,,,なでしこケア居宅介護支援事業所,1373204898,東京都町田市玉川学園2丁目17番15号プリムローズ101,042-851-8057,042-851-8057,042-851-8058,,"平日,土曜日",,,,,,,,,,,,
2618,町田市,○,○,営利法人,1,1,独立系,3012301010418,株式会社イケイケカンパニー,,,アロハケアマネージメントセンター,1373205838,東京都町田市森野5-21-1シブヤツインビル303,042-732-3657,042-732-3657,042-732-3659,http://ikeike-aloha.co.jp/,平日,,,,,,,,,,,,
2619,町田市,○,○,営利法人,1,1,独立系,2010001219248,株式会社ウェルフューチャー,,,桜美林ガーデンヒルズ　サクラ居宅介護支援事業所,1373207727,東京都町田市小山ヶ丘1丁目14-1桜美林ガーデンヒルズ,042-794-8723,042-794-8723,042-860-1880,https://welfuture.co.jp/facility/1675/,平日,,,,,,,,,,,,
2620,町田市,○,○,営利法人,1,1,独立系,2010101008633,株式会社グッドスマイル,,,グッドケア,1373207420,東京都町田市小山ヶ丘3-24多摩境クリニックビル　201A,042-703-6084,042-703-6084,042-703-6085,https://www.goodcare-smile.com/,"平日,祝日",,,,,,,,,,,,
2621,町田市,○,○,営利法人,1,1,独立系,4012301010400,株式会社コネクトケア・アンド・パートナーズ,,,コネクトケア町田,1373206158,東京都町田市１－３２－１３新光森野ビル2階　A号室,042-860-7522,042-860-7522,042-860-7991,http://www.connectcare.co.jp/,平日,,,,,,,,,,,,
2622,町田市,○,○,営利法人,1,1,独立系,8021001030365,株式会社シャローム木下,,,シャロームまちさがプランニング,1373206091,東京都町田市森野2-23-8,042-860-6077,042-860-6077,042-860-6072,,平日,,,,,,,,,,,,
2624,町田市,○,○,営利法人,1,1,独立系,9020001056378,株式会社トータルライフ,,,永遠の奏,1373206497,東京都町田市三輪緑山2-33-14,07052828902,07052828902,,,平日,,,,,,,,,,,,
2625,町田市,○,,営利法人,1,6,訪問看護併設,6020001089975,株式会社モリモリ,,,みんなの訪問看護リハビリステーション町田,1373206141,東京都町田市森野6-195-5横山第三ビル1階,042-851-9702,042-851-9702,042-851-9703,http://www.minnano-kango.jp/,平日,,,,,,,,,,,,
2626,町田市,○,○,営利法人,1,1,独立系,8012301002682,株式会社ライフサポートめぐみ,,,介護支援サービスめぐみ,1373200029,東京都町田市原町田5-8-9,042-720-0591,042-720-0591,042-720-0048,http://www.megumi-net.gr.jp/life/,"平日,土曜日",,,,,,,,,,,,
2627,町田市,○,○,営利法人,1,1,独立系,3020001107847,株式会社レイクリエイティブ,,,よつばケアプラン,1373207594,東京都町田市大蔵町245-1グリーンハイツ201,042-708-9811,042-708-9811,042-708-9821,,平日,,,,,,,,,,,,
2629,町田市,○,○,営利法人,1,1,独立系,2012301001483,株式会社大藤,,,伊藤鍼灸院,1373200037,東京都町田市南つくし野1丁目3番地3,042-796-6696,042-796-6696,042-796-6696,,"平日,土曜日",,,,,,,,,,,,
2630,町田市,○,○,営利法人,1,1,独立系,8012301002014,株式会社橋本時計店,,,森野福祉相談室,1373206661,東京都町田市森野１丁目２６番１７号,042-814-7543,042-814-7543,042-813-3416,,平日,,,,,,,,,,,,
2631,町田市,○,○,営利法人,1,1,独立系,3012301011300,株式会社海色リハライフ,,,居宅介護支援事業所　海色,1373207321,東京都町田市木曽西3-2-14,042-794-6596,042-794-6596,042-794-6597,hyyp://umiirorehalifu.com,"平日,祝日",,,,,,,,,,,,
2632,町田市,○,○,営利法人,1,1,独立系,9012301006773,株式会社町田シルバーステーション,,,指定居宅介護支援事業所町田シルバーステーション,1373202983,東京都町田市金井ｹ丘4－3－26,042-734-2339,042-734-2339,042-719-3423,,平日,,,,,,,,,,,,
2633,町田市,○,○,営利法人,1,1,独立系,4012301006885,株式会社高橋居宅介護支援事業所,,,株式会社高橋居宅介護支援事業所,1373203023,東京都町田市下小山田町2900番地1,042-797-5441,042-797-5441,042-797-5414,,"平日,土曜日,祝日",,,,,,,,,,,,
2635,町田市,○,○,営利法人,1,1,独立系,5012301010837,株式会社Ｍ＆Ｃ,,,井の花ケアプラン,1373206877,東京都町田市大蔵町552-1,042-708-9900,042-708-9900,042-708-9022,https://inohana.org,平日,,,,,,,,,,,,
2636,町田市,○,,営利法人,1,11,独立系,6130001044812,株式会社Ｔ．Ｓ．Ｉ,,,ケアプランセンターえんじゅ町田,1373207768,東京都町田市根岸2丁目30-7レジデンス21　301号室,042-794-4167,042-794-4167,042-794-4168,https://www.t-s-i.jp/company.html,"平日,祝日",,,,,,,,,,,,
2637,町田市,○,,営利法人,1,2,独立系,2020001151805,楓の風在宅療養支援株式会社,,,在宅療養支援ケアプランセンター楓の風東京,1373207842,東京都町田市成瀬が丘2丁目23-5SNビル402,042-850-5401,042-850-5401,042-788-1233,https://kaede-homenursing.co.jp/,平日,,,,,,,,,,,,
2645,町田市,○,○,営利法人,1,1,独立系,5012301002355,町田ガス株式会社,,,ケアプランセンターふわり,1373204252,東京都町田市忠生4-9-1町田ガス㈱本社3F,０４２－８５０－８０９０,042-850-8090,０４２－８５０－９４４４,http://machida-gas.com/,平日,,,,,,,,,,,,
2647,町田市,○,○,営利法人,1,1,独立系,1012301008620,真桜リハビリ株式会社,,,真桜ケアマネジメント・サービス,1373205887,東京都町田市西成瀬2-45-11,080-5007-9940,080-5007-9940,042-860-7063,https://www.kaiou-unit.com/,平日,,,,,,,,,,,,
2670,町田市,○,○,営利法人,1,1,独立系,7012303000735,空色スペース合同会社,,,そらいろ介護,1373206356,東京都町田市図師町1335-1ライオンズガーデン町田の丘506号室,042-789-7051,042-789-7051,042-789-7051,https://sorairospace.jimdofree.com/,"平日,祝日",,,,,,,,,,,,
2672,町田市,○,○,営利法人,1,1,独立系,4030003026102,Ｌ＆Ｂサポーター合同会社,,,L＆Bケアプラン,1373207834,東京都町田市森野二丁目27-13東照ビル1階201号,042-816-3349,042-816-3349,050-3527-1635,,"平日,土曜日,日曜日,祝日",,,,,,,,,,,,
2673,町田市,○,○,営利法人,1,1,独立系,1021001071622,Ｎｕｒｓｅ　Ｉｎｎｏｖａｔｉｏｎ株式会社,,,FiveStarケアプラン,1373207552,東京都町田市本町田809-2アステラスB,042-816-3171,042-816-3171,042-816-3172,,平日,,,,,,,,,,,,
2675,町田市,○,○,営利法人,1,1,独立系,8012303000684,Ｔ＆ｊ合同会社,,,にじいろプラン　居宅介護支援,1373204815,東京都町田市成瀬８－５－５,０４２－７２３－２３１２,042-723-2312,０４２－７２３－２３３１,https://www.nijiiropran.com,平日,,,,,,,,,,,,
2681,福生市,○,○,営利法人,1,1,独立系,5013103000530,合同会社つぼみ,,,つぼみケアプランセンター,1374400685,東京都福生市大字熊川205番地,042-513-0307,042-513-0307,042-513-0144,https://tubomi-kango-care.jimdofree.com,平日,,,,,,,,,,,,
2682,福生市,○,○,営利法人,1,1,独立系,1013103000641,合同会社福生訪問看護ステーションこころ,,,ケアプランハウスこころ,1374400933,東京都福生市本町53番地,042-513-6421,042-513-6421,042-513-6188,https://fussahoukankokoro.wordpress.com/,"平日,土曜日,祝日",,,,,,,,,,,,
2684,福生市,○,○,営利法人,1,1,独立系,7013102007962,有限会社オークスプランニング,,,居宅支援オークス,1374400594,東京都福生市福生2348－6,042-553-6606,042-553-6606,042-539-4106,https://orcs.co.jp,平日,,,,,,,,,,,,
2685,福生市,○,○,営利法人,1,1,独立系,9013101009867,株式会社はぴた,,,居宅介護支援事業所ハピタライフ,1374401030,東京都福生市北田園2丁目13-6,042-513-0526,042-513-0526,042-513-0527,https://www.hapitalife.com,"平日,土曜日,祝日",,,,,,,,,,,,
2686,福生市,○,○,営利法人,1,1,独立系,1013101005799,株式会社みらい,,,介護センター　みらい,1374400586,東京都福生市加美平2－1－13,042－513－0735,042-513-0735,042－513－0736,http://www.care-mirai.com/,平日,,,,,,,,,,,,
2687,福生市,○,○,営利法人,1,1,独立系,3013101005946,株式会社ＹＭＴ,,,楓ケアプランセンター,1374400610,東京都福生市北田園2-5-6ハイネス北田園306,042-513-0281,042-513-0281,042-513-0282,http://www.k-ymt.co.jp/,平日,,,,,,,,,,,,
2693,稲城市,○,○,営利法人,1,1,独立系,6012403004579,合同会社　Sasae,,,ケアプラン　ささえ,1375100748,東京都稲城市大丸157-1サンシャトル石井　106号室,042-315-5517,042-315-5517,042-403-6522,https://www.sasae-kaigo.com/,"平日,祝日",,,,,,,,,,,,
2694,稲城市,○,○,営利法人,1,1,独立系,2021003007160,合同会社Ｅｆｒｉｅｎｄｓ,,,ケアセンターあんさんぶる稲城,1375100656,東京都稲城市大丸1395-6,０４２－４０１－５９２３,042-401-5923,０４２－４０１－５９２４,,"平日,土曜日",,,,,,,,,,,,
2696,稲城市,○,○,営利法人,1,1,独立系,3012401040810,株式会社椛,,,もみじケア,1375100847,東京都稲城市坂浜539－14シティハイムフォーレスト2‐F,080-7135-8575,080-7135-8575,042-350-3829,,平日,,,,,,,,,,,,
2697,稲城市,○,○,営利法人,1,1,独立系,6012401042886,株式会社ＥＴＥＲＮＩＴＹ,,,careplan愛,1375100870,東京都稲城市大丸941-1ナガヤ化学ビル405,042-401-6301,042-401-6301,042-401-6302,http://careplan-ai.jp,"平日,祝日",,,,,,,,,,,,
2710,立川市,○,○,営利法人,1,1,独立系,8012803002552,合同会社しざかい相談室,,,居宅介護支援事業所　しざかい相談室,1373003514,東京都立川市若葉町1-6-32ウイング若葉101,042-537-8922,042-537-8922,042-537-8943,,"平日,土曜日",,,,,,,,,,,,
2711,立川市,○,○,営利法人,1,1,独立系,3012803000577,合同会社レッドエコー,,,キャンデーケアマネセンター,1374001061,東京都立川市上砂町３－１１－２８,042-537-9022,042-537-9022,042-537-9032,http://e-equal.jp,"平日,土曜日,祝日",,,,,,,,,,,,
2712,立川市,○,○,営利法人,1,1,独立系,3012803003687,合同会社Ａｄｄ　ｃｏｌｏｒ,,,ケアプランセンターなごみ,1373003738,東京都立川市若葉町3-71-15A-102,042-503-5527,042-503-5527,042-633-4858,,平日,,,,,,,,,,,,
2713,立川市,○,○,営利法人,1,1,独立系,5012803002497,合同会社ＩＮＫ,,,居宅介護支援事業所はる,1373003480,東京都立川市砂川町1ｰ59ｰ18,050-3154-1007,050-3154-1007,050-3512-3718,,平日,,,,,,,,,,,,
2714,立川市,○,○,営利法人,1,1,独立系,3012803003968,合同会社ＫＯＳ,,,リッケケアプランラボ,1373002599,東京都立川市富士見町2-34-10田中ビル101号,042-842-8807,042-842-8807,042-512-7081,https://sites.google.com/kos-lykke.com/koslykke/,"平日,祝日",,,,,,,,,,,,
2716,立川市,○,○,営利法人,1,1,独立系,1012802010793,有限会社ウェルビーイングケアネット,,,居宅介護支援　あんねい,1373002615,東京都立川市若葉町3-3-7ﾌﾗｯﾄﾌｧﾐｰﾙ202,042-538-7170,042-538-7170,042-538-7174,,"平日,土曜日",,,,,,,,,,,,
2717,立川市,○,○,営利法人,1,1,独立系,4012802006863,有限会社シルバンズハウス,,,有限会社シルバンズハウス,1373000825,東京都立川市一番町一丁目29番地の5,042-510-5941,042-510-5941,042-510-5951,,平日,,,,,,,,,,,,
2718,立川市,○,,営利法人,1,2,独立系,5500002010082,有限会社葵星,,,ケアマネジメントセンター晴晴,1373003639,東京都立川市上砂町4-48-3サンライズマンション105,042-538-0111,042-538-0111,042-538-0112,,平日,,,,,,,,,,,,
2721,立川市,○,○,営利法人,1,1,独立系,7012801007934,株式会社こたつ生活介護,,,ケアプランセンターこたつ,1373003621,東京都立川市一番町6-29-8,042-519-7706,042-519-7706,042-519-4349,https://kotatsu.co.jp,"平日,祝日",,,,,,,,,,,,
2722,立川市,○,○,営利法人,1,1,独立系,8012801024251,株式会社ふる郷ケア,,,ケアマネステーションふる郷ケア,1373003753,東京都立川市西砂町2-15-9パークハイツ蛍107,050-1792-8803,050-1792-8803,050-3535-4939,,平日,,,,,,,,,,,,
2728,立川市,○,○,営利法人,1,1,独立系,8010901045275,株式会社ベストライフ東京,,,ベストライフ西国立居宅介護支援事業所,1373003431,東京都立川市羽衣町1-19-31,042-540-6931,042-540-6931,042-527-3601,,"平日,土曜日,日曜日,祝日",,,,,,,,,,,,
2729,立川市,○,○,営利法人,1,1,施設併設,4012801017003,株式会社ワークス,,,はあとホーム立川,1373003043,東京都立川市柏町4-57-25Ｄ．１柏町303,042-511-4401,042-511-4401,042-848-2132,,平日,,,,,,,,,,,,
2730,立川市,○,○,営利法人,1,1,独立系,5012401022617,株式会社円グループ,,,在宅ケアセンター杏,1373002839,東京都立川市高松町１-１７-２０粕谷ビル２階,042-512-5688,042-512-5688,042-540-6552,http://en-group.co.jp/,平日,,,,,,,,,,,,
2744,立川市,○,○,営利法人,1,1,独立系,3012801019652,ＣａｒｅＴｈｉｎｋ株式会社,,,ワハハケアプランセンター,1373003613,東京都立川市幸町2-17-4SONOBEビル203,042-537-8801,042-537-8801,042-537-8802,,平日,,,,,,,,,,,,
2745,立川市,○,○,営利法人,1,1,独立系,1010101007512,ＦＩＴ株式会社,,,なないろケアプランセンター,1373003647,東京都立川市高松町1-24-11ブロードマンション401,042-610-2774,042-610-2774,042-506-1960,https://www.nanairo-cpc.jp/,平日,,,,,,,,,,,,
2748,羽村市,○,○,営利法人,1,1,独立系,8013101006353,株式会社　プリモー,,,ケアサービス　ホルン,1375300439,東京都羽村市緑ヶ丘二丁目１番７アルピコート　１Ｆ,042-578-9177,042-578-9177,042-578-9178,http://www.primojapan.com/,平日,,,,,,,,,,,,
2749,羽村市,○,,営利法人,1,41,独立系,2040001050435,株式会社　川島コーポレーション,,,サニーライフ羽村　居宅介護支援事業所,1375300611,東京都羽村市栄町２－１９－３,０４２－５５５－００１８,042-555-0018,０４２－５５５－００１６,,"平日,土曜日,日曜日,祝日",,,,,,,,,,,,
2750,羽村市,○,○,営利法人,1,1,独立系,2013101005410,株式会社はればれ,,,ケアプランニングはればれ,1375300314,東京都羽村市栄町2-19-9,042-578-9861,042-578-9861,042-578-9840,https://www.harebare-kango.com/,平日,,,,,,,,,,,,
2751,羽村市,○,○,営利法人,1,1,独立系,7013101004614,株式会社みとも商会,,,みとも居宅介護支援事業所,1375300538,東京都羽村市五ノ神１丁目８番５,042-555-3500,042-555-3500,042-555-3501,https://mitomoshokai.co.jp/,平日,,,,,,,,,,,,
2752,羽村市,○,○,営利法人,1,1,独立系,8013101000570,株式会社ケアサービスひかり,,,ひかり指定居宅介護支援事業所,1372400570,東京都羽村市小作台1-3-9宇津木ビル２０１,042-570-7078,042-570-7078,042-570-7447,http://www.care-hikari.ecweb.jp/,"平日,祝日",,,,,,,,,,,,
2753,羽村市,○,○,営利法人,1,1,独立系,6013101005811,株式会社リスペクト－Ｎ,,,ケアプランセンター　オリーブ,1375300470,東京都羽村市神明台1-28-11,042-533-5410,042-533-5410,042-533-5414,http://hp.kaipoke.biz/tve/,平日,,,,,,,,,,,,
2754,羽村市,○,○,営利法人,1,1,独立系,6013101005258,株式会社在宅ケア風車,,,在宅ケア風車,1375300280,東京都羽村市緑ヶ丘1－5－12マンション中野１０１,042-578-5766,042-578-5766,042-570-5033,,平日,,,,,,,,,,,,
2757,西東京市,○,○,営利法人,1,1,独立系,9011601020823,ケア＆フィロソフィー株式会社,,,ケアサービスアクアSPA保谷,1375425004,東京都西東京市保谷町5-6-21プレジデントミタマ217,042-446-0599,042-446-0599,042-457-4155,https://aquaspamanagement.com,平日,,,,,,,,,,,,
2759,西東京市,○,○,営利法人,1,1,独立系,5012701010874,ルード・ヴァイスカンパニー株式会社,,,パートナー西東京店居宅介護支援事業部,1375401120,東京都西東京市富士町2-4-26,042-452-7551,042-452-7551,042-452-3959,https://partner2011.com/,"平日,土曜日,祝日",,,,,,,,,,,,
2765,西東京市,○,○,営利法人,1,1,独立系,5012703002135,合同会社ウタリオン,,,OKプラン,1375425152,東京都西東京市北原町3-6-18,042-452-9832,042-452-9832,042-452-9833,,平日,,,,,,,,,,,,
2766,西東京市,○,○,営利法人,1,1,独立系,6012703001648,合同会社オアシス,,,パタカラ　ケアステーション,1375424981,東京都西東京市田無町2-9-6野崎ビル506,042-430-2828,042-430-2828,042-430-0600,http://hp.kaipoke.biz/hf4/,平日,,,,,,,,,,,,
2767,西東京市,○,○,営利法人,1,1,独立系,5012703001095,合同会社オベリスク,,,居宅介護支援　すきやき,1375425343,東京都西東京市田無町5-6-20第２和光ビル　901,042-452-7615,042-452-7615,042-452-7619,,平日,,,,,,,,,,,,
2768,西東京市,○,○,営利法人,1,1,独立系,7012403001328,合同会社徳有企画,,,合同会社徳有企画,1373601903,東京都西東京市向台町6丁目10番地11合同会社徳有企画,042-497-6477,042-497-6477,042-497-6467,http://www.tokuyukikaku.jp,平日,,,,,,,,,,,,
2769,西東京市,○,○,営利法人,1,1,独立系,9012702008922,有限会社あっとほーむ,,,あっとほーむ居宅介護支援事業所,1373301454,東京都西東京市田無町4-23-7浜野マンション104,042-452-6001,042-452-6001,042-451-6508,,"平日,祝日",,,,,,,,,,,,
2770,西東京市,○,○,営利法人,1,1,独立系,3030002002096,有限会社エフォート,,,居宅介護支援事業所デイサービス本舗西東京,1375424171,東京都西東京市田無町３－９－４第５ルミエール田無６０６,0424976051,0424976051,0424668130,,平日,,,,,,,,,,,,
2771,西東京市,○,○,営利法人,1,1,独立系,1012702010167,有限会社ユピテル,,,ライフサービス　ぱーとなー,1375400205,東京都西東京市田無町3-3-7海老沢第１ビル301,042-451-9132,042-451-9132,042-451-9140,http://www.ls-partner.jp/,"平日,土曜日,祝日",,,,,,,,,,,,
2772,西東京市,○,○,営利法人,1,1,独立系,5012702013851,有限会社在宅介護支援の会,,,有限会社在宅介護支援の会,1373300985,東京都西東京市東伏見一丁目１４番１１号,042-466-8880,042-466-8880,042-466-8883,https://www.zaitakukaigo.biz/,"平日,土曜日",,,,,,,,,,,,
2773,西東京市,○,○,営利法人,1,1,独立系,7012701010030,株式会社　すかんぽ,,,居宅介護支援事業所　すかんぽ,1375400932,東京都西東京市住吉町４丁目２－４ナゴヤハイツⅡ１０２号,042-439-4940,042-439-4940,042-439-4942,,平日,,,,,,,,,,,,
2774,西東京市,○,○,営利法人,1,1,独立系,5012701007615,株式会社　ヒューマンネットワーク,,,ポピー介護サービス,1373900164,東京都西東京市田無町5-11-15スザワビル2階,042-450-5830,042-450-5830,042-450-5831,https://hn-poppy.com,"平日,土曜日,祝日",,,,,,,,,,,,
2775,西東京市,○,○,営利法人,1,1,独立系,6012701004784,株式会社　マイズケア,,,株式会社　マイズケア,1375400056,東京都西東京市南町２－１－１４,042-460-7051,042-460-7051,042-460-7052,http://www7b.biglobe.ne.jp/~myscare/,平日,,,,,,,,,,,,
2776,西東京市,○,○,営利法人,1,1,独立系,4012701018456,株式会社こでまり,,,居宅介護支援事業所こでまり,1375425319,東京都西東京市住吉町１－７－２１くすの木ハイツ２０２,042－457-4725,042-457-4725,042－457-4725,,平日,,,,,,,,,,,,
2777,西東京市,○,○,営利法人,1,1,独立系,8012701010855,株式会社ひばり,,,居宅介護支援　ひばり,1375401278,東京都西東京市ひばりが丘2-13-21,042-438-9909,042-438-9909,042-438-9910,https://www.hibari-kk.com,平日,,,,,,,,,,,,
2778,西東京市,○,,営利法人,1,3,独立系,7030001046124,株式会社ふれあい広場,,,居宅介護支援事業所　ふれあい広場　西東京田無,1375425111,東京都西東京市南町6－10－13carna西東京田無　/　1F,042－452ー9068,042-452-9068,042－497－6576,https://www.fureai-hiroba.co.jp/,平日,,,,,,,,,,,,
2779,西東京市,○,○,営利法人,1,1,独立系,1012701010374,株式会社りらいふ,,,ケアくらぶ,1375424049,東京都西東京市芝久保町3-19-52Ｂ号,042-452-5932,042-452-5932,042-452-3979,http://www.relifeclub.jp,"平日,祝日",,,,,,,,,,,,
2781,西東京市,○,○,営利法人,1,1,独立系,4012701002427,株式会社ナカムラ・コーポレーション,,,グリーンリーフ西東京　居宅介護支援,1375424684,東京都西東京市田無町７－４－５キャビンＮ２０１,042-497-6428,042-497-6428,042-497-6429,,"平日,祝日",,,,,,,,,,,,
2782,西東京市,○,○,営利法人,1,1,独立系,4012701018365,株式会社ミナト,,,ケアプランセンターミナト,1375425293,東京都西東京市緑町3-7-14昴ハイツ102,042-452-6833,042-452-6833,042-452-6834,,平日,,,,,,,,,,,,
2783,西東京市,○,○,営利法人,1,1,独立系,8011201016859,株式会社リメンバー,,,居宅介護支援事業所リメンバー,1375425145,東京都西東京市ひばりが丘北２丁目７－１８ひばりが丘北2丁目店舗1号室,042-439-4464,042-439-4464,042-439-4465,http://hp.kaipoke.biz/avc/index.html,平日,,,,,,,,,,,,
2785,西東京市,○,○,営利法人,1,1,独立系,3012701009984,株式会社輝栄ライフトータルサービス,,,株式会社輝栄ライフトータルサービス,1375400882,東京都西東京市柳沢6-1-12ＭＡＣ柳沢コート105,042-452-6031,042-452-6031,042-452-6032,,平日,,,,,,,,,,,,
2789,西東京市,○,○,営利法人,1,1,独立系,2012701017807,株式会社Ｗｅｓ＆Ｃｏｍ,,,くりはら居宅介護支援事業所,1375425400,東京都西東京市北原町二丁目１番36号北原宇野コーポ1F,042-420-7990,042-420-7990,042-420-7993,,平日,,,,,,,,,,,,
2790,西東京市,○,○,営利法人,1,1,独立系,4012701018092,株式会社ｉｃｈｉｂａｎ,,,Weケアプランセンター,1375425285,東京都西東京市ひばりが丘北3-3-29ドルメンひばりが丘313,042-439-9401,042-439-9401,042-439-9400,https://www.ichiban-we.com/,平日,,,,,,,,,,,,
2810,調布市,○,○,営利法人,1,1,独立系,4012403003244,合同会社かるも,,,ケアプラン　かるも,1374203287,東京都調布市多摩川5-29-2調布パレス527-304,042-427-9638,042-427-9638,042-455-6327,,平日,,,,,,,,,,,,
2811,調布市,○,○,営利法人,1,1,独立系,7012403001443,合同会社そら,,,ケアプラン　そら,1374202404,東京都調布市東つつじヶ丘２－１５－１０グリーンリーフ１０３,03-6909-0423,03-6909-0423,03-6909-0424,http://www.sora0707.com,平日,,,,,,,,,,,,
2812,調布市,○,○,営利法人,1,1,独立系,4012403004597,合同会社ちいさな家,,,ケアプランぶっく,1374203600,東京都調布市菊野台1-11-6タックコーポ102,042-455-5968,042-455-5968,042-455-6812,,平日,,,,,,,,,,,,
2813,調布市,○,○,営利法人,1,1,独立系,3012403005976,合同会社なごみ,,,なごみ居宅支援サービス,1374203865,東京都調布市八雲台1-3-3フレンドリーハイツ204,042-444-8711,042-444-8711,042-444-8727,,平日,,,,,,,,,,,,
2814,調布市,○,○,営利法人,1,1,独立系,4012803003075,合同会社楓天堂企画,,,ケアプラン大地,1374203840,東京都調布市富士見町４丁目24-28ふふ富士見　２F,042-426-4282,042-426-4282,042-426-4283,,平日,,,,,,,,,,,,
2816,調布市,○,○,営利法人,1,1,独立系,7012402015774,有限会社Ｕ－ｔｏｎ．,,,アシスト・フジヤマケアサービス,1374201547,東京都調布市菊野台２－２３－３パールハイツ柴崎４０３,042-490-7051,042-490-7051,042-490-7052,,"平日,土曜日,祝日",,,,,,,,,,,,
2819,調布市,○,○,営利法人,1,1,独立系,4012401021685,株式会社くりあプランニング,,,くりあプランニング指定居宅介護支援事業所,1374202388,東京都調布市深大寺元町１－１９－１０,042-426-4355,042-426-4355,042-426-9010,https://sites.google.com/view/curiaplaning/home,平日,,,,,,,,,,,,
2820,調布市,○,○,営利法人,1,1,独立系,8012401038593,株式会社しばさき彩ケアステーション,,,株式会社しばさき彩ケアステーション,1374203667,東京都調布市柴崎1-64-92F,042-444-3883,042-444-3883,042-444-3883,,平日,,,,,,,,,,,,
2821,調布市,○,○,営利法人,1,1,独立系,2012401008180,株式会社つつじヶ丘在宅総合センター,,,つつじヶ丘居宅介護支援事業所,1374201372,東京都調布市西つつじヶ丘2-19-6第３コーポ横田２０２,03-5315-5582,03-5315-5582,03-5315-5583,http://www.tsutsuji.co.jp/,"平日,祝日",,,,,,,,,,,,
2822,調布市,○,○,営利法人,1,1,独立系,1012401024897,株式会社てる,,,てる居宅介護支援事業所,1374202859,東京都調布市国領町５丁目５８番地６ＲＥＣコガイ２０２,042-430--2485,042-430-2485,042-430-6188,http://hp.kaipoke.biz/m0k/,平日,,,,,,,,,,,,
2823,調布市,○,○,営利法人,1,1,独立系,9012401017191,株式会社まいすたっふ,,,株式会社まいすたっふ介護支援センター,1374201810,東京都調布市多摩川１－３－１センチュリー調布１F,042-443-7871,042-443-7871,042-443-7872,https://www.mystaff-kaigo.com,平日,,,,,,,,,,,,
2824,調布市,○,○,営利法人,1,1,独立系,4012401019465,株式会社エルハート,,,居宅介護支援事業所　エルハート,1374203881,東京都調布市布田4-3-18グランクルール3F,042-444-7610,042-444-7610,042-444-7611,https://www.lheart.jp/,平日,,,,,,,,,,,,
2825,調布市,○,○,営利法人,1,1,独立系,9012401034427,株式会社ケアプランニング・あい,,,株式会社居宅介護支援事業所ケアプランニング・あい,1374203352,東京都調布市深大寺元町4-29-15メゾン山口202,042-449-7188,042-449-7188,042-449-5500,,"平日,土曜日",,,,,,,,,,,,
2826,調布市,○,○,営利法人,1,1,独立系,4012401014648,株式会社ケアマックス,,,ケアマックス仙川,1374200416,東京都調布市仙川町1-10-4第2伊藤ビルB2-211,03-5315-1138,03-5315-1138,03-5315-3552,http://www15.plala.or.jp/CAREMAX/Rinen.html,"平日,土曜日",,,,,,,,,,,,
2829,調布市,○,○,営利法人,1,1,独立系,8012401040673,株式会社ハートケアナーシング,,,ハートケア居宅サービス,1374203915,国領1-40-6-306,042-446-3223,042-446-3223,,,平日,,,,,,,,,,,,
2831,調布市,○,○,営利法人,1,1,独立系,7012401023976,株式会社仁,,,がじゅまる居宅介護支援事業所,1374203808,東京都調布市下石原3-47-3,042-444-2351,042-444-2351,042-444-2352,,平日,,,,,,,,,,,,
2832,調布市,○,○,営利法人,1,1,独立系,3020001109505,株式会社Ｌｅａｄ,,,リード　居宅介護支援事業所,1374203238,東京都調布市布田2-36-1調布パークス207,042-444-7639,042-444-7639,050-3588-1064,,平日,,,,,,,,,,,,
2849,青梅市,○,○,営利法人,1,1,独立系,7013103001320,合同会社Ｈｏｗｌｉｎｇ　Ｃｏｙｏｔｅ,,,ケアプラン春の陽,1372802239,東京都青梅市畑中１丁目５８番１０,0428-84-0525,0428-84-0525,0428-84-0526,,平日,,,,,,,,,,,,
2850,青梅市,○,○,営利法人,1,1,独立系,6013102006049,有限会社　心のひろば,,,ここひろケアプラン,1372800704,東京都青梅市藤橋２-614-18地域ケアサポート館福わ家　小規模2F,0428-78-2455,0428-78-2455,0428-78-2101,http://www.kokohiro.jp/,"平日,土曜日,祝日",,,,,,,,,,,,
2851,青梅市,○,○,営利法人,1,1,独立系,9013102005642,有限会社アイケアーサービス青梅,,,有限会社アイケアーサービス青梅,1372800464,東京都青梅市東青梅一丁目7番地8,0428-22-6662,0428-22-6662,0428-22-2380,http://www.ai-care.co.jp,"平日,土曜日",,,,,,,,,,,,
2852,青梅市,○,○,営利法人,1,1,独立系,6013102007294,有限会社ケアサービスポッポ,,,ケアサービス・ポッポ,1372800902,東京都青梅市勝沼　１－２８－１４,0428-22-7238,0428-22-7238,0428-22-0568,http://www.poppokaigo.com/,"平日,土曜日",,,,,,,,,,,,
2853,青梅市,○,○,営利法人,1,1,独立系,2013101006937,株式会社　MINTO,,,ケアプラン　あいね,1372801942,東京都青梅市根ケ布1-734-13,0428-21-2309,0428-21-2309,0428-21-2309,,"平日,祝日",,,,,,,,,,,,
2854,青梅市,○,○,営利法人,1,1,独立系,7013101006214,株式会社くらしあす,,,二俣尾幸廻堂,1372801793,東京都青梅市二俣尾4-1098,0428-85-9770,0428-85-9770,0428-78-8531,,"平日,土曜日,祝日",,,,,,,,,,,,
2864,三宅村,○,○,営利法人,1,1,独立系,4010003022235,合同会社ＲＵＲＡ,,,居宅介護支援事業所アイ・エル,1370305649,東京都三宅島三宅村坪田1291,04994-8-5855,04994-8-5855,,,"平日,祝日",,,,,,,,,,,,
2865,三宅村,○,○,営利法人,1,1,独立系,3010002047754,有限会社三宅島福祉サービス,,,三宅島福祉サービスめぐりケアセンター,1370302141,東京都三宅島三宅村神着３２５,04994-2-7111,04994-2-7111,04994-2-7111,,"平日,土曜日,日曜日,祝日",,,,,,,,,,,,
2869,大島町,○,○,営利法人,1,1,独立系,2010003033663,合同会社　あったかサービス,,,合同会社　あったかサービス,1370305300,東京都大島町差木地字クダッチ,0499244300,0499244300,0499244301,,平日,,,,,,,,,,,,
2870,大島町,○,○,営利法人,1,1,独立系,7010003022868,合同会社大島ライフサポート,,,ケアサポート　みつばち,1370304493,東京都大島町元町2丁目14番6号,04992-7-5435,04992-7-5435,04992-7-5436,,平日,,,,,,,,,,,,
2872,大島町,○,○,営利法人,1,1,独立系,4010001155466,株式会社Ｐｅａｃｅ　Ｓｍｉｌｅ,,,櫻壽ケアプラン支援事業所,1370305250,東京都大島町差木地字小坂1015-2,04992-7-5561,04992-7-5561,04992-7-5562,,"平日,祝日",,,,,,,,,,,,
2874,大島町,○,○,営利法人,1,1,独立系,4010001131236,間伏福祉サービス株式会社,,,らくだサービス,1370302471,東京都大島町元町字新込１２６－５,04992-2-5061,04992-2-5061,04992-2-5062,,平日,,,,,,,,,,,,
2877,新島村,○,○,営利法人,1,1,独立系,8010003040225,合同会社ケアレイズ,,,ケアレイズプランセンター,1370305540,東京都新島村本村6-2-4,04992-5-0713,04992-5-0713,04992-7-5112,,平日,,,,,,,,,,,,
2879,日の出町,○,○,営利法人,1,1,独立系,7010102011094,有限会社橋本商事,,,エステート谷戸沢　居宅介護支援事業所,1372401396,東京都西多摩郡日の出町大字平井3024-8フォレストハウス1F,042-597-3838,042-597-3838,042-588-5777,,"平日,祝日",,,,,,,,,,,,
2888,瑞穂町,○,○,営利法人,1,1,独立系,1013103000939,合同会社けい,,,合同会社けい,1372401495,東京都西多摩郡瑞穂町箱根ヶ崎65-1,042-557-8468,042-557-8468,042-557-8469,,"平日,祝日",,,,,,,,,,,,
2889,瑞穂町,○,○,営利法人,1,1,独立系,5013102003708,有限会社　ケア・サービス七福神,,,居宅介護支援事業所七福神,1372400927,東京都西多摩郡瑞穂町石畑1940-2,042-557-7296,042-557-7296,042-557-7298,,"平日,祝日",,,,,,,,,,,,
