除外理由,No,エリア,都内1事業所,全国1事業所,法人種別,都内事業所数,全国事業所数,事業所タイプ(推定),法人番号,法人名,代表者名,管理者名,事業所名,事業所番号,事業所所在地,電話番号,電話番号(整形),電話種別,FAX,ホームページ,利用可能曜日,指定年月日,記録者,架電状況,架電日,架電回数,対応者,見込み度,次回アクション,次回架電予定日,希望時間帯,商談日,商談結果,通話メモ,備考
併設事業所,24,世田谷区,○,○,営利法人,1,1,薬局併設,3010901016462,下宿薬局株式会社,,,下宿薬局,1371208867,東京都世田谷区船橋１－３０－２タイユービル,03-3706-0606,03-3706-0606,固定(23区),03-3706-0609,https://www.tokyo-chouzai.co.jp/,平日,,,,,,,,,,,,,,
併設事業所,103,世田谷区,○,○,営利法人,1,1,医療機関併設,9010401063818,株式会社エルタナ,,,山手クリニック　ケアプランセンター,1371215664,東京都世田谷区代沢2-28-11,03-5431-5230,03-5431-5230,固定(23区),03-5431-5229,,"平日,土曜日",,,,,,,,,,,,,,
電話番号が他社と重複,114,世田谷区,○,○,営利法人,1,1,独立系,6010901034932,株式会社コクーン,,,水車の家　ケアマネジメント,1371213313,東京都世田谷区桜新町二丁目26番14号,03-6413-6595,03-6413-6595,固定(23区),03-6413-6569,,"平日,祝日",,,,,,,,,,,,,,
併設事業所 / 他県にも拠点あり,147,世田谷区,○,,営利法人,1,2,施設併設,3011001039957,株式会社東急イーライフデザイン,,,ホームケア世田谷,1371208891,東京都世田谷区上用賀1-22-23グランクレール馬事公苑,03-5717-7303,03-5717-7303,固定(23区),03-5717-7304,https://homecare.grancreer.com/access/homecare_setagaya.html,"平日,土曜日,日曜日",,,,,,,,,,,,,,
併設事業所,210,中央区,○,○,営利法人,1,1,薬局併設,3010002018607,有限会社川名薬局,,,川名薬局指定居宅介護支援事業所,1370200154,東京都中央区東日本橋3-7-3,03-3661-9146,03-3661-9146,固定(23区),03-3669-9727,,平日,,,,,,,,,,,,,,
他県にも拠点あり,214,中央区,○,,営利法人,1,3,独立系,8030001073563,株式会社アズミコーポレーション,,,アズミメディケアセンター東京,1370200162,東京都中央区新富2-5-10新富ビル2Ｆ,03-3537-2283,03-3537-2283,固定(23区),03-3537-2284,,平日,,,,,,,,,,,,,,
他県にも拠点あり,234,中野区,○,,営利法人,1,2,独立系,9011301013937,ケアプロ在宅医療株式会社,,,ケアプロ在宅支援センター東京,1371405265,東京都中野区中央4-25-14中央ハウスA2,03-6842-2540,03-6842-2540,固定(23区),03-6849-5039,https://carepro-hmc.co.jp/,平日,,,,,,,,,,,,,,
併設事業所 / 他県にも拠点あり,256,中野区,○,,営利法人,1,3,薬局併設,7180301016951,株式会社スギ薬局,,,スギ薬局予防ケアマネジメント鷺宮店,1371406487,東京都中野区鷺宮3-46-12グランドハウス鷺宮２階,080-7559-7406,080-7559-7406,携帯,03-6735-3317,https://www.drug-sugi.co.jp,平日,,,,,,,,,,,,,,
併設事業所,344,北区,○,○,営利法人,1,1,施設併設,5011503002279,株式会社ホームタウン,,,株式会社ホームタウンケアマネ事業所,1371705219,東京都北区上十条2-13-1ガーデニアビル105,03-5963-3520,03-5963-3520,固定(23区),03-5963-3526,http://www.home-town.tokyo,"平日,土曜日,祝日",,,,,,,,,,,,,,
併設事業所,346,北区,○,○,営利法人,1,1,薬局併設,3011501004221,株式会社マエノ薬局,,,マエノ薬局西が丘店,1371700368,東京都北区西が丘1-15-11,03-5924-1881,03-5924-1881,固定(23区),03-5924-1882,,平日,,,,,,,,,,,,,,
他県にも拠点あり,416,台東区,○,,営利法人,1,2,独立系,7030001094123,株式会社メディセプト,,,ケアプランSUN,1370603845,東京都台東区浅草橋1-9-12浅草橋駅前ビル5F,03-5809-1855,03-5809-1855,固定(23区),03-5809-1644,http://sun.medicept.co.jp/,平日,,,,,,,,,,,,,,
併設事業所,509,墨田区,○,○,営利法人,1,1,訪問看護併設,5010601063679,株式会社ふれすか,,,訪問看護ステーションみけ,1370705764,東京都墨田区向島2-10-5第５安井ビル1階,03-3626-2317,03-3626-2317,固定(23区),03-3626-2318,https://fresca-mike.com/,平日,,,,,,,,,,,,,,
併設事業所,558,大田区,○,○,営利法人,1,1,訪問看護併設,7010803003919,合同会社キメジ,,,あらい訪問看護ステーション,1371113489,東京都大田区東糀谷1-13-21,03-6423-2701,03-6423-2701,固定(23区),03-6423-2702,,平日,,,,,,,,,,,,,,
併設事業所,581,大田区,○,○,営利法人,1,1,施設併設,6010802017771,有限会社トラファク,,,レモンホームケアサービス,1371103464,東京都大田区南久が原2-32-14庄野ビル2階,03-5732-3321,03-5732-3321,固定(23区),03-3757-2656,https://lemon-homecare.jp/,平日,,,,,,,,,,,,,,
併設事業所,594,大田区,○,○,営利法人,1,1,施設併設,2010801010839,株式会社　ホームケア井上,,,ホームケア井上,1371100460,東京都大田区鵜の木1-16-24ＨＩビル,03-3750-2077,03-3750-2077,固定(23区),03-5741-5215,http://www.h-c-i.co.jp/,"平日,土曜日,祝日",,,,,,,,,,,,,,
他県にも拠点あり,641,大田区,○,,営利法人,1,2,独立系,4140001084000,株式会社ポラリス,,,ポラリスケアプランセンター羽田萩中,1371113695,東京都大田区萩中３－１４－２０,03-6423-7174,03-6423-7174,固定(23区),03-6423-7160,https://www.polaris.care/office/detail.php?no=MTMx,平日,,,,,,,,,,,,,,
併設事業所,758,新宿区,○,○,営利法人,1,1,訪問看護併設,7011101047518,株式会社　リープ,,,目白訪問看護ステーション,1370403709,東京都新宿区下落合3-17-24,03-5988-4577,03-5988-4577,固定(23区),03-5988-4588,http://www.leap-kango.com,平日,,,,,,,,,,,,,,
他県にも拠点あり,763,新宿区,○,,営利法人,1,25,独立系,3190001021189,株式会社アンビス,,,医心館居宅介護支援事業所高田馬場,1370407338,東京都新宿区下落合2丁目5-13,03-3565-6816,03-3565-6816,固定(23区),03-3565-6817,,平日,,,,,,,,,,,,,,
他県にも拠点あり,777,新宿区,○,,営利法人,1,3,独立系,5010001123496,株式会社ファーマみらい,,,共創みらいケアステーション上落合,1370406025,東京都新宿区上落合2-26-3B1F,03-6279-1555,03-6279-1555,固定(23区),03-6279-1556,https://www.kyosomirai-carest.com/,平日,,,,,,,,,,,,,,
併設事業所,781,新宿区,○,○,営利法人,1,1,施設併設,6011101033114,株式会社三和設計サービス,,,なでしこ園,1370403949,東京都新宿区高田馬場4-22-46ザ・テラス　301号,03-5338-0575,03-5338-0575,固定(23区),03-5338-0576,https://sites.google.com/view/nadeshikoen,平日,,,,,,,,,,,,,,
併設事業所,803,杉並区,○,○,営利法人,1,1,訪問看護併設,8011301021370,エフリオ株式会社,,,エフリオ訪問看護ステーション,1361590316,東京都杉並区阿佐谷北2-14-5大坂やビル3階,03-5356-6130,03-5356-6130,固定(23区),03-5356-6133,https://f-reo.jp,平日,,,,,,,,,,,,,,
併設事業所,813,杉並区,○,○,営利法人,1,1,薬局併設,7011302016404,ハーティ・メディケア有限会社,,,しらさぎ薬局,1371500511,東京都杉並区阿佐谷北6‐31‐7,03-3330-7181,03-3330-7181,固定(23区),03-3330-7182,http://www.sirasagi.org,平日,,,,,,,,,,,,,,
併設事業所,849,杉並区,○,○,営利法人,1,1,薬局併設,4011302010137,有限会社ルート,,,オーベル薬局　西荻北店　居宅介護支援事業部,1371501030,東京都杉並区西荻北5-2-13,03-5303-7944,03-5303-7944,固定(23区),03-5303-7905,,平日,,,,,,,,,,,,,,
併設事業所,860,杉並区,○,○,営利法人,1,1,訪問看護併設,1011301016591,株式会社　テラ,,,笑生訪問看護ステーション,1371506088,東京都杉並区西荻南３－７－2,03-5344-9838,03-5344-9838,固定(23区),03-5344-9839,https://shosei-tera.co.jp/,平日,,,,,,,,,,,,,,
他県にも拠点あり,947,板橋区,○,,営利法人,1,3,独立系,8030003007057,合同会社古都,,,居宅介護支援事業所てんとう虫,1371912500,東京都板橋区富士見町36-4メイゾン富士見101,03-6905-6511,03-6905-6511,固定(23区),03-6905-6390,,平日,,,,,,,,,,,,,,
併設事業所,962,板橋区,○,○,営利法人,1,1,訪問看護併設,9011402003944,有限会社三東工芸社,,,青出木訪問看護ステーション,1371908383,東京都板橋区小茂根一丁目２７番１６号江古田第４ロイヤルコーポ103号室,03-6782-6942,03-6782-6942,固定(23区),03-5917-6942,https://aodeki-st.com/,平日,,,,,,,,,,,,,,
併設事業所 / 他県にも拠点あり,970,板橋区,○,,営利法人,1,2,薬局併設,3380002020179,株式会社　LasiQ,,,フジ薬局居宅介護支援事業所,1371910157,東京都板橋区大山西町49-5,０３－６９０９－４１８０,03-6909-4180,固定(23区),０３－６９０９－４１８１,http://lasiq.co.jp,平日,,,,,,,,,,,,,,
他県にも拠点あり,983,板橋区,○,,営利法人,1,2,独立系,7011401010761,株式会社アサヒ・スタッフサービス,,,アサヒケアサービス,1371901446,東京都板橋区蓮沼町4-7ライオンズマンション蓮沼１０１号,03-5948-7606,03-5948-7606,固定(23区),03-5915-6640,http://www.assc.co.jp/index.html,平日,,,,,,,,,,,,,,
他県にも拠点あり,993,板橋区,○,,営利法人,1,2,独立系,3010401103075,株式会社シノケンウェルネス,,,アップルケア東京ケアプランセンター,1371908789,東京都板橋区上板橋2-13-3ライオンズマンション上板橋107,03-6858-6512,03-6858-6512,固定(23区),03-6858-6513,https://www.applecare-kaigo.com/homecare/,平日,,,,,,,,,,,,,,
併設事業所,1070,江戸川区,○,○,営利法人,1,1,施設併設,6011703001113,合同会社Ｇｒｏｗ,,,船堀ホームナースにじ居宅支援,1372309144,東京都江戸川区一之江8-8-2Qスクエア1F,03-5878-1035,03-5878-1035,固定(23区),03-5878-1036,http://niji-grow.com/,平日,,,,,,,,,,,,,,
他県にも拠点あり,1100,江戸川区,○,,営利法人,1,2,独立系,6011701022961,株式会社ともいきケア,,,ともいきケア一之江,1372310043,東京都江戸川区一之江7-66-1イーストイン1階,03-5662-4479,03-5662-4479,固定(23区),03-5662-4494,http://tomoikicare.com/,平日,,,,,,,,,,,,,,
他県にも拠点あり,1105,江戸川区,○,,営利法人,1,3,独立系,4010001128661,株式会社ケアエクスプレス都葦,,,居宅介護支援事業所くによし,1372311090,東京都江戸川区宇喜田町1311-1ファミール宇喜田101号室,03-6808-2261,03-6808-2261,固定(23区),03-6808-2265,https://www.ce-kuniyoshi.com/office/edogawa.html,"平日,祝日",,,,,,,,,,,,,,
併設事業所,1126,江戸川区,○,○,営利法人,1,1,施設併設,8011701021516,株式会社ミヤマホームケア,,,株式会社ミヤマホームケア指定居宅支援事業所,1372309425,東京都江戸川区東小松川1-9-20,03-5661-6272,03-5661-6272,固定(23区),03-3652-8399,http://miyama-hc.com/,平日,,,,,,,,,,,,,,
他県にも拠点あり,1130,江戸川区,○,,営利法人,1,8,独立系,4430001081967,株式会社リビングプラットフォームケア,,,ライブラリ葛西　居宅介護支援事業所,1372308930,東京都江戸川区中葛西６－１７－９クローバーメディカルビル４階,０３－３８６９－０９６８,03-3869-0968,固定(23区),０３－３８６９－２９６８,http://www.living-platform.com,"平日,祝日",,,,,,,,,,,,,,
他県にも拠点あり,1133,江戸川区,○,,営利法人,1,2,独立系,6040001024105,株式会社介護屋宮﨑,,,介護屋　みらい,1372306710,東京都江戸川区西小岩４－２－１１浩三Ⅱ１０１,０３－６６５７－９１１７,03-6657-9117,固定(23区),０３－６６５７－９０７０,http://kaigoyamirai.com/,平日,,,,,,,,,,,,,,
併設事業所,1143,江戸川区,○,○,営利法人,1,1,施設併設,2011701013007,株式会社陽明,,,居宅介護支援事業所ほっとホーム,1372304889,東京都江戸川区下篠崎町9-12,03-5879-8221,03-5879-8221,固定(23区),03-5879-8222,http://youmei-home.jp,平日,,,,,,,,,,,,,,
併設事業所,1195,江東区,○,○,営利法人,1,1,薬局併設,5010602007429,有限会社ヒロ薬品,,,ヒロ薬局介護サービス,1370800037,東京都江東区千田22-4丸千ビル　１階,03-3645-5101,03-3645-5101,固定(23区),03-3645-5147,http://www.hiroyaku.co.jp,"平日,土曜日",,,,,,,,,,,,,,
他県にも拠点あり,1220,江東区,○,,営利法人,1,2,独立系,7040001030622,株式会社シルバーウッド,,,ケアプラン銀木犀　東砂,1370805663,東京都江東区東砂4-18-1,03-6666-0933,03-6666-0933,固定(23区),03-6666-0934,http://ginmokusei.net/,平日,,,,,,,,,,,,,,
他県にも拠点あり,1230,江東区,○,,営利法人,1,6,独立系,9140001027375,株式会社ロジケア,,,ロジケア清澄白河,1370807230,東京都江東区白河3-3-3-101,03-6240-3913,03-6240-3913,固定(23区),03-6240-3915,http://logicare.co.jp/,平日,,,,,,,,,,,,,,
他県にも拠点あり,1231,江東区,○,,営利法人,1,7,独立系,5011101054870,株式会社木下の介護,,,プレール・ロヴェ豊洲ケアプランセンター,1370805887,東京都江東区豊洲1-2-8プレール・ロヴェ豊洲,03-3534-2365,03-3534-2365,固定(23区),03-3534-2414,http://www.kinoshita-kaigo.co.jp/mc-kaigo/index.html,平日,,,,,,,,,,,,,,
併設事業所 / 他県にも拠点あり,1266,渋谷区,○,,営利法人,1,2,施設併設,6010401159775,株式会社インホーム,,,インホーム居宅介護支援事業所,1361390303,東京都渋谷区千駄ヶ谷5丁目30番15号,03-4500-0656,03-4500-0656,固定(23区),03-4496-4665,http://inhome.co.jp/,平日,,,,,,,,,,,,,,
併設事業所,1277,渋谷区,○,○,営利法人,1,1,薬局併設,4011301024922,株式会社神明堂,,,たくみ外苑薬局居宅介護支援事業所,1341355676,東京都渋谷区千駄ヶ谷1-29-9日本パーティビル1階,03-3497-5747,03-3497-5747,固定(23区),03-3497-5742,https://shinmeido-corp.co.jp,"平日,土曜日",,,,,,,,,,,,,,
他県にも拠点あり,1324,港区,○,,営利法人,1,2,独立系,5010401081963,株式会社シティインデックスホスピタリティ,,,シティインデックスホスピタリティ居宅介護支援事業所,1370303412,東京都港区白金6丁目16番6号ザ・レジデンス白金スイート4階,03-5449-7575,03-5449-7575,固定(23区),03-5449-7576,http://www.ci-hos.com/,平日,,,,,,,,,,,,,,
併設事業所 / 他県にも拠点あり,1329,港区,○,,営利法人,1,2,医療機関併設,2080001020517,株式会社メディカルニュークリエイト,,,三田在宅診療クリニック付属居宅介護支援事業所,1370305557,東京都港区三田１丁目２－１８TTD　PLAZA　7F,03-6400-5222,03-6400-5222,固定(23区),03-6400-5223,,平日,,,,,,,,,,,,,,
他県にも拠点あり,1330,港区,○,,営利法人,1,2,独立系,7080001005414,株式会社ヤマシタ,,,マイ　トーキョータワー　クラブ,1370302547,東京都港区三田２－１０－６三田レオマビル３階,03-5730-3111,03-5730-3111,固定(23区),050-3153-1578,https://www.yco.co.jp/homecare/area/mytokyo/,平日,,,,,,,,,,,,,,
他県にも拠点あり,1398,目黒区,○,,営利法人,1,4,独立系,1010401183540,ＳｔａｒＱケア株式会社,,,スタークケアプランセンター中目黒,1371004860,東京都目黒区上目黒３－８－１４リバフィ中目黒１０１,０３－６６９３－７０３１,03-6693-7031,固定(23区),０３－６６９３－７０３２,https://star-q.jp/,平日,,,,,,,,,,,,,,
他県にも拠点あり,1408,練馬区,○,,営利法人,1,2,独立系,3030001126994,セレクトケアプラザ株式会社,,,セレクトケアプラザ株式会社光ヶ丘ステーション,1372012763,東京都練馬区田柄5丁目17-16光が丘フォーリア106,03-5971-3885,03-5971-3885,固定(23区),03-3990-1700,https:/selectcareplaza.com,平日,,,,,,,,,,,,,,
併設事業所,1439,練馬区,○,○,営利法人,1,1,施設併設,4030003008959,合同会社オレイユ,,,おれいゆ大泉学園,1372011666,東京都練馬区大泉学園町6-19-40,03-5935-6413,03-5935-6413,固定(23区),03-5935-7584,https://www.oreille-cherry.com,"平日,祝日",,,,,,,,,,,,,,
他県にも拠点あり,1487,練馬区,○,,営利法人,1,2,独立系,5010001237916,株式会社なでし子,,,撫子ケアセンター,1372014678,東京都練馬区中村北3-21-8奈良ビル4階,03-5848-3255,03-5848-3255,固定(23区),03-5848-3256,,"平日,祝日",,,,,,,,,,,,,,
他県にも拠点あり,1496,練馬区,○,,営利法人,1,7,独立系,5010501033385,株式会社エスケアメイト,,,エスケアステーション練馬　居宅介護支援,1372009694,東京都練馬区東大泉１－１８－１３,03-5947-6204,03-5947-6204,固定(23区),03-3978-2981,http://www.s-caremate.co.jp,"平日,祝日",,,,,,,,,,,,,,
他県にも拠点あり,1501,練馬区,○,,営利法人,1,2,独立系,6011601002023,株式会社ケアサービス伊東,,,居宅介護支援事業所ケアサービス伊東,1372000016,東京都練馬区早宮２－１６－２６,03-3934-1210,03-3934-1210,固定(23区),03-3934-1368,http://www.careservice-ito.com/,"平日,土曜日",,,,,,,,,,,,,,
併設事業所,1511,練馬区,○,○,営利法人,1,1,訪問看護併設,1011601012712,株式会社ハビタット,,,光が丘訪問看護ステーション,1372005544,東京都練馬区田柄4-1-16,03-3930-3011,03-3930-3011,固定(23区),03-3930-3012,http://www.habitat-2006.co.jp,平日,,,,,,,,,,,,,,
併設事業所,1618,葛飾区,○,○,営利法人,1,1,訪問看護併設,4011801022046,シンビオシス株式会社,,,あしたも笑顔訪問看護ステーション,1372207199,東京都葛飾区新宿５－７－２０ー１Fリバーサイド新宿1F,03-5876-4661,03-5876-4661,固定(23区),03-5876-4662,https://asitaegaokango.com,平日,,,,,,,,,,,,,,
併設事業所,1638,葛飾区,○,○,営利法人,1,1,施設併設,8011803001671,合同会社　愛心倶楽部,,,絆ホームケア堀切,1372208072,東京都葛飾区お花茶屋1－18－132F,03-6662-9152,03-6662-9152,固定(23区),03-6662-5063,,平日,,,,,,,,,,,,,,
他県にも拠点あり,1674,葛飾区,○,,営利法人,1,2,独立系,1330002029482,株式会社　いずみ,,,菜の花葛飾居宅介護支援事業所,1372208312,東京都葛飾区奥戸9-16-2奥戸石井ビル,03-3657-1970,03-3657-1970,固定(23区),03-6657-9103,https://nanohana-group.net,"平日,祝日",,,,,,,,,,,,,,
併設事業所,1720,葛飾区,○,○,営利法人,1,1,医療機関併設,7011801034369,株式会社亀山内科居宅支援事業所,,,亀山内科介護相談室,1372207967,東京都葛飾区堀切5-20-92階,03－3604－1026,03-3604-1026,固定(23区),03－3690-8517,,平日,,,,,,,,,,,,,,
併設事業所,1772,豊島区,○,○,営利法人,1,1,施設併設,3013302014738,有限会社あさくらケアハウス,,,有限会社あさくらケアハウスケアプラン,1371600410,東京都豊島区南大塚2-43-4,03-3941-0047,03-3941-0047,固定(23区),03-3943-0387,https://asakura-care.jp/,"平日,土曜日,日曜日,祝日",,,,,,,,,,,,,,
併設事業所,1776,豊島区,○,○,営利法人,1,1,施設併設,6013302013209,有限会社ホームケアながさき,,,有限会社　ホームケアながさき,1371600097,東京都豊島区南長崎５丁目9番１0号レジェンド南長崎101号室,03-5988-7388,03-5988-7388,固定(23区),03-5988-7366,http://www.homecare-nagasaki.com/,平日,,,,,,,,,,,,,,
他県にも拠点あり,1829,足立区,○,,営利法人,1,4,独立系,3011701009375,メディカル・ケア・プランニング株式会社,,,つどい支援事業所　足立,1372104404,東京都足立区入谷１－２７－１８,03-5647-3055,03-5647-3055,固定(23区),03-5647-3023,http://www.mcp-net.jp,平日,,,,,,,,,,,,,,
他県にも拠点あり,1939,足立区,○,,営利法人,1,13,独立系,5140001037477,株式会社ビオネスト,,,ケアプラン笑楽　足立入谷,1372115004,東京都足立区入谷九丁目14番14号,03-5809-5563,03-5809-5563,固定(23区),050-3527-2389,,平日,,,,,,,,,,,,,,
併設事業所,2034,三鷹市,○,○,営利法人,1,1,薬局併設,2012402018939,有限会社シーハート,,,杉山薬局,1373600376,東京都三鷹市井の頭３－１５－７,0422-41-5161,0422-41-5161,固定(多摩等),0422-41-5162,http://www.chart-pharmacy.jp/,"平日,土曜日",,,,,,,,,,,,,,
併設事業所,2101,八王子市,○,○,営利法人,1,1,薬局併設,6010102005568,有限会社　八南ドラッグ,,,八南ドラッグ介護サービス,1372902740,東京都八王子市子安町1-8-16,042-642-3773,042-642-3773,固定(多摩等),042-645-9776,https://www.hachidora.com,平日,,,,,,,,,,,,,,
他県にも拠点あり,2121,八王子市,○,,営利法人,1,17,独立系,5011201017174,株式会社アズ・ライフケア,,,あずみ苑館町,1372907202,東京都八王子市館町2065-7,042-669-0665,042-669-0665,固定(多摩等),042-669-0909,https://www.az-lifecare.co.jp/,"平日,祝日",,,,,,,,,,,,,,
他県にも拠点あり,2141,八王子市,○,,営利法人,1,3,独立系,4021001005899,株式会社日本高齢支援センター,,,居宅支援アンサング,1372909612,東京都八王子市大和田町6-14-5メゾン・ド・ノア大和田410,050-1808-4116,050-1808-4116,IP電話,050-3145-2125,,平日,,,,,,,,,,,,,,
他県にも拠点あり,2177,国分寺市,○,,営利法人,1,7,独立系,5010001226200,株式会社エクラシア,,,ラウンド＆ケア居宅介護支援事業所国分寺,1373102084,東京都国分寺市日吉町4-17-23エントピア西国分寺1階,050-6883-1618,050-6883-1618,IP電話,042-316-8217,,平日,,,,,,,,,,,,,,
他県にも拠点あり,2179,国分寺市,○,,営利法人,1,5,独立系,8010001168893,株式会社フージャースケアデザイン,,,リルセーヌ国立居宅介護支援事業所,1373101912,東京都国分寺市西町1－31－1デュオセーヌ国立1階,042-521-6206,042-521-6206,固定(多摩等),042521-6207,,"平日,祝日",,,,,,,,,,,,,,
併設事業所,2198,国立市,○,○,営利法人,1,1,施設併設,5012401020447,株式会社はあとホーム,,,はあとホーム,1373802246,東京都国立市東4-21-7カーサハモニア102,042-511-7809,042-511-7809,固定(多摩等),042-848-6102,,平日,,,,,,,,,,,,,,
併設事業所,2230,小平市,○,○,営利法人,1,1,施設併設,9012701008213,ケアライフサービス株式会社,,,小平アットホームケアサービス,1374301479,東京都小平市小川町２丁目1987番102,042-313-6006,042-313-6006,固定(多摩等),042-346-6885,http://kodaira-athomecare.com/,"平日,祝日",,,,,,,,,,,,,,
併設事業所,2241,小平市,○,○,営利法人,1,1,薬局併設,7012702000294,有限会社上原薬局,,,上原薬局　居宅介護支援事業所,1374301834,東京都小平市花小金井１－２－２１上原薬局２F,042-451-6065,042-451-6065,固定(多摩等),042-451-6064,,平日,,,,,,,,,,,,,,
併設事業所,2242,小平市,○,○,営利法人,1,1,施設併設,1012702000770,有限会社小平ホームケアサービス,,,有限会社小平ホームケアサービス,1374300471,東京都小平市小川東町１－２７－１３,042-341-0373,042-341-0373,固定(多摩等),042-341-0373,http://kodairahomecare.web.fc2.com,平日,,,,,,,,,,,,,,
併設事業所,2244,小平市,○,○,営利法人,1,1,訪問看護併設,8012701011432,株式会社　Schilf,,,訪問看護ステーションきずな　居宅介護支援事業所,1374303137,東京都小平市鈴木町2-2461F,042-497-6751,042-497-6751,固定(多摩等),042-497-6752,http://www.ryo-jp.com/kizuna/service.html,平日,,,,,,,,,,,,,,
他県にも拠点あり,2246,小平市,○,,営利法人,1,2,独立系,5020001121441,株式会社　結和,,,ケアプラン富士の家小川,1374303707,東京都小平市小川町１－９９０－２,042-313-2750,042-313-2750,固定(多摩等),042-313-2780,,平日,,,,,,,,,,,,,,
他県にも拠点あり,2249,小平市,○,,営利法人,1,5,独立系,6010001110741,株式会社やまねメディカル,,,なごやかケアプラン多摩,1374302709,東京都小平市上水南町2-23-1なごやかレジデンス小平上水1Ｆ,042-329-6116,042-329-6116,固定(多摩等),042-329-6117,,"平日,祝日",,,,,,,,,,,,,,
併設事業所,2251,小平市,○,○,営利法人,1,1,訪問看護併設,1012701016900,株式会社ココパレ,,,訪問看護ステーションココパレ　居宅介護支援事業所,1374303947,東京都小平市学園西町1-20-18第２中村ビル３階,042-312-3937,042-312-3937,固定(多摩等),042-312-3935,https://cocopale.co.jp,平日,,,,,,,,,,,,,,
他県にも拠点あり,2311,府中市,○,,営利法人,1,5,独立系,4011001017499,アビリティーズ・ケアネット株式会社,,,居宅介護支援事業所アビリティーズ西府町,1373804143,東京都府中市西府町3-32-8,042-352-8771,042-352-8771,固定(多摩等),042-318-2914,http://www.abilities.jp,平日,,,,,,,,,,,,,,
併設事業所,2326,府中市,○,○,営利法人,1,1,施設併設,4012403002626,合同会社花・実,,,金木犀ケアプランホーム,1373803384,東京都府中市晴見町1-9-3,042-306-7757,042-306-7757,固定(多摩等),042-633-0587,https://kinmokusei-care.com,平日,,,,,,,,,,,,,,
併設事業所,2414,東久留米市,○,○,営利法人,1,1,施設併設,4011101074944,株式会社アプリソワン,,,居宅介護支援事業所　マイホーム前沢,1374802278,東京都東久留米市前沢5－5－11はじまりの家そら201号,050-8888-7855,050-8888-7855,IP電話,050-6865-7464,https://watashinchi.wixsite.com/kaigo,"平日,祝日",,,,,,,,,,,,,,
他県にも拠点あり,2457,東村山市,○,,営利法人,1,2,独立系,7030003022247,合同会社ケアプランのぞみ,,,ケアプランのぞみ東京秋津ステーション,1372702850,東京都東村山市秋津町５－１２－８９ビズコンフォート秋津オフィス2F-０８号,05071120690,050-7112-0690,IP電話,,,平日,,,,,,,,,,,,,,
他県にも拠点あり,2520,武蔵野市,○,,営利法人,1,11,独立系,2120001171586,株式会社アスモ介護サービス,,,アスモ介護サービス東京,1373302221,東京都武蔵野市緑町1-5-18,0422-53-0656,0422-53-0656,固定(多摩等),0422-60-2501,,平日,,,,,,,,,,,,,,
併設事業所,2525,武蔵野市,○,○,営利法人,1,1,薬局併設,9012401011244,株式会社三祐産業,,,稲垣薬局　介護サービス（居宅介護）,1373301033,東京都武蔵野市吉祥寺本町1-13-3医療ビル6F,0422-20-6388,0422-20-6388,固定(多摩等),0422-20-6833,http://www.inagaki-group.jp/,平日,,,,,,,,,,,,,,
併設事業所,2542,清瀬市,○,○,営利法人,1,1,薬局併設,4012702007565,有限会社あくつ薬局,,,あくつ薬局介護支援センター,1374700670,東京都清瀬市松山1-41-18,042-491-0142,042-491-0142,固定(多摩等),042-491-0726,,"平日,土曜日",,,,,,,,,,,,,,
他県にも拠点あり,2547,清瀬市,○,,営利法人,1,2,独立系,2012701009234,株式会社愛ケア,,,愛ケア清瀬居宅介護支援事業所,1374701082,東京都清瀬市中里1丁目746番地,042-452-8735,042-452-8735,固定(多摩等),042-452-8686,http://www.aikea.jp/,"平日,祝日",,,,,,,,,,,,,,
他県にも拠点あり,2582,町田市,○,,営利法人,1,3,独立系,4012301000715,クリエーティブカミヤ株式会社,,,クリエーティブカミヤ株式会社　介護支援事業所カミヤ,1373206182,東京都町田市つくし野3-4-8,042-788-3381,042-788-3381,固定(多摩等),042-788-7711,http://www.c-kamiya.co.jp,平日,,,,,,,,,,,,,,
他県にも拠点あり,2616,町田市,○,,営利法人,1,10,独立系,1120001160193,株式会社おかもと,,,おかもとケアプラン町田,1373207735,東京都町田市つくし野1丁目22番地38号つくし野テラスハウス3号棟2号室,042-705-2267,042-705-2267,固定(多摩等),042-705-2268,https://okamoto-hns.com,平日,,,,,,,,,,,,,,
併設事業所 / 他県にも拠点あり,2625,町田市,○,,営利法人,1,6,訪問看護併設,6020001089975,株式会社モリモリ,,,みんなの訪問看護リハビリステーション町田,1373206141,東京都町田市森野6-195-5横山第三ビル1階,042-851-9702,042-851-9702,固定(多摩等),042-851-9703,http://www.minnano-kango.jp/,平日,,,,,,,,,,,,,,
他県にも拠点あり,2636,町田市,○,,営利法人,1,11,独立系,6130001044812,株式会社Ｔ．Ｓ．Ｉ,,,ケアプランセンターえんじゅ町田,1373207768,東京都町田市根岸2丁目30-7レジデンス21　301号室,042-794-4167,042-794-4167,固定(多摩等),042-794-4168,https://www.t-s-i.jp/company.html,"平日,祝日",,,,,,,,,,,,,,
他県にも拠点あり,2637,町田市,○,,営利法人,1,2,独立系,2020001151805,楓の風在宅療養支援株式会社,,,在宅療養支援ケアプランセンター楓の風東京,1373207842,東京都町田市成瀬が丘2丁目23-5SNビル402,042-850-5401,042-850-5401,固定(多摩等),042-788-1233,https://kaede-homenursing.co.jp/,平日,,,,,,,,,,,,,,
他県にも拠点あり,2718,立川市,○,,営利法人,1,2,独立系,5500002010082,有限会社葵星,,,ケアマネジメントセンター晴晴,1373003639,東京都立川市上砂町4-48-3サンライズマンション105,042-538-0111,042-538-0111,固定(多摩等),042-538-0112,,平日,,,,,,,,,,,,,,
併設事業所,2729,立川市,○,○,営利法人,1,1,施設併設,4012801017003,株式会社ワークス,,,はあとホーム立川,1373003043,東京都立川市柏町4-57-25Ｄ．１柏町303,042-511-4401,042-511-4401,固定(多摩等),042-848-2132,,平日,,,,,,,,,,,,,,
他県にも拠点あり,2749,羽村市,○,,営利法人,1,41,独立系,2040001050435,株式会社　川島コーポレーション,,,サニーライフ羽村　居宅介護支援事業所,1375300611,東京都羽村市栄町２－１９－３,０４２－５５５－００１８,042-555-0018,固定(多摩等),０４２－５５５－００１６,,"平日,土曜日,日曜日,祝日",,,,,,,,,,,,,,
他県にも拠点あり,2778,西東京市,○,,営利法人,1,3,独立系,7030001046124,株式会社ふれあい広場,,,居宅介護支援事業所　ふれあい広場　西東京田無,1375425111,東京都西東京市南町6－10－13carna西東京田無　/　1F,042－452ー9068,042-452-9068,固定(多摩等),042－497－6576,https://www.fureai-hiroba.co.jp/,平日,,,,,,,,,,,,,,
島嶼部,2864,三宅村,○,○,営利法人,1,1,独立系,4010003022235,合同会社ＲＵＲＡ,,,居宅介護支援事業所アイ・エル,1370305649,東京都三宅島三宅村坪田1291,04994-8-5855,04994-8-5855,固定(多摩等),,,"平日,祝日",,,,,,,,,,,,,,
島嶼部,2865,三宅村,○,○,営利法人,1,1,独立系,3010002047754,有限会社三宅島福祉サービス,,,三宅島福祉サービスめぐりケアセンター,1370302141,東京都三宅島三宅村神着３２５,04994-2-7111,04994-2-7111,固定(多摩等),04994-2-7111,,"平日,土曜日,日曜日,祝日",,,,,,,,,,,,,,
島嶼部,2869,大島町,○,○,営利法人,1,1,独立系,2010003033663,合同会社　あったかサービス,,,合同会社　あったかサービス,1370305300,東京都大島町差木地字クダッチ,0499244300,0499244300,固定(多摩等),0499244301,,平日,,,,,,,,,,,,,,
島嶼部,2870,大島町,○,○,営利法人,1,1,独立系,7010003022868,合同会社大島ライフサポート,,,ケアサポート　みつばち,1370304493,東京都大島町元町2丁目14番6号,04992-7-5435,04992-7-5435,固定(多摩等),04992-7-5436,,平日,,,,,,,,,,,,,,
島嶼部,2872,大島町,○,○,営利法人,1,1,独立系,4010001155466,株式会社Ｐｅａｃｅ　Ｓｍｉｌｅ,,,櫻壽ケアプラン支援事業所,1370305250,東京都大島町差木地字小坂1015-2,04992-7-5561,04992-7-5561,固定(多摩等),04992-7-5562,,"平日,祝日",,,,,,,,,,,,,,
島嶼部,2874,大島町,○,○,営利法人,1,1,独立系,4010001131236,間伏福祉サービス株式会社,,,らくだサービス,1370302471,東京都大島町元町字新込１２６－５,04992-2-5061,04992-2-5061,固定(多摩等),04992-2-5062,,平日,,,,,,,,,,,,,,
島嶼部,2877,新島村,○,○,営利法人,1,1,独立系,8010003040225,合同会社ケアレイズ,,,ケアレイズプランセンター,1370305540,東京都新島村本村6-2-4,04992-5-0713,04992-5-0713,固定(多摩等),04992-7-5112,,平日,,,,,,,,,,,,,,
民間(営利法人)ではない: 不明(法人格の記載なし),1,世田谷区,○,○,不明(法人格の記載なし),1,1,独立系,5010903006220,e笑顔,,,e笑顔,1371216290,東京都世田谷区経堂4-4-5103,03-5799-4744,03-5799-4744,固定(23区),03-5799-4733,,平日,,,,,,,,,,,,,,
民間(営利法人)ではない: 一般社団・財団,21,世田谷区,○,○,一般社団・財団,1,1,独立系,7010905002488,一般社団法人地域介護支援,,,こかげケアプランニング,1371216241,東京都世田谷区世田谷1-33-3Ｂ1,03-6413-8116,03-6413-8116,固定(23区),03-6804-0076,https://kokagecareplanning.storeinfo.jp/,平日,,,,,,,,,,,,,,
民間(営利法人)ではない: 一般社団・財団,22,世田谷区,○,○,一般社団・財団,1,1,医療機関併設,5010905000097,一般財団法人　平和協会,,,一般財団法人平和協会　駒沢診療所,1371200526,東京都世田谷区上馬4丁目5番8号,03-3424-8501,03-3424-8501,固定(23区),03-5431-0532,https://komazawa-cl.jp/,"平日,土曜日",,,,,,,,,,,,,,
民間(営利法人)ではない: 一般社団・財団,23,世田谷区,○,,一般社団・財団,1,10,独立系,2380005002480,一般財団法人脳神経疾患研究所,,,居宅介護支援センター梅ヶ丘,1371215102,東京都世田谷区松原六丁目37番1号,03-6379-5275,03-6379-5275,固定(23区),03-6379-5276,http://www.tokyo-rehabili.jp,"平日,土曜日",,,,,,,,,,,,,,
民間(営利法人)ではない: 不明(法人格の記載なし),25,世田谷区,○,○,不明(法人格の記載なし),1,1,独立系,6010905000815,世田谷ボランティア協会,,,居宅介護支援事業所　ケア相談センター結,1371203025,東京都世田谷区下馬3-22-13サザン三軒茶屋2階,03-5433-2830,03-5433-2830,固定(23区),03-6383-2156,http://www.otagaisama.or.jp/area_yuiren.html,平日,,,,,,,,,,,,,,
民間(営利法人)ではない: 協同組合,26,世田谷区,○,○,協同組合,1,1,独立系,1010905002808,労働者協同組合健康生活サポートセンター,,,健康生活サポートセンター,1371212232,東京都世田谷区祖師谷１－３５－４２Ｆ,０３－５４２９－２３７２,03-5429-2372,固定(23区),０３－６４１１－２０２９,http://npokenkouseikatu.jimdo.com/,平日,,,,,,,,,,,,,,
民間(営利法人)ではない: 医療法人,27,世田谷区,○,,医療法人,1,4,独立系,9330005001316,医療法人桜十字,,,桜十字ケアプランセンター世田谷八幡山,1371215938,東京都世田谷区桜上水5-5-29ベルクール桜上水212号室,03-5969-9220,03-5969-9220,固定(23区),03-5969-9221,,平日,,,,,,,,,,,,,,
民間(営利法人)ではない: 医療法人,28,世田谷区,○,○,医療法人,1,1,訪問看護併設,2010905000620,医療法人社団さくら会,,,克歩訪問看護ステーション,1371216258,東京都世田谷区世田谷１－３２ー４２０４,03-3429-5005,03-3429-5005,固定(23区),03-6700-6865,,平日,,,,,,,,,,,,,,
民間(営利法人)ではない: 医療法人,33,世田谷区,○,○,医療法人,1,1,医療機関併設,5010905001244,医療法人社団リバイブ,,,医療法人社団リバイブ吉野クリニック居宅介護支援事業所,1371215011,東京都世田谷区南烏山５-１-１５ヒエモトビル102号,03-5315-7170,03-5315-7170,固定(23区),03-5313-2728,https：//yoshino.clinic,"平日,土曜日",,,,,,,,,,,,,,
民間(営利法人)ではない: 医療法人,34,世田谷区,○,○,医療法人,1,1,独立系,2010905001461,医療法人社団医真会,,,ケアプランサービス　せたほ,1371216787,東京都世田谷区粕谷4-19-5塩原ビル2階,03.-5314-9540,03-5314-9540,固定(23区),03-5314-9541,,平日,,,,,,,,,,,,,,
民間(営利法人)ではない: 医療法人,35,世田谷区,○,○,医療法人,1,1,施設併設,5010905000667,医療法人社団慈泉会,,,居宅介護支援事業所うなね杏霞苑,1371206119,東京都世田谷区宇奈根3丁目12番29号,03-5727-3667,03-5727-3667,固定(23区),03-5727-3657,https://www.kyokaen.org/,"平日,土曜日",,,,,,,,,,,,,,
民間(営利法人)ではない: 医療法人,36,世田谷区,○,○,医療法人,1,1,医療機関併設,3010905000999,医療法人社団明世会,,,医療法人社団明世会　成城内科　居宅介護支援センター,1371212984,東京都世田谷区成城６丁目２２番３号１階,０３－５４９０－９１１１,03-5490-9111,固定(23区),０３－５４９０－９１１３,,平日,,,,,,,,,,,,,,
民間(営利法人)ではない: 医療法人,37,世田谷区,○,,医療法人,1,4,独立系,5010905000709,医療法人社団白寿会,,,すばる居宅介護支援事業所,1371206333,東京都世田谷区瀬田４－１－１４,03-5717-9925,03-5717-9925,固定(23区),03-5717-9924,http://hakujukai-group.jp/,"平日,祝日",,,,,,,,,,,,,,
民間(営利法人)ではない: NPO,160,世田谷区,○,○,NPO,1,1,独立系,7010905001333,特定非営利活動法人　サン・スマイル,,,ＮＰＯ・ほっと介護サービス,1371204197,東京都世田谷区宮坂3-47-5ルーミー経堂１０２号,03-6413-7290,03-6413-7290,固定(23区),03-6413-7291,,平日,,,,,,,,,,,,,,
民間(営利法人)ではない: NPO,163,世田谷区,○,○,NPO,1,1,独立系,5010905000857,特定非営利活動法人たつなみ会,,,ヘルパーステーションたつなみ,1371202803,東京都世田谷区世田谷三丁目5番19号,03-5450-3759,03-5450-3759,固定(23区),03-5450-3752,http://tatsu73.com,"平日,土曜日,祝日",,,,,,,,,,,,,,
民間(営利法人)ではない: NPO,164,世田谷区,○,○,NPO,1,1,独立系,7010905001003,特定非営利活動法人アクト世田谷たすけあいワーカーズゆりの木,,,NPO・世田谷ゆりの木,1371217355,東京都世田谷区船橋1-1-2山﨑ビル205号室,03-6413-6788,03-6413-6788,固定(23区),03-6413-6818,https://www.yurinoki.or.jp/,平日,,,,,,,,,,,,,,
民間(営利法人)ではない: NPO,165,世田谷区,○,○,NPO,1,1,独立系,4010905001328,特定非営利活動法人コミュニティ・ネットワーク・ウェーブ,,,ウェーブ,1371204106,東京都世田谷区駒沢2-43-9304,03-5430-7781,03-5430-7781,固定(23区),03-5430-7771,http://www.ngo-npo.org/wave/,平日,,,,,,,,,,,,,,
民間(営利法人)ではない: NPO,166,世田谷区,○,○,NPO,1,1,独立系,3010905001948,特定非営利活動法人ソーシャルケア清和会,,,ＮＰＯわかば,1371208032,東京都世田谷区三軒茶屋２－４９－６フドウ三軒茶屋ハイツ104号,03-5712-5185,03-5712-5185,固定(23区),03-5712-5186,http://www.kaigo-wakaba.jp,平日,,,,,,,,,,,,,,
民間(営利法人)ではない: NPO,167,世田谷区,○,○,NPO,1,1,独立系,7010905001127,特定非営利活動法人向日葵,,,特定非営利活動法人向日葵,1371203199,東京都世田谷区世田谷１－４４－１サンライズ上町２０１,03-3439-0062,03-3439-0062,固定(23区),03-3439-0363,https://himawari-anatanosobani.jp,平日,,,,,,,,,,,,,,
民間(営利法人)ではない: 社会福祉法人,168,世田谷区,○,○,社会福祉法人,1,1,独立系,8010905000813,社会福祉法人　ふきのとうの会,,,ふきのとうケアプランセンター,1371200369,東京都世田谷区桜丘1-19-22デイホーム桜丘内,03-6413-0770,03-6413-0770,固定(23区),03-5450-3600,http://fukinotoh.mow.jp,"平日,祝日",,,,,,,,,,,,,,
民間(営利法人)ではない: 社会福祉法人,171,世田谷区,○,○,社会福祉法人,1,1,医療機関併設,9010905000795,社会福祉法人　康和会,,,久我山病院ケアオフィス,1371208859,東京都世田谷区北烏山2-14-20,03-3309-8124,03-3309-8124,固定(23区),03-3309-3100,https://www.kouwa-kai.org/facilities/care.html,"平日,土曜日",,,,,,,,,,,,,,
民間(営利法人)ではない: 社会福祉法人,172,世田谷区,○,○,社会福祉法人,1,1,独立系,1010905000811,社会福祉法人　日本フレンズ奉仕団,,,フレンズ介護保険サービス,1371202241,東京都世田谷区野沢３－２５－１０,03-3410-8661,03-3410-8661,固定(23区),03-5486-6700,http://www.n-friends.or.jp/,平日,,,,,,,,,,,,,,
民間(営利法人)ではない: 社会福祉法人,173,世田谷区,○,,社会福祉法人,1,3,独立系,8250005000517,社会福祉法人　青藍会,,,青藍会在宅医療支援センターハートハウス成城,1371216118,東京都世田谷区成城二丁目３５番３号１０１,03-3416-7771,03-3416-7771,固定(23区),03-6411-8533,http://www.seirankai.or.jp,平日,,,,,,,,,,,,,,
民間(営利法人)ではない: 社会福祉法人,174,世田谷区,○,○,社会福祉法人,1,1,独立系,6010905001689,社会福祉法人こうれいきょう,,,池尻介護保険サービス,1371202175,東京都世田谷区池尻2-4-26,03-5433-2513,03-5433-2513,固定(23区),03-3795-0600,http://koureikyou.jp,"平日,土曜日",,,,,,,,,,,,,,
民間(営利法人)ではない: 社会福祉法人,176,世田谷区,○,,社会福祉法人,1,8,独立系,3430005000585,社会福祉法人ノテ福祉会,,,居宅介護支援事業所ノテ深沢,1371211697,東京都世田谷区深沢7-17-20,03-6432-3894,03-6432-3894,固定(23区),03-6432-3896,https://www.note.or.jp,平日,,,,,,,,,,,,,,
民間(営利法人)ではない: 社会福祉法人,179,世田谷区,○,○,社会福祉法人,1,1,独立系,8010905000978,社会福祉法人南山会,,,喜多見介護保険サービス,1371203124,東京都世田谷区喜多見7―20―26,03-5727-1161,03-5727-1161,固定(23区),03-5727-1164,https://nanzankai.tokyo/,平日,,,,,,,,,,,,,,
民間(営利法人)ではない: 社会福祉法人,180,世田谷区,○,○,社会福祉法人,1,1,独立系,3010905000792,社会福祉法人友愛十字会,,,社会福祉法人友愛十字会砧介護保険サービス,1371200419,東京都世田谷区砧3-9-11,03-3416-7001,03-3416-7001,固定(23区),03-3416-3216,http://www.yuai.or.jp/kinutakaigo/index.html,平日,,,,,,,,,,,,,,
民間(営利法人)ではない: 社会福祉法人,184,世田谷区,○,,社会福祉法人,1,2,独立系,7250005007298,社会福祉法人夢のみずうみ村,,,夢のみずうみ村新樹苑居宅介護支援事業所,1371211531,東京都世田谷区八幡山３丁目１８番２７号,０３－５３１６－９０９９,03-5316-9099,固定(23区),０３－５３１６－９０９１,http://www.yumenomizuumi.com,平日,,,,,,,,,,,,,,
民間(営利法人)ではない: 社会福祉法人,185,世田谷区,○,○,社会福祉法人,1,1,独立系,7010905000979,社会福祉法人大三島育徳会,,,居宅介護支援事業所博水の郷,1371203108,東京都世田谷区鎌田３－１６－６,03-3700-3252,03-3700-3252,固定(23区),03-3700-3269,http://www.oomishima.jp/,"平日,土曜日",,,,,,,,,,,,,,
民間(営利法人)ではない: 社会福祉法人,191,世田谷区,○,○,社会福祉法人,1,1,独立系,5010905000799,社会福祉法人東京有隣会,,,ケアプランゆうりん,1371216886,東京都世田谷区船橋2-15-38,03(5490)7711,03-5490-7711,固定(23区),03(5490)7719,http://www.tokyoyurinkai.or.jp,平日,,,,,,,,,,,,,,
民間(営利法人)ではない: 公益法人,205,中央区,○,○,公益法人,1,1,医療機関併設,9010005018524,公益社団法人中央区医師会,,,公益社団法人中央区医師会訪問看護ステーションあかし,1370200147,東京都中央区明石町1-6,03-5565-7281,03-5565-7281,固定(23区),03-5565-5101,https://houkan-akashi.jp/,平日,,,,,,,,,,,,,,
民間(営利法人)ではない: 学校・宗教,208,中央区,○,○,学校・宗教,1,1,医療機関併設,2010005002344,学校法人聖路加国際大学,,,聖路加国際病院ケアプランセンター,1370202382,東京都中央区明石町1番24号6階マタニティケアホーム,03-5550-2549,03-5550-2549,固定(23区),03-5550-7508,,平日,,,,,,,,,,,,,,
民間(営利法人)ではない: 社会福祉法人,225,中央区,○,○,社会福祉法人,1,1,施設併設,9010005009399,社会福祉法人　トーリケアネット,,,居宅介護支援事業所　晴海苑,1370201343,東京都中央区晴海１－１－２６,03-3533-7598,03-3533-7598,固定(23区),03-3533-7590,http://www.harumien.or.jp,"平日,土曜日,祝日",,,,,,,,,,,,,,
民間(営利法人)ではない: NPO,228,中野区,○,○,NPO,1,1,独立系,3011205001531,NPOピクニックケア,,,NPOピクニックケア,1371403179,東京都中野区上高田2-45-10,03-6657-9325,03-6657-9325,固定(23区),03-6657-9326,,"平日,祝日",,,,,,,,,,,,,,
民間(営利法人)ではない: 医療法人,240,中野区,○,○,医療法人,1,1,医療機関併設,5010005014444,医療法人財団健貢会　総合東京病院居宅介護支援事業所,,,医療法人財団健貢会　総合東京病院居宅介護支援事業所,1371403971,東京都中野区江古田3-15-2,03-3387-5405,03-3387-5405,固定(23区),03-3387-5417,http://www.tokyo-hospital.com/,"平日,土曜日",,,,,,,,,,,,,,
民間(営利法人)ではない: 協同組合,249,中野区,○,○,協同組合,1,1,医療機関併設,4011205000111,東京医療生活協同組合,,,新渡戸記念中野総合病院居宅介護支援事業所,1371400118,東京都中野区中野2-21-17東京医療別館3階,03-3382-8643,03-3382-8643,固定(23区),03-3382-5237,http://www.nakanosogo.or.jp,"平日,土曜日",,,,,,,,,,,,,,
民間(営利法人)ではない: NPO,267,中野区,○,○,NPO,1,1,独立系,4011205001340,特定非営利活動法人あおば,,,特定非営利活動法人　あおば,1371402684,東京都中野区本町３丁目５番４号メゾンシルクロード１Ｆ,０３－５３５８－８２００,03-5358-8200,固定(23区),０３－５３５８－８３３８,http://www.npo-aoba.or.jp/,平日,,,,,,,,,,,,,,
民間(営利法人)ではない: NPO,268,中野区,○,○,NPO,1,1,独立系,7011205002006,特定非営利活動法人なかの里を紡ぐ会,,,桜フローラル,1371405000,東京都中野区松が丘1-8-14　アビヤント大崎１０５アビヤント大崎105,03-6454-0443,03-6454-0443,固定(23区),03-6454-0442,,平日,,,,,,,,,,,,,,
民間(営利法人)ではない: NPO,269,中野区,○,○,NPO,1,1,独立系,9011205001591,特定非営利活動法人中野の介護と福祉を考える会,,,介護事業所めだか,1371404268,東京都中野区新井3-1-11パールシオンB1号室,03-5942-8866,03-5942-8866,固定(23区),03-5380-7022,,平日,,,,,,,,,,,,,,
民間(営利法人)ではない: 社会福祉法人,273,中野区,○,○,社会福祉法人,1,1,独立系,9011205000222,社会福祉法人　武蔵野療園,,,かみさぎ介護サービスセンター,1371400423,東京都中野区上鷺宮3-17-4,03-3926-8444,03-3926-8444,固定(23区),03-3926-8451,http://www.m-kamisagi.jp,"平日,土曜日",,,,,,,,,,,,,,
民間(営利法人)ではない: 社会福祉法人,278,中野区,○,,社会福祉法人,1,4,独立系,8380005002533,社会福祉法人南東北福祉事業団,,,居宅介護支援事業所　江古田の森,1371402866,東京都中野区江古田３－１４－１９,03-5318-3750,03-5318-3750,固定(23区),03-5318-3730,http://www.kaigo-egota.com/,"平日,土曜日",,,,,,,,,,,,,,
民間(営利法人)ではない: 社会福祉法人,281,中野区,○,○,社会福祉法人,1,1,独立系,4011205000219,社会福祉法人浄風園,,,江古田ケアマネジメントセンター,1371400159,東京都中野区江古田４－１９－９,03-3228-1857,03-3228-1857,固定(23区),03-3228-1865,http://www.johuen.com,"平日,土曜日",,,,,,,,,,,,,,
民間(営利法人)ではない: 一般社団・財団,293,北区,○,○,一般社団・財団,1,1,独立系,1011505001836,一般社団法人ナースプラネット,,,介護プランセンターそれいゆ,1371705961,東京都北区田端新町1-22-5寿ビル1階,03-5692-2070,03-5692-2070,固定(23区),03-5855-3745,https://www.nurseplanet.jp/service/plan_center.html,平日,,,,,,,,,,,,,,
民間(営利法人)ではない: 公益法人,295,北区,○,,公益法人,1,2,訪問看護併設,5011005003775,公益財団法人日本訪問看護財団,,,公益財団法人日本訪問看護財団立あすか山訪問看護ステーション,1371700202,東京都北区神谷1-13-10KourtK31階,03-5959-3121,03-5959-3121,固定(23区),03-5959-3151,http://www.jvnf.or.jp/asukayama/,平日,,,,,,,,,,,,,,
民間(営利法人)ではない: 医療法人,299,北区,○,○,医療法人,1,1,医療機関併設,4011505000546,医療法人社団はなぶさ,,,赤羽整形リウマチクリニック居宅介護支援事業部,1371703503,東京都北区赤羽西１丁目３４番２号玉川ビル２Ｆ,03-3900-0567,03-3900-0567,固定(23区),03-3900-0572,https://akabaneseikei-ds.jp,"平日,土曜日",,,,,,,,,,,,,,
民間(営利法人)ではない: 医療法人,300,北区,○,○,医療法人,1,1,独立系,8011505000492,医療法人社団博栄会,,,医療法人社団　博栄会　居宅介護支援センター,1371700889,東京都北区浮間2-1-13,03-5915-6123,03-5915-6123,固定(23区),03-3558-8831,http://www.hakueikai.or.jp,"平日,土曜日",,,,,,,,,,,,,,
民間(営利法人)ではない: 医療法人,301,北区,○,○,医療法人,1,1,独立系,7011505000527,医療法人社団岩江クリニック,,,西が丘居宅介護支援事業所,1371700442,東京都北区西が丘1-5-7ヴィラ西ヶ丘101号室,03-3905-1885,03-3905-1885,固定(23区),03-3905-1883,http://www.linkclub.or.jp/~iwaecl/,"平日,土曜日",,,,,,,,,,,,,,
民間(営利法人)ではない: 医療法人,303,北区,○,○,医療法人,1,1,医療機関併設,4011505000496,医療法人社団志誠会,,,医療法人社団志誠会京北診療所,1371701267,東京都北区志茂２－１６－１４,03-3903-0118,03-3903-0118,固定(23区),03-3903-0121,https://shiseikai-keihoku.com/,"平日,土曜日",,,,,,,,,,,,,,
民間(営利法人)ではない: 医療法人,307,北区,○,○,医療法人,1,1,医療機関併設,2011505000481,医療法人財団逸生会,,,大橋病院居宅介護支援事業所,1371705664,東京都北区赤羽西5-12-4105,03-5963-6300,03-5963-6300,固定(23区),03-5963-8084,https://www.o-hp.or.jp,平日,,,,,,,,,,,,,,
民間(営利法人)ではない: 社会福祉法人,360,北区,○,○,社会福祉法人,1,1,独立系,2011505000663,社会福祉法人　東京都福祉事業協会,,,赤羽北さくら荘ケアプランセンター,1371703347,東京都北区赤羽北3－6－10,03-3900-3909,03-3900-3909,固定(23区),03-3900-3902,https://www.ak-sakurasou.org/,"平日,土曜日",,,,,,,,,,,,,,
民間(営利法人)ではない: 社会福祉法人,361,北区,○,○,社会福祉法人,1,1,独立系,6011505000676,社会福祉法人うらら,,,すまいるプラス,1371705581,東京都北区上十条4-17-8フラウ新盛ビル201,03-5948-8431,03-5948-8431,固定(23区),03-5948-8432,http://www.urara.or.jp/,"平日,祝日",,,,,,,,,,,,,,
民間(営利法人)ではない: 社会福祉法人,363,北区,○,○,社会福祉法人,1,1,施設併設,8011505000674,社会福祉法人北区社会福祉事業団,,,東京都北区指定居宅介護支援事業所清水坂あじさい荘,1371703271,東京都北区中十条4-16-32,03-5924-2058,03-5924-2058,固定(23区),03-5924-2262,http://kitajigyo.com,平日,,,,,,,,,,,,,,
民間(営利法人)ではない: 社会福祉法人,364,北区,○,○,社会福祉法人,1,1,独立系,9011105000982,社会福祉法人新栄会,,,滝野川指定居宅介護支援事業所,1371700095,東京都北区滝野川2-32-12滝野川病院1階,03-5907-5866,03-5907-5866,固定(23区),03-5907-5867,,平日,,,,,,,,,,,,,,
民間(営利法人)ではない: 社会福祉法人,365,北区,○,,社会福祉法人,1,2,独立系,9040005001527,社会福祉法人晴山会,,,ケアパートナーあすか,1371704246,東京都北区西ヶ原４－５１－１,03-3940-9179,03-3940-9179,固定(23区),03-3940-9180,http://www.asuka-seizanen.com/,"平日,土曜日",,,,,,,,,,,,,,
民間(営利法人)ではない: NPO,378,千代田区,○,○,NPO,1,1,独立系,3012705000642,特定非営利活動法人　いちごの会,,,いちご居宅介護支援事業所,1370101501,東京都千代田区神田東松下町22-1こもれび千桜1階,03-6260-9715,03-6260-9715,固定(23区),03-6260-9716,https://www.ichigonokai.com,平日,,,,,,,,,,,,,,
民間(営利法人)ではない: NPO,379,千代田区,○,○,NPO,1,1,独立系,5010005009353,特定非営利活動法人ホープ,,,特定非営利活動法人ホープ,1370100818,東京都千代田区飯田橋1-12-16福岡ビル2階,03-3221-4266,03-3221-4266,固定(23区),03-6912-3234,https://hope-npo.org/,平日,,,,,,,,,,,,,,
民間(営利法人)ではない: 一般社団・財団,387,台東区,○,○,一般社団・財団,1,1,独立系,4010505001793,一般社団法人ハーモニー,,,ヘルパーステーションハーモニー,1370601989,東京都台東区日本堤１－３１－１,03-6279-3998,03-6279-3998,固定(23区),03-6279-3999,https://www.heartpage.jp/taito/facility/20010433,平日,,,,,,,,,,,,,,
民間(営利法人)ではない: 一般社団・財団,389,台東区,○,○,一般社団・財団,1,1,独立系,6010505003458,一般社団法人輝翔会,,,一般社団法人輝翔会　居宅介護支援事業所　はなえ,1370604595,東京都台東区千束3-9-9齋藤ビル2階,03-6802-3874,03-6802-3874,固定(23区),03-6802-3804,https://www.hanae8343.com,平日,,,,,,,,,,,,,,
民間(営利法人)ではない: 一般社団・財団,390,台東区,○,○,一般社団・財団,1,1,独立系,1010505001870,一般社団法人Ｃ＆Ｎ,,,浅草あおばケアサービス,1370602938,東京都台東区浅草4-2-6ローヤルマンション１階,03-6240-6543,03-6240-6543,固定(23区),03-6240-6532,https://asakusaaoba.web.fc2.com/,平日,,,,,,,,,,,,,,
民間(営利法人)ではない: 医療法人,394,台東区,○,,医療法人,1,4,独立系,4300005006537,医療法人徳隣会,,,ケアプランセンターとくりん上野,1370604520,東京都台東区上野7丁目2番8号岡田タイルビル601号室,03-6231-7270,03-6231-7270,固定(23区),03-5830-0261,https://tsutsumiclinic.net/,平日,,,,,,,,,,,,,,
民間(営利法人)ではない: 医療法人,396,台東区,○,○,医療法人,1,1,独立系,1010505001912,医療法人社団トータルライフ医療会,,,ウェルビーイング２１居宅介護支援事業所,1370604207,東京都台東区雷門2-11-10コモドール雷門１階,03-5827-1921,03-5827-1921,固定(23区),03-5827-1922,https://wb21.net,平日,,,,,,,,,,,,,,
民間(営利法人)ではない: NPO,422,台東区,○,○,NPO,1,1,訪問看護併設,9010505001137,特定非営利活動法人　訪問看護ステーションコスモス,,,特定非営利活動法人　訪問看護ステーションコスモス,1370602169,東京都台東区日本堤１－１－７,03-3871-7228,03-3871-7228,固定(23区),03-3871-7229,https://www.s-cosmos.org/,平日,,,,,,,,,,,,,,
民間(営利法人)ではない: NPO,423,台東区,○,○,NPO,1,1,独立系,2010505001184,特定非営利活動法人トータルサポートたいとう,,,居宅介護支援　むらさき,1370603514,東京都台東区竜泉3－19－7NPO法人トータルサポートたいとう内,03－5808－7820,03-5808-7820,固定(23区),03－5808－7825,https://www.tomoni-ikiru.com,平日,,,,,,,,,,,,,,
民間(営利法人)ではない: NPO,424,台東区,○,○,NPO,1,1,独立系,4010505001190,特定非営利活動法人友愛会,,,ゆうあい,1370601443,東京都台東区清川2－2－3,03-5824-9135、,03-5824-9135,固定(23区),03-5824-9195、,https://you-i-kai.net,平日,,,,,,,,,,,,,,
民間(営利法人)ではない: 医療法人,434,品川区,○,,医療法人,1,3,独立系,3030005006895,医療法人社団武蔵野会,,,医療法人社団武蔵野会ケアプランセンターcarna五反田,1370904342,東京都品川区西五反田3-10-9carna五反田6階,03-5496-8776,03-5496-8776,固定(23区),03-5496-8780,http://www.tmg.or.jp/carna_gotanda,平日,,,,,,,,,,,,,,
民間(営利法人)ではない: 社会福祉法人,470,品川区,○,○,社会福祉法人,1,1,独立系,1010705000441,社会福祉法人春光福祉会,,,品川区西大井在宅介護支援センター,1370900696,東京都品川区西大井２－４－４,03-5743-6120,03-5743-6120,固定(23区),03-5743-6121,http://www.shunkoufukushikai.or.jp,"平日,土曜日",,,,,,,,,,,,,,
民間(営利法人)ではない: 不明(法人格の記載なし),475,墨田区,○,○,不明(法人格の記載なし),1,1,独立系,1010602032785,ゆとりケア,,,ゆとりケア,1370702035,東京都墨田区亀沢1-20-4川浦ビル2階,03-6658-8660,03-6658-8660,固定(23区),03-6658-8661,https://www.yutori-care.jp,平日,,,,,,,,,,,,,,
民間(営利法人)ではない: 一般社団・財団,481,墨田区,○,○,一般社団・財団,1,1,独立系,6010605003903,一般社団法人　ソーシャルインテグレーション,,,ほんわ花居宅,1370705418,東京都墨田区押上1-32-11,03-6661-8565,03-6661-8565,固定(23区),03-6661-8666,,平日,,,,,,,,,,,,,,
民間(営利法人)ではない: 一般社団・財団,482,墨田区,○,○,一般社団・財団,1,1,独立系,8010605004230,一般社団法人てらす会,,,てらす居宅介護支援,1370705822,東京都墨田区京島１－２３－１０,03-6658-8457,03-6658-8457,固定(23区),03-6658-8458,,平日,,,,,,,,,,,,,,
民間(営利法人)ではない: 医療法人,483,墨田区,○,,医療法人,1,4,独立系,7140005007540,医療法人伯鳳会,,,むこうじまケアプランセンター,1370703439,東京都墨田区東向島2-36-11ベレール向島1Ｆ,03-3618-5855,03-3618-5855,固定(23区),03-3618-5856,,"平日,土曜日",,,,,,,,,,,,,,
民間(営利法人)ではない: 医療法人,485,墨田区,○,○,医療法人,1,1,独立系,4010605001677,医療法人社団ソフィア,,,こうせい在宅,1370705962,東京都墨田区立花5-3-17メゾンさくら102号室,080-4191-7307,080-4191-7307,携帯,03-6820-9578,https://kousei-cl.com/,平日,,,,,,,,,,,,,,
民間(営利法人)ではない: 医療法人,486,墨田区,○,○,医療法人,1,1,訪問看護併設,4010605000472,医療法人社団隆靖会,,,医療法人社団隆靖会　墨田中央訪問看護ステーション居宅介護支援事業所,1370704296,東京都墨田区文化３－１５－２,０３－６６５７－１５５１,03-6657-1551,固定(23区),０３－３６１０－７７６７,,平日,,,,,,,,,,,,,,
民間(営利法人)ではない: 社会福祉法人,530,墨田区,○,○,社会福祉法人,1,1,独立系,1010605000632,社会福祉法人同愛記念病院財団,,,同愛記念指定居宅介護支援事業所,1370700088,東京都墨田区横網2-1-11,03-3625-6391,03-3625-6391,固定(23区),03-5608-3239,http://www.doai.or.jp,平日,,,,,,,,,,,,,,
民間(営利法人)ではない: 不明(法人格の記載なし),548,大田区,○,○,不明(法人格の記載なし),1,1,独立系,8010801015056,ハート,,,ハート,1371102425,東京都大田区羽田４丁目２１番１１号タカツホームズ　１Ｆ,03-5737-9110,03-5737-9110,固定(23区),03-5737-9118,http://www.heart-haneda.net/,"平日,土曜日,祝日",,,,,,,,,,,,,,
民間(営利法人)ではない: 一般社団・財団,551,大田区,○,○,一般社団・財団,1,1,医療機関併設,1010805000028,一般社団法人田園調布医師会,,,ケアプラン田園調布医師会,1371100353,東京都大田区石川町2丁目7番1号,03-3728-5541,03-3728-5541,固定(23区),03-3728-3855,http://www.dencho-med.or.jp,平日,,,,,,,,,,,,,,
民間(営利法人)ではない: 医療法人,553,大田区,○,,医療法人,1,4,独立系,4480005000398,医療法人平成博愛会,,,ケアプランセンターてとてと大岡山,1371112622,東京都大田区北千束3丁目16-19カーサ大岡山104号室,03-5754-7100,03-5754-7100,固定(23区),03-5754-7101,http://tetote.to/office/ookayama/,平日,,,,,,,,,,,,,,
民間(営利法人)ではない: 医療法人,554,大田区,○,○,医療法人,1,1,独立系,5010805000684,医療法人財団中島記念会,,,大森山王居宅介護支援事業所,1371105386,東京都大田区山王3-18-2,03-6429-8185,03-6429-8185,固定(23区),03-6429-8186,http://www.nakajima-hp.or.jp/txt/kaigo-shien.html,"平日,土曜日",,,,,,,,,,,,,,
民間(営利法人)ではない: NPO,660,大田区,○,○,NPO,1,1,独立系,4010805001080,特定非営利活動法人たすけあい大田はせさんず,,,はせさんずケアサポート,1371102490,東京都大田区池上４－２８－３,03-5747-2800,03-5747-2800,固定(23区),03-6410-2855,https://hasesanz.com,平日,,,,,,,,,,,,,,
民間(営利法人)ではない: NPO,661,大田区,○,○,NPO,1,1,独立系,5010805001229,特定非営利活動法人大田区ＮＰＯセンター,,,すまいる蓮沼,1371102847,東京都大田区西蒲田６丁目９番１号,03-5710-7003,03-5710-7003,固定(23区),03-5710-1331,,平日,,,,,,,,,,,,,,
民間(営利法人)ではない: NPO,662,大田区,○,○,NPO,1,1,独立系,5010805001088,特定非営利活動法人福祉コミュニティ大田,,,ケアステーション　らっこ,1371105345,東京都大田区蒲田本町2-12-1松井ビル1階,03-5710-1088,03-5710-1088,固定(23区),03-5713-2348,http://racco-npo.org/,平日,,,,,,,,,,,,,,
民間(営利法人)ではない: 医療法人,663,大田区,○,,医療法人,1,2,独立系,2050005008998,社会医療法人　若竹会,,,指定居宅介護支援事業所　セントラル大田,1371106046,東京都大田区大森西４丁目３－５３０７,03-6423-0721,03-6423-0721,固定(23区),03-6423-0726,https://central.or.jp/facilities/ohtaku02.php,"平日,土曜日",,,,,,,,,,,,,,
民間(営利法人)ではない: 医療法人,664,大田区,○,○,医療法人,1,1,独立系,4010805000628,社会医療法人財団　仁医会,,,牧田介護サービスセンター,1371100254,東京都大田区西蒲田4-22-1牧田リハビリテーション病院,03-5748-5022,03-5748-5022,固定(23区),03-5748-5023,https://www.makita-hosp.or.jp/riha/ward/care_service/,平日,,,,,,,,,,,,,,
民間(営利法人)ではない: 社会福祉法人,672,大田区,○,○,社会福祉法人,1,1,独立系,7010805000765,社会福祉法人有隣協会,,,居宅介護支援事業所ゆうりん大森,1371111947,東京都大田区大森東1-4-2,03-5763-5162,03-5763-5162,固定(23区),03-5763-5163,http://yurin.org/,平日,,,,,,,,,,,,,,
民間(営利法人)ではない: 社会福祉法人,673,大田区,○,○,社会福祉法人,1,1,独立系,3010805000760,社会福祉法人池上長寿園,,,ケアプランセンター池上長寿園南蒲田事業所,1371101229,東京都大田区南蒲田二丁目9番7号,03-5713-1255,03-5713-1255,固定(23区),03-5713-1411,http://www.ikegami.or.jp,"平日,土曜日",,,,,,,,,,,,,,
民間(営利法人)ではない: 社会福祉法人,674,大田区,○,○,社会福祉法人,1,1,独立系,6010805000774,社会福祉法人白陽会,,,ケアプランたんぽぽ,1371101328,東京都大田区矢口１－２３－１２,03-5741-3366,03-5741-3366,固定(23区),03-5741-3323,http://www.hakuyokai.org/,平日,,,,,,,,,,,,,,
民間(営利法人)ではない: 社会福祉法人,676,大田区,○,○,社会福祉法人,1,1,独立系,7010805000773,社会福祉法人響会,,,好日苑ケアプランセンター,1371100130,東京都大田区上池台5丁目7番1号,03-3748-6022,03-3748-6022,固定(23区),03-3748-6139,http://www.hibikikai-tokyo.or.jp,平日,,,,,,,,,,,,,,
民間(営利法人)ではない: 一般社団・財団,686,文京区,○,○,一般社団・財団,1,1,医療機関併設,4010005002994,一般社団法人　小石川医師会,,,一般社団法人）小石川医師会居宅介護支援事業所,1370500322,東京都文京区小石川5-6-9,03-5978-9795,03-5978-9795,固定(23区),03-5978-9799,https://www.koishikawa-med.jp/,平日,,,,,,,,,,,,,,
民間(営利法人)ではない: 医療法人,689,文京区,○,○,医療法人,1,1,独立系,6010005027437,医療法人社団一専会,,,いちふじケアマネステーション,1370503656,東京都文京区関口一丁目13番14号向井ビル4階,03-6280-7590,03-6280-7590,固定(23区),03-6280-7591,,平日,,,,,,,,,,,,,,
民間(営利法人)ではない: 医療法人,690,文京区,○,○,医療法人,1,1,独立系,3013305000768,医療法人社団日成会,,,居宅介護支援事業所　小石川みやびの郷,1370502633,東京都文京区本郷4-17-9平井ビル　401,03-5689-6612,03-5689-6612,固定(23区),03-5689-6613,https://nisseikai.jp,"平日,祝日",,,,,,,,,,,,,,
民間(営利法人)ではない: 社会福祉法人,720,文京区,○,○,社会福祉法人,1,1,独立系,6010005006507,社会福祉法人東六会,,,居宅介護支援事業所　ゆしまの郷,1370501486,東京都文京区湯島３－２９－１０,03-3836-3528,03-3836-3528,固定(23区),03-3836-3523,http://www.yushimanosato.jp,平日,,,,,,,,,,,,,,
民間(営利法人)ではない: 不明(法人格の記載なし),735,新宿区,○,○,不明(法人格の記載なし),1,1,独立系,4011105001861,ルーツ支援センター,,,ルーツ支援センター,1370403196,東京都新宿区若松町17-6ARK　HOUSE　314,03-3200-6802,03-3200-6802,固定(23区),03-3203-1758,,"平日,土曜日",,,,,,,,,,,,,,
民間(営利法人)ではない: 医療法人,738,新宿区,○,○,医療法人,1,1,独立系,2011105000898,医療法人社団曙光会,,,コンフォケアプランセンター,1370405191,東京都新宿区住吉町9-10小林ビル1F,03-5368-6202,03-5368-6202,固定(23区),03-5315-0190,,平日,,,,,,,,,,,,,,
民間(営利法人)ではない: 医療法人,739,新宿区,○,,医療法人,1,2,医療機関併設,4011105000772,医療法人社団松和会,,,望星西新宿診療所,1371301035,東京都新宿区西新宿3-12-12望星西新宿診療所ビル,03-5304-5655,03-5304-5655,固定(23区),03-5304-5680,,"平日,祝日",,,,,,,,,,,,,,
民間(営利法人)ではない: NPO,788,新宿区,○,○,NPO,1,1,独立系,6011105001455,特定非営利活動法人ほっとステーション,,,居宅介護支援事業所ほっとステーション,1370404319,東京都新宿区百人町3-28-5グランドヒルズA101,03-6908-9007,03-6908-9007,固定(23区),03-6908-6565,,"平日,土曜日,祝日",,,,,,,,,,,,,,
民間(営利法人)ではない: NPO,789,新宿区,○,○,NPO,1,1,独立系,2011105001500,特定非営利活動法人フットワーク新宿,,,特定非営利活動法人フットワーク新宿,1370401158,東京都新宿区西早稲田3-13-15FWビル2階,03-3200-2515,03-3200-2515,固定(23区),03-5273-6378,http://www.fws.or.jp,平日,,,,,,,,,,,,,,
民間(営利法人)ではない: NPO,790,新宿区,○,○,NPO,1,1,独立系,7011105002023,特定非営利活動法人ベリタス会,,,ベリタス介護支援サービス,1370402545,東京都新宿区西早稲田２－７－１７イ－ルハウス２０１号,03-5273-3358,03-5273-3358,固定(23区),03-6205-5194,http://www.ve-ri-tas.com/,平日,,,,,,,,,,,,,,
民間(営利法人)ではない: NPO,791,新宿区,○,○,NPO,1,1,独立系,8011105001809,特定非営利活動法人東京山の手まごころサービス,,,東京山の手まごころサービス,1370401596,東京都新宿区高田馬場１丁目３２－７信ビル403号室,03-3205-6813,03-3205-6813,固定(23区),03-3205-6766,http://www.netlaputa.ne.jp/~yamanote/,平日,,,,,,,,,,,,,,
民間(営利法人)ではない: NPO,792,新宿区,○,○,NPO,1,1,独立系,9011105004091,特定非営利活動法人生活と文化を語る会癒ゆ里,,,生活と文化を語る会癒ゆ里,1370404418,東京都新宿区西落合3-1-9西落合ハイム1-102号,03-3951-5615,03-3951-5615,固定(23区),03-3951-5615,,"平日,祝日",,,,,,,,,,,,,,
民間(営利法人)ではない: 社会福祉法人,793,新宿区,○,○,社会福祉法人,1,1,独立系,1010005005331,社会福祉法人　シルヴァーウイング,,,居宅介護支援事業所　戸山いつきの杜,1370407072,東京都新宿区戸山2丁目4番101号,090-1818-5897,090-1818-5897,携帯,03-6278-9003,,"平日,土曜日,日曜日,祝日",,,,,,,,,,,,,,
民間(営利法人)ではない: 社会福祉法人,794,新宿区,○,,社会福祉法人,1,5,施設併設,9011105002500,社会福祉法人　聖母会,,,聖母ホーム　居宅介護支援事業所,1370401471,東京都新宿区中落合2-5-21,03-3953-4028,03-3953-4028,固定(23区),03-3950-4130,http://www.seibohome.jp/,"平日,祝日",,,,,,,,,,,,,,
民間(営利法人)ではない: 社会福祉法人,797,新宿区,○,○,社会福祉法人,1,1,独立系,7011105000984,社会福祉法人新宿区社会福祉事業団,,,新宿区立百人町高齢者在宅サービスセンター居宅介護支援事業所,1370402149,東京都新宿区百人町3-30-2,03-5925-1914,03-5925-1914,固定(23区),03-3368-3867,http://www.shinjuku-sj.jp/,"平日,土曜日,祝日",,,,,,,,,,,,,,
民間(営利法人)ではない: 一般社団・財団,815,杉並区,○,○,一般社団・財団,1,1,独立系,7011305002608,一般社団法人みんなのいえ,,,居宅介護支援事業所みんなのいえ,1371510502,東京都杉並区桃井1-3-10東京セントラル荻窪402,03-6454-7573,03-6454-7573,固定(23区),03-6454-7574,https://www.minnano-ie.com/soudan,平日,,,,,,,,,,,,,,
民間(営利法人)ではない: 一般社団・財団,816,杉並区,○,○,一般社団・財団,1,1,医療機関併設,4011305000044,一般社団法人杉並区医師会,,,杉並区医師会プランニング・サービス,1371500685,東京都杉並区天沼3-19-14フェニックス杉並1F,03-3391-0009,03-3391-0009,固定(23区),03-3391-0090,http://www.sgn.tokyo.med.or.jp,平日,,,,,,,,,,,,,,
民間(営利法人)ではない: 一般社団・財団,817,杉並区,○,○,一般社団・財団,1,1,医療機関併設,2011305000046,一般社団法人衛生文化協会,,,城西病院在宅サポートセンター,1371500933,東京都杉並区上荻2-41-6春日ビル,03-3390-4154,03-3390-4154,固定(23区),03-3390-4174,,"平日,祝日",,,,,,,,,,,,,,
民間(営利法人)ではない: 一般社団・財団,818,杉並区,○,○,一般社団・財団,1,1,独立系,6011305002369,一般社団法人Ｇｅｎｙ,,,COZYケアプラン,1371510080,東京都杉並区高井戸西2-12-15オークハイツ102,03-5336-3664,03-5336-3664,固定(23区),03-5336-3668,,平日,,,,,,,,,,,,,,
民間(営利法人)ではない: 医療法人,820,杉並区,○,○,医療法人,1,1,独立系,8011305000560,医療法人社団　杏順会,,,ケアプランセンター杉並,1371504513,東京都杉並区上井草4-5-272階,03-3395-5086,03-3395-5086,固定(23区),03-3301-7732,http://www.koshikawa-hosp.or.jp,平日,,,,,,,,,,,,,,
民間(営利法人)ではない: 医療法人,822,杉並区,○,○,医療法人,1,1,医療機関併設,4011305000151,医療法人社団三成会,,,医療法人社団　三成会　河北前田病院,1371500768,東京都杉並区本天沼1-2-1,03-5327-3361,03-5327-3361,固定(23区),03-5327-3361,http://maeda-hp.or.jp,平日,,,,,,,,,,,,,,
民間(営利法人)ではない: 医療法人,823,杉並区,○,○,医療法人,1,1,医療機関併設,4011005005260,医療法人社団啓神会,,,Aiクリニック居宅支援事業所,1371511500,東京都杉並区高円寺北3-12-4,03-6382-7201,03-6382-7201,固定(23区),03-6908-6392,https://aiclinic.tokyo/,平日,,,,,,,,,,,,,,
民間(営利法人)ではない: 医療法人,825,杉並区,○,○,医療法人,1,1,訪問看護併設,7011305000082,医療法人社団明笙会,,,医療法人社団明笙会　たけうち訪問看護ステーション,1371501824,東京都杉並区成田東３-12-13,03-5378-3535,03-5378-3535,固定(23区),03-5378-3525,http://www.t-naika.com,平日,,,,,,,,,,,,,,
民間(営利法人)ではない: 医療法人,826,杉並区,○,○,医療法人,1,1,独立系,5011305000084,医療法人社団松永会,,,ウェルファー指定居宅介護支援事業所,1371500289,東京都杉並区堀ノ内１－６－６,03-5305-7300,03-5305-7300,固定(23区),03-5305-7331,http://www.welfare.or.jp,平日,,,,,,,,,,,,,,
民間(営利法人)ではない: 医療法人,827,杉並区,○,○,医療法人,1,1,独立系,3011305002974,医療法人社団永靖会,,,ひいらぎケアサポート,1371511534,東京都杉並区本天沼2-43-7プランドール１０１,03-6913-7953,03-6913-7953,固定(23区),03-6913-7962,,"平日,土曜日",,,,,,,,,,,,,,
民間(営利法人)ではない: 医療法人,828,杉並区,○,○,医療法人,1,1,医療機関併設,6011305000141,医療法人社団蘭松会,,,医療法人社団蘭松会蘭松医院居宅介護支援事業所,1371503671,東京都杉並区成田東5-36-11,03-3393-1477,03-3393-1477,固定(23区),03-5938-7211,,平日,,,,,,,,,,,,,,
民間(営利法人)ではない: 医療法人,829,杉並区,○,○,医療法人,1,1,独立系,5011405001651,医療法人社団誠芯会,,,さくらの葉ケア,1371511633,東京都杉並区今川2-5-7サニーヒルズ荻窪407,03-6913-6560,03-6913-6560,固定(23区),03-6913-6564,https://saipon.jp/h/sakuranoha-c,平日,,,,,,,,,,,,,,
民間(営利法人)ではない: 医療法人,830,杉並区,○,○,医療法人,1,1,医療機関併設,2011305001309,医療法人財団アドベンチスト会,,,東京衛生病院指定居宅介護支援事業所,1371504083,東京都杉並区天沼3－18－22２階,03-3220-0547,03-3220-0547,固定(23区),03-3392-8366,http://www.tokyoeisei.com,平日,,,,,,,,,,,,,,
民間(営利法人)ではない: NPO,893,杉並区,○,○,NPO,1,1,独立系,8011305001204,特定非営利活動法人かすみ草,,,ケアサポートかすみ草,1371504075,東京都杉並区和泉3-22-15グランヴェール和泉101,03-6265-7991,03-6265-7991,固定(23区),03-6265-7992,https://www.kasumiso.org,"平日,土曜日",,,,,,,,,,,,,,
民間(営利法人)ではない: NPO,894,杉並区,○,○,NPO,1,1,独立系,7011305000537,特定非営利活動法人ともしび会,,,ケアプランえん,1371505460,東京都杉並区和田1-12-20,03-5342-0518,03-5342-0518,固定(23区),03-6904-7520,,平日,,,,,,,,,,,,,,
民間(営利法人)ではない: NPO,895,杉並区,○,○,NPO,1,1,独立系,1011305000617,特定非営利活動法人在宅ケア・セラビ,,,NPOケア杉並,1371505403,東京都杉並区方南２－２３－６林ビル202,03-5378-8051,03-5378-8051,固定(23区),03-5378-8580,http://npo-care-suginami.jimdo.com,平日,,,,,,,,,,,,,,
民間(営利法人)ではない: NPO,896,杉並区,○,○,NPO,1,1,独立系,3011305000697,特定非営利活動法人在宅介護福祉センター浜田山,,,特定非営利活動法人　在宅介護福祉センター浜田山,1371509660,東京都杉並区成田西3-3-25,03-3315-3031,03-3315-3031,固定(23区),03-3315-4722,,平日,,,,,,,,,,,,,,
民間(営利法人)ではない: 社会福祉法人,900,杉並区,○,○,社会福祉法人,1,1,独立系,5011305000191,社会福祉法人サンフレンズ,,,サンフレンズ上井草支援センター,1371500149,東京都杉並区上井草3-33-10,03-5311-4165,03-5311-4165,固定(23区),03-5311-9060,http://www.3friends.or.jp,"平日,土曜日",,,,,,,,,,,,,,
民間(営利法人)ではない: 社会福祉法人,901,杉並区,○,○,社会福祉法人,1,1,独立系,7011305002186,社会福祉法人八成グループ,,,八成居宅介護支援事業所,1371508720,東京都杉並区井草1-40-16,03-5303-8738,03-5303-8738,固定(23区),03-5303-5776,http://care-net.biz/13/8nari/,平日,,,,,,,,,,,,,,
民間(営利法人)ではない: 社会福祉法人,902,杉並区,○,○,社会福祉法人,1,1,独立系,6010005001045,社会福祉法人救世軍社会事業団,,,ブース記念ケアマネジメントセンター和田,1371500362,東京都杉並区和田１－４0－15,03-5342-3840,03-5342-3840,固定(23区),03-6855-7511,http://grace.salvationarmy.or.jp/,平日,,,,,,,,,,,,,,
民間(営利法人)ではない: 社会福祉法人,903,杉並区,○,○,社会福祉法人,1,1,独立系,8011305000189,社会福祉法人杉樹会,,,居宅介護支援事業所さんじゅ久我山,1371502335,東京都杉並区久我山3-47-16,03-5346-5357,03-5346-5357,固定(23区),03-5346-5352,http://www.sanjyukai.jp/,平日,,,,,,,,,,,,,,
民間(営利法人)ではない: 社会福祉法人,905,杉並区,○,○,社会福祉法人,1,1,独立系,3011305000202,社会福祉法人浴風会,,,浴風会居宅介護支援事業所,1371500438,東京都杉並区高井戸西1-12-1,03-3334-2512,03-3334-2512,固定(23区),03-3334-2538,http://www.yokufuukai.or.jp/,平日,,,,,,,,,,,,,,
民間(営利法人)ではない: 社会福祉法人,906,杉並区,○,○,社会福祉法人,1,1,施設併設,1011305000187,社会福祉法人真松之会,,,和田堀ホーム指定居宅介護支援事業所,1371501113,東京都杉並区和田2-27-8,03-3316-2943,03-3316-2943,固定(23区),03-3316-2973,http://www.shinsyounokai.or.jp/,"平日,祝日",,,,,,,,,,,,,,
民間(営利法人)ではない: 不明(法人格の記載なし),908,杉並区,○,○,不明(法人格の記載なし),1,1,医療機関併設,4011305000093,野﨑クリニック,,,野﨑クリニック訪問看護ステーション,1371500354,東京都杉並区阿佐谷南3-37-13大同ビル2階,03-5335-2730,03-5335-2730,固定(23区),03-3398-6036,https://nozaki-clinic.or.jp/,平日,,,,,,,,,,,,,,
民間(営利法人)ではない: 公益法人,923,板橋区,○,○,公益法人,1,1,医療機関併設,9011405000022,公益社団法人板橋区医師会,,,板橋区医師会在宅ケアセンター,1371900083,東京都板橋区高島平2-32-2-107板橋区医師会在宅医療センター内,03-5922-5666,03-5922-5666,固定(23区),03-5922-5667,http://www.itb.tokyo.med.or.jp,"平日,土曜日",,,,,,,,,,,,,,
民間(営利法人)ではない: 公益法人,924,板橋区,○,○,公益法人,1,1,独立系,4011405001520,公益財団法人愛世会,,,加賀居宅介護支援事業所,1371901438,東京都板橋区加賀１丁目３番１号,03-5248-2784,03-5248-2784,固定(23区),03-5248-2668,http://www.silverpia-kaga.jp,平日,,,,,,,,,,,,,,
民間(営利法人)ではない: 不明(法人格の記載なし),925,板橋区,○,○,不明(法人格の記載なし),1,1,独立系,4011405000539,北野会,,,ケアプランセンターマイライフ徳丸,1371903509,東京都板橋区徳丸三丁目32番28号,03-3933-0045,03-3933-0045,固定(23区),03-3933-0082,http://kitanokai.com/,平日,,,,,,,,,,,,,,
民間(営利法人)ではない: 医療法人,929,板橋区,○,○,医療法人,1,1,独立系,2011405000136,医療法人社団つくしんぼ会,,,つくしんぼ介護保険相談室,1371900372,東京都板橋区大山西町70-102階,03-5917-6365,03-5917-6365,固定(23区),03-5917-6368,http://tsukushinbokai.com,平日,,,,,,,,,,,,,,
民間(営利法人)ではない: 医療法人,930,板橋区,○,○,医療法人,1,1,医療機関併設,5011405001197,医療法人社団叡宥会,,,医療法人社団叡宥会安田病院居宅介護支援事業所,1371912443,東京都板橋区成増1-13-6　3階,03-3939-6944,03-3939-6944,固定(23区),03-6909-2100,https://www.yasudahosp.jp,平日,,,,,,,,,,,,,,
民間(営利法人)ではない: 医療法人,935,板橋区,○,○,医療法人,1,1,独立系,6011405001378,医療法人社団経仁会,,,みなみケアプラン,1371912740,東京都板橋区幸町23-7イイダハイツ203,03-6909-4727,03-6909-4727,固定(23区),03-6909-4782,,平日,,,,,,,,,,,,,,
民間(営利法人)ではない: 医療法人,937,板橋区,○,○,医療法人,1,1,医療機関併設,3011405000151,医療法人社団英植会,,,医療法人社団英植会　木村整形外科,1371902212,東京都板橋区三園１－４７－７－2F,03-5968-5480,03-5968-5480,固定(23区),03-5968-3038,,"平日,祝日",,,,,,,,,,,,,,
民間(営利法人)ではない: 不明(法人格の記載なし),950,板橋区,○,○,不明(法人格の記載なし),1,1,独立系,4011405000191,小茂根の郷,,,こもね介護計画センター,1371900018,東京都板橋区小茂根4-11-11東京武蔵野ホーム,03-3959-7447,03-3959-7447,固定(23区),03-3959-7450,http://www.komonenosato.com,"平日,土曜日,日曜日,祝日",,,,,,,,,,,,,,
民間(営利法人)ではない: NPO,1012,板橋区,○,○,NPO,1,1,独立系,1011405000541,特定非営利活動法人生活サポートひまわり,,,特定非営利活動法人生活サポートひまわり,1371902873,東京都板橋区中板橋20-1モダビエント中板橋プラシア105号,03-6905-6246,03-6905-6246,固定(23区),03-6905-6247,https://www.heartpage.jp/itabashi/facility/20010802,"平日,土曜日",,,,,,,,,,,,,,
民間(営利法人)ではない: 社会福祉法人,1013,板橋区,○,,社会福祉法人,1,11,独立系,1110005000801,社会福祉法人　愛宕福祉会,,,居宅介護支援事業所たかしまだいら,1371910165,東京都板橋区高島平５丁目３１番８号あたごの杜高島平,03-5968-5204,03-5968-5204,固定(23区),03-3977-7111,http://atago.or.jp/,平日,,,,,,,,,,,,,,
民間(営利法人)ではない: 社会福祉法人,1014,板橋区,○,○,社会福祉法人,1,1,独立系,1011405000194,社会福祉法人みその福祉会,,,ケアタウン成増,1371902535,東京都板橋区成増4-14-18,03-3939-2300,03-3939-2300,固定(23区),03-3939-3510,http://www.misono-fukushikai.or.jp,"平日,土曜日",,,,,,,,,,,,,,
民間(営利法人)ではない: 社会福祉法人,1016,板橋区,○,○,社会福祉法人,1,1,独立系,2011405000177,社会福祉法人三共会,,,社会福祉法人三共会たつの子ライフ・サービス,1371903459,東京都板橋区常盤台3-24-1,03-3960-9058,03-3960-9058,固定(23区),03-3960-9777,,平日,,,,,,,,,,,,,,
民間(営利法人)ではない: 社会福祉法人,1017,板橋区,○,○,社会福祉法人,1,1,独立系,5011405000190,社会福祉法人不二健育会,,,舟渡居宅介護支援事業所,1371900133,東京都板橋区舟渡3-4-8,03-3969-3105,03-3969-3105,固定(23区),03-3969-3155,http://www.fujikenikukai.or.jp,"平日,土曜日,祝日",,,,,,,,,,,,,,
民間(営利法人)ではない: 社会福祉法人,1018,板橋区,○,○,社会福祉法人,1,1,独立系,2011405000193,社会福祉法人信隆会,,,若木ライフ,1371901990,東京都板橋区若木1-21-3,03-3933-4126,03-3933-4126,固定(23区),03-3933-1955,http://shinryukai.org/wakagilife/,"平日,土曜日",,,,,,,,,,,,,,
民間(営利法人)ではない: 社会福祉法人,1021,板橋区,○,○,社会福祉法人,1,1,独立系,2011405000185,社会福祉法人翠生会,,,音羽台高齢者在宅サービスセンター居宅支援,1371900190,東京都板橋区成増4-33-1,03-3939-0217,03-3939-0217,固定(23区),03-3939-0299,http://suisei-kai.jp/,"平日,土曜日",,,,,,,,,,,,,,
民間(営利法人)ではない: 不明(法人格の記載なし),1038,江戸川区,○,○,不明(法人格の記載なし),1,1,独立系,5011703002525,スマイルワンケア,,,スマイルワンケア,1372310290,東京都江戸川区中葛西4-3-14エムケー葛西1階,03-6808-2003,03-6808-2003,固定(23区),03-6808-2004,,平日,,,,,,,,,,,,,,
民間(営利法人)ではない: 一般社団・財団,1042,江戸川区,○,○,一般社団・財団,1,1,医療機関併設,2011705001156,一般社団法人江戸川区医師会,,,江戸川区医師会訪問看護ステーション,1372300929,東京都江戸川区中央4-24-14,03-3653-6405,03-3653-6405,固定(23区),03-3653-6407,http://www.edogawa-med.jp/yakan/index.html,平日,,,,,,,,,,,,,,
民間(営利法人)ではない: 医療法人,1045,江戸川区,○,○,医療法人,1,1,独立系,9011705000606,医療法人社団ゆい,,,医療法人社団ゆい　ケアプランゆい,1372308062,東京都江戸川区西小岩1-21-23ゆいビル2F,03-3671-5188,03-3671-5188,固定(23区),03-3658-5188,,平日,,,,,,,,,,,,,,
民間(営利法人)ではない: 医療法人,1046,江戸川区,○,○,医療法人,1,1,独立系,4011705000412,医療法人社団三和会,,,ジェロントピア菊華　居宅介護支援相談室,1372300861,東京都江戸川区西篠崎１丁目６番地７号,03-5666-3033,03-5666-3033,固定(23区),03-5243-7706,http://www.mitsuwakai.jp/jerontopia/homecare.html,"平日,土曜日,祝日",,,,,,,,,,,,,,
民間(営利法人)ではない: 医療法人,1047,江戸川区,○,○,医療法人,1,1,施設併設,3011705000413,医療法人社団善千会,,,老人保健施設ヴィット　介護相談部,1372300978,東京都江戸川区船堀３－１０－７,03-5696-3363,03-5696-3363,固定(23区),03-5658-0121,,"平日,土曜日",,,,,,,,,,,,,,
民間(営利法人)ではない: 医療法人,1048,江戸川区,○,○,医療法人,1,1,独立系,1011805000736,医療法人社団圭信会,,,心音居宅介護支援事業所,1372309441,東京都江戸川区平井3-10-12平井町ビル１階,03-5875-0338,03-5875-0338,固定(23区),03-5875-0339,,平日,,,,,,,,,,,,,,
民間(営利法人)ではない: 医療法人,1049,江戸川区,○,○,医療法人,1,1,独立系,2011705000364,医療法人社団希和会,,,ケアサービスひまわり,1372306629,東京都江戸川区東葛西5-1-4篠原ビル3階.B,03-6808-5013,03-6808-5013,固定(23区),03-6808-1215,http://www.kiwakai.info,平日,,,,,,,,,,,,,,
民間(営利法人)ではない: 医療法人,1050,江戸川区,○,○,医療法人,1,1,訪問看護併設,1010605001928,医療法人社団東京育明会,,,くすの木訪問看護ステーション,1372303998,東京都江戸川区平井2-24-16東京育明会ビル２階,03-5609-6162,03-5609-6162,固定(23区),03-5609-6163,http://www.ikumeikai.tokyo/kusunoki,"平日,土曜日",,,,,,,,,,,,,,
民間(営利法人)ではない: 医療法人,1051,江戸川区,○,,医療法人,1,2,施設併設,6011705000451,医療法人社団泰正会,,,老人保健施設　ビーバス成光苑,1372301018,東京都江戸川区北小岩２－７－６,03-5612-7018,03-5612-7018,固定(23区),03-3672-9003,http://www.vivaz-seikouen.com,平日,,,,,,,,,,,,,,
民間(営利法人)ではない: 医療法人,1052,江戸川区,○,○,医療法人,1,1,独立系,8011705000689,医療法人社団自靖会,,,在宅総合支援センターせせらぎ,1372302784,東京都江戸川区東小松川2丁目7番1号,03-5661-3050,03-5661-3050,固定(23区),03-5661-3051,http://jisei-kai.jp/,"平日,土曜日",,,,,,,,,,,,,,
民間(営利法人)ではない: NPO,1152,江戸川区,○,○,NPO,1,1,独立系,6011705000807,特定非営利活動法人はなみずき,,,特定非営利活動法人はなみずき,1372303949,東京都江戸川区船堀3-4-8101,03-5679-0966,03-5679-0966,固定(23区),03-5679-0968,,平日,,,,,,,,,,,,,,
民間(営利法人)ではない: 医療法人,1154,江戸川区,○,○,医療法人,1,1,独立系,5011705000477,社会医療法人社団森山医会,,,医療法人社団森山医会　森山ケアセンター　居宅介護支援事業所江戸川,1372305555,東京都江戸川区江戸川5丁目4番23,03-3689-1251,03-3689-1251,固定(23区),03-3689-1299,,"平日,土曜日",,,,,,,,,,,,,,
民間(営利法人)ではない: 社会福祉法人,1156,江戸川区,○,○,社会福祉法人,1,1,独立系,3011705000520,社会福祉法人　健修会,,,清心苑さわやか相談室　指定居宅介護支援事業所,1372300168,東京都江戸川区西一之江4-9-24,03-3655-6117,03-3655-6117,固定(23区),03-3654-7323,http://kenshukai.kir.jp/,"平日,土曜日",,,,,,,,,,,,,,
民間(営利法人)ではない: 社会福祉法人,1157,江戸川区,○,○,社会福祉法人,1,1,独立系,0117005001573,社会福祉法人　共慈会,,,虹の会ケアプラン,1372309938,東京都江戸川区南葛西7丁目２番3号,03-3686-4477,03-3686-4477,固定(23区),03-3686-4604,https://kyojikai.org,平日,,,,,,,,,,,,,,
民間(営利法人)ではない: 社会福祉法人,1158,江戸川区,○,○,社会福祉法人,1,1,独立系,2011705000579,社会福祉法人　東京清音会,,,暖心苑さわやか相談室　指定居宅介護支援事業所,1372300077,東京都江戸川区北葛西4-3-16,03-3877-0100,03-3877-0100,固定(23区),03-3877-0188,http://www.danshinen.org,"平日,土曜日",,,,,,,,,,,,,,
民間(営利法人)ではない: 社会福祉法人,1159,江戸川区,○,,社会福祉法人,1,2,施設併設,8011705000516,社会福祉法人　瑞光会,,,瑞江ホームさわやか相談室,1372300119,東京都江戸川区瑞江１丁目３番１３瑞勝ビル２階,03-3679-4152,03-3679-4152,固定(23区),03-6638-7393,http://zuikoukai.jp/,"平日,土曜日",,,,,,,,,,,,,,
民間(営利法人)ではない: 社会福祉法人,1160,江戸川区,○,○,社会福祉法人,1,1,独立系,7011705000509,社会福祉法人　生光会,,,ケアセンター長安,1372310373,東京都江戸川区篠崎町4-5-9長安寮内,03-5664-2960,03-5664-2960,固定(23区),03-5664-2962,http://www.tyouanryou.or.jp,"平日,土曜日",,,,,,,,,,,,,,
民間(営利法人)ではない: 社会福祉法人,1161,江戸川区,○,,社会福祉法人,1,4,独立系,6420005000939,社会福祉法人わとなーる,,,居宅介護支援事業所　わとなーる,1372304459,東京都江戸川区鹿骨一丁目３番８号,03-6804-8722,03-6804-8722,固定(23区),03-5664-2880,http://www.watona-ru.com,"平日,祝日",,,,,,,,,,,,,,
民間(営利法人)ではない: 社会福祉法人,1163,江戸川区,○,○,社会福祉法人,1,1,独立系,4011705000627,社会福祉法人協和会,,,居宅介護支援事業所　きく,1372309466,東京都江戸川区西篠崎1-6-7２F,03-5636-7281,03-5636-7281,固定(23区),03-5636-7282,,平日,,,,,,,,,,,,,,
民間(営利法人)ではない: 社会福祉法人,1164,江戸川区,○,○,社会福祉法人,1,1,施設併設,7011705000517,社会福祉法人厚生会,,,小岩ホームさわやか相談室,1372300051,東京都江戸川区南小岩６－２８－１２,03-5694-0111,03-5694-0111,固定(23区),03-6458-0160,https://www.koiwahome.com/,"平日,土曜日",,,,,,,,,,,,,,
民間(営利法人)ではない: 社会福祉法人,1165,江戸川区,○,○,社会福祉法人,1,1,独立系,2011705000653,社会福祉法人東京栄和会,,,なぎさ和楽苑さわやか相談室,1372301596,東京都江戸川区西葛西８－１－１,03-3675-1202,03-3675-1202,固定(23区),03-3675-1203,http://www.tokyoeiwakai.or.jp,"平日,土曜日",,,,,,,,,,,,,,
民間(営利法人)ではない: 社会福祉法人,1166,江戸川区,○,○,社会福祉法人,1,1,独立系,2011705000521,社会福祉法人江寿会,,,アゼリー江戸川　居宅介護支援事業所,1372300275,東京都江戸川区本一色2-13-25,03-5607-0489,03-5607-0489,固定(23区),03-5607-0490,http://koujukai.azalee.or.jp/facilities/index2.html,"平日,土曜日",,,,,,,,,,,,,,
民間(営利法人)ではない: 社会福祉法人,1167,江戸川区,○,,社会福祉法人,1,3,独立系,1011705000638,社会福祉法人江戸川豊生会,,,みどりの郷福楽園居宅介護支援事業所,1372301653,東京都江戸川区南葛西4-21-3,03-5659-3838,03-5659-3838,固定(23区),03-6808-3848,http://e-houseikai.or.jp/,"平日,土曜日",,,,,,,,,,,,,,
民間(営利法人)ではない: 社会福祉法人,1168,江戸川区,○,○,社会福祉法人,1,1,独立系,4011705000511,社会福祉法人江東園,,,社会福祉法人江東園江東園さわやか相談室指定居宅介護支援事業所,1372300135,東京都江戸川区東瑞江1-11-5ラ・ヴェルフルート103号室,03-5664-1801,03-5664-1801,固定(23区),03-5664-1802,http://www.kotoen.or.jp,"平日,土曜日",,,,,,,,,,,,,,
民間(営利法人)ではない: 社会福祉法人,1169,江戸川区,○,○,社会福祉法人,1,1,独立系,4011705000619,社会福祉法人白秋会,,,在宅介護支援センター　清南,1372301703,東京都江戸川区北小岩５－３４－１０,03-3673-5150,03-3673-5150,固定(23区),03-3673-6549,http://www.hakusyuu.jimusho.jp,平日,,,,,,,,,,,,,,
民間(営利法人)ではない: 社会福祉法人,1170,江戸川区,○,○,社会福祉法人,1,1,独立系,3011705001782,社会福祉法人自靖会,,,居宅介護支援事業所あい,1372311488,東京都江戸川区鹿骨4-3-13,03-6638-9900,03-6638-9900,固定(23区),03-6638-9910,https://izumi.iguchi-group.jp/,平日,,,,,,,,,,,,,,
民間(営利法人)ではない: 医療法人,1184,江東区,○,○,医療法人,1,1,独立系,8010605003661,医療法人社団オリーブ,,,オリーブ居宅介護支援事業所,1370806430,東京都江東区清澄2-11-7,03-6240-3046,03-6240-3046,固定(23区),03-6240-3034,https://hcsp.olive-care.org/,平日,,,,,,,,,,,,,,
民間(営利法人)ではない: 医療法人,1185,江東区,○,○,医療法人,1,1,独立系,8010605000485,医療法人社団清湘会,,,清湘会居宅介護支援サービス,1370803841,東京都江東区亀戸２－１７－２４,03-6683-5994,03-6683-5994,固定(23区),03-6683-5994,,"平日,土曜日",,,,,,,,,,,,,,
民間(営利法人)ではない: 公的機関,1236,江東区,○,,公的機関,1,21,医療機関併設,6040005003798,独立行政法人地域医療機能推進機構,,,東京城東病院附属居宅介護支援センター,1370800557,東京都江東区亀戸９丁目13-1,03-3637-2914,03-3637-2914,固定(23区),03-3637-2910,http://joto.jcho.go.jp/,平日,,,,,,,,,,,,,,
民間(営利法人)ではない: 医療法人,1238,江東区,○,○,医療法人,1,1,独立系,1010605000525,社会医療法人社団順江会,,,かがやきライフ居宅介護支援事業所,1370807297,東京都江東区枝川3丁目8番18号,03-3640-2111,03-3640-2111,固定(23区),03-3640-8050,https://junkoukai.com/,平日,,,,,,,,,,,,,,
民間(営利法人)ではない: 社会福祉法人,1240,江東区,○,,社会福祉法人,1,4,独立系,5120105000473,社会福祉法人こころの家族,,,ケアプランセンター故郷の家・東京,1370807180,東京都江東区塩浜1-4-48,03-3644-0555,03-3644-0555,固定(23区),03-3644-0556,https://www.kokorono.or.jp/,"平日,祝日",,,,,,,,,,,,,,
民間(営利法人)ではない: 社会福祉法人,1241,江東区,○,○,社会福祉法人,1,1,独立系,2010605000648,社会福祉法人聖救主福祉会,,,深川愛の園指定居宅介護支援事業所,1370800466,東京都江東区冬木16-7深川愛の園,03-5621-8706,03-5621-8706,固定(23区),03-5620-7375,https://seikyusyu.or.jp/,平日,,,,,,,,,,,,,,
民間(営利法人)ではない: 一般社団・財団,1248,渋谷区,○,○,一般社団・財団,1,1,独立系,9010905002494,一般社団法人東京総合福祉,,,東京総合福祉,1370304139,東京都渋谷区笹塚1-61-8823,03-6318-4220,03-6318-4220,固定(23区),03-5374-4220,,"平日,祝日",,,,,,,,,,,,,,
民間(営利法人)ではない: 一般社団・財団,1249,渋谷区,○,○,一般社団・財団,1,1,独立系,8011005001529,一般社団法人鍼灸マッサージ師会,,,介護支援センターおおぞら,1371301647,東京都渋谷区代々木2－39－7メゾン代々木201,03-3299-5273,03-3299-5273,固定(23区),03-3299-5275,http://www.hoshinren.jp,平日,,,,,,,,,,,,,,
民間(営利法人)ではない: 医療法人,1250,渋谷区,○,○,医療法人,1,1,医療機関併設,6011005000573,医療法人社団仁愛会,,,医療法人社団仁愛会　仁愛医院の居宅,1371303536,東京都渋谷区宇田川町12-3ニュー渋谷コーポラス706,０３－６４２７－８１０１,03-6427-8101,固定(23区),０３－６４２７－８７０２,,平日,,,,,,,,,,,,,,
民間(営利法人)ではない: 医療法人,1251,渋谷区,○,○,医療法人,1,1,独立系,3011005000543,医療法人財団宏寿会,,,医療法人財団宏寿会グリーンポート恵比寿居宅介護支援事業所,1371302249,東京都渋谷区恵比寿３－３６－５,03-3444-2322,03-3444-2322,固定(23区),03-3444-2388,http://green-port.dcsv.jp/,"平日,祝日",,,,,,,,,,,,,,
民間(営利法人)ではない: NPO,1280,渋谷区,○,○,NPO,1,1,独立系,7011005000894,特定非営利活動法人　渋谷介護サポートセンター,,,特定非営利活動法人　渋谷介護サポートセンター,1371300409,東京都渋谷区松涛1-1-3松涛栄光ビル4Ｆ,03-3469-4361,03-3469-4361,固定(23区),03-3469-4388,http://www.shibuyakaigo.com,"平日,土曜日",,,,,,,,,,,,,,
民間(営利法人)ではない: NPO,1281,渋谷区,○,○,NPO,1,1,独立系,6011005002669,特定非営利活動法人いのち,,,NPOいのち在宅ケアセンター,1371303510,東京都渋谷区西原1-43-2,03-5790-9895,03-5790-9895,固定(23区),03-5790-9050,www.npoinochi.org,平日,,,,,,,,,,,,,,
民間(営利法人)ではない: NPO,1282,渋谷区,○,○,NPO,1,1,独立系,5011005005722,特定非営利活動法人まごころ,,,ＮＰＯ法人　まごころ,1371303080,東京都渋谷区幡ヶ谷2-20-12シャトレー幡ヶ谷第２-102号,03-6300-6756,03-6300-6756,固定(23区),03-6300-6797,http://www.magocoro.org,平日,,,,,,,,,,,,,,
民間(営利法人)ではない: 公益法人,1298,港区,○,○,公益法人,1,1,独立系,9010405012721,公益社団法人シニア総合サポートセンター,,,ケアプランみなと,1370305060,東京都港区西新橋1-20-3虎ノ門法曹ビルB1F,03-5501-2507,03-5501-2507,固定(23区),03-5501-2509,,平日,,,,,,,,,,,,,,
民間(営利法人)ではない: 医療法人,1299,港区,○,,医療法人,1,2,独立系,6011405001683,医療法人社団勝優会,,,医療法人社団勝優会ホスピタルケア白金高輪,1370304444,東京都港区三田5-15-15,03-6277-1187,03-6277-1187,固定(23区),03-6277-0607,https://www.shoyuukai.jp/shirokane/,平日,,,,,,,,,,,,,,
民間(営利法人)ではない: 医療法人,1300,港区,○,○,医療法人,1,1,独立系,7010405001569,医療法人財団　厚生会,,,居宅介護支援事業所　麻布,1370302612,東京都港区南麻布２丁目10番21号,03-3455-8135,03-3455-8135,固定(23区),03-6435-2627,http://www.zai-kouseikai.or.jp,平日,,,,,,,,,,,,,,
民間(営利法人)ではない: 医療法人,1301,港区,○,○,医療法人,1,1,医療機関併設,6010405003450,医療法人財団南葛勤医協,,,芝診療所居宅介護支援事業所,1370304170,東京都港区新橋6-19-21芝診療所５階,03-5777-2735,03-5777-2735,固定(23区),03-5777-2770,http://shiba-hp.nankatu.or.jp/kyotaku.html,"平日,土曜日",,,,,,,,,,,,,,
民間(営利法人)ではない: 公的機関,1334,港区,○,,公的機関,1,74,訪問看護併設,3010405001696,社会福祉法人恩賜財団済生会,,,居宅介護支援事業所　済生会三田訪問看護ステーション,1370300442,東京都港区三田1-4-17東京都済生会中央病院北棟7階,03-3451-8936,03-3451-8936,固定(23区),03-3451-8703,http://www.saichu.jp/houmonkang/,平日,,,,,,,,,,,,,,
民間(営利法人)ではない: 社会福祉法人,1336,港区,○,,社会福祉法人,1,11,独立系,9110005011262,社会福祉法人長岡福祉協会,,,居宅介護支援事業所さくら川,1370302570,東京都港区新橋6-19-2,03-3433-0191,03-3433-0191,固定(23区),03-5733-0866,https://www.fukushiplazasakuragawa.com/sakura_itaku/,平日,,,,,,,,,,,,,,
民間(営利法人)ではない: 一般社団・財団,1346,目黒区,○,○,一般社団・財団,1,1,独立系,6010805002597,一般社団法人ミューチュアルアンドアソシエイツ,,,居宅介護支援事業所ミューチュアルプラス,1371005420,東京都目黒区大岡山1-37-13,03-5938-5482,03-5938-5482,固定(23区),03-6780-2054,http://www.mutual-aa.com,平日,,,,,,,,,,,,,,
民間(営利法人)ではない: 一般社団・財団,1347,目黒区,○,○,一般社団・財団,1,1,独立系,2010905003532,一般社団法人公智会,,,イエナ・ケアサプライ,1371004746,東京都目黒区中町２－３７－２５レジデンス祐天寺　１０３,03-5725-0625,03-5725-0625,固定(23区),03-5725-0626,,平日,,,,,,,,,,,,,,
民間(営利法人)ではない: 一般社団・財団,1349,目黒区,○,○,一般社団・財団,1,1,独立系,6011005006620,一般社団法人街のイスキア,,,街のイスキアケアプランセンター,1371005347,東京都目黒区中目黒５－１－１９１階,03-6303-0499,03-6303-0499,固定(23区),03-6303-4895,http://isukiatokyo.com,平日,,,,,,,,,,,,,,
民間(営利法人)ではない: 医療法人,1350,目黒区,○,○,医療法人,1,1,独立系,1011005008729,医療法人社団よるり会,,,よるりケアプランセンター中目黒,1371005529,東京都目黒区中目黒4-5-2福田ビル１階,03-5722-5561,03-5722-5561,固定(23区),03-5722-5562,http://www.megurokhome.com,平日,,,,,,,,,,,,,,
民間(営利法人)ではない: 医療法人,1351,目黒区,○,○,医療法人,1,1,医療機関併設,7013205001441,医療法人社団光晶会,,,医療法人社団光晶会武田医院ケアセンター,1371003201,東京都目黒区八雲３－５－３,０３－５７２６－１１２５,03-5726-1125,固定(23区),０３－５７２６－１１２３,http://www.takeda-mc.or.jp,平日,,,,,,,,,,,,,,
民間(営利法人)ではない: 医療法人,1353,目黒区,○,,医療法人,1,2,医療機関併設,3013205001247,医療法人社団順信会,,,医療法人社団　順信会　目黒整形外科内科　居宅介護支援センター,1371004639,東京都目黒区目黒本町6丁目1番19号キミン堂ビル103号,03-6451-0204,03-6451-0204,固定(23区),03-6451-0214,http://www.meguro-seikei.com,平日,,,,,,,,,,,,,,
民間(営利法人)ではない: 医療法人,1354,目黒区,○,○,医療法人,1,1,独立系,5013205000197,医療法人財団日扇会,,,目黒区日扇会在宅介護支援センター,1371000165,東京都目黒区中根２丁目１３－１８都立大学駅前ビル1階,03-3718-2071,03-3718-2071,固定(23区),03-3718-2106,http://www2.nissenkai.or.jp/,"平日,土曜日",,,,,,,,,,,,,,
民間(営利法人)ではない: 協同組合,1387,目黒区,○,○,協同組合,1,1,医療機関併設,3013205000273,目黒医療生活協同組合,,,ケアプラン上目黒・西小山診療所,1371000017,東京都目黒区上目黒4-4-21,03-3715-9152,03-3715-9152,固定(23区),03-5725-0371,https://www.meguro-coop.net/kamimeguro/01gairai/gairai.html,平日,,,,,,,,,,,,,,
民間(営利法人)ではない: 社会福祉法人,1388,目黒区,○,○,社会福祉法人,1,1,独立系,3013205000190,社会福祉法人　清徳会,,,清徳会　在宅介護支援センター,1371000181,東京都目黒区目黒本町4-2-1,03-3794-6780,03-3794-6780,固定(23区),03-3794-0868,http://seitoku.or.jp,"平日,土曜日,祝日",,,,,,,,,,,,,,
民間(営利法人)ではない: 社会福祉法人,1389,目黒区,○,○,社会福祉法人,1,1,独立系,8013205000194,社会福祉法人三交会,,,青葉台さくら苑在宅介護支援センター,1371000199,東京都目黒区青葉台3-21-6,03-3791-3505,03-3791-3505,固定(23区),03-3791-3504,http://www.sakuraen.or.jp,"平日,祝日",,,,,,,,,,,,,,
民間(営利法人)ではない: 社会福祉法人,1391,目黒区,○,○,社会福祉法人,1,1,独立系,9013205000185,社会福祉法人愛隣会,,,ケアプランセンターこまば,1371000678,東京都目黒区大橋2丁目19番38号氷川ホーム内　6階駒場苑,03-3466-2543,03-3466-2543,固定(23区),03-3466-2544,http://komabaen.org/,平日,,,,,,,,,,,,,,
民間(営利法人)ではない: 社会福祉法人,1392,目黒区,○,○,社会福祉法人,1,1,独立系,1010805001835,社会福祉法人桜花,,,一里,1371004845,東京都目黒区緑が丘1－14－7丸忠マンション307,03-6421-2843,03-6421-2843,固定(23区),03-6421-2847,http://www.ooka.or.jp/ichiri/index.html,平日,,,,,,,,,,,,,,
民間(営利法人)ではない: 社協,1395,目黒区,○,○,社協,1,1,社協・包括,8013205000186,社会福祉法人目黒区社会福祉協議会,,,目黒区社会福祉協議会在宅福祉サービスセンター,1371000116,東京都目黒区上目黒２－１９－１５目黒区総合庁舎　別館３階,03-5725-2887,03-5725-2887,固定(23区),03-3711-4954,http://www.meguroshakyo-i.net,平日,,,,,,,,,,,,,,
民間(営利法人)ではない: 不明(法人格の記載なし),1405,練馬区,○,○,不明(法人格の記載なし),1,1,独立系,7011601020825,グラッドケア,,,エールケアプランセンター,1372013498,東京都練馬区小竹町1－39－5,03-5946-9920,03-5946-9920,固定(23区),03-5946-9921,https://gladcare.co.jp/aile/,平日,,,,,,,,,,,,,,
民間(営利法人)ではない: 公益法人,1414,練馬区,○,○,公益法人,1,1,独立系,1011105005428,公益社団法人東京都看護協会,,,公益社団法人東京都看護協会　東京都看護協会立城北看護ステーション,1372014140,東京都練馬区北町8-37-22第5相原ビル202,03-5399-6336,03-5399-6336,固定(23区),03-5922-7744,http://houmon.tna.or.jp,平日,,,,,,,,,,,,,,
民間(営利法人)ではない: 医療法人,1417,練馬区,○,○,医療法人,1,1,医療機関併設,2011605000407,医療法人社団はなぶさ会,,,医療社団法人はなぶさ会　島村記念病院　居宅介護支援事業所,1372007128,東京都練馬区関町北２丁目4番地2号,03-3928-0076,03-3928-0076,固定(23区),03-3928-0080,http://www.shimamura-hosp.com/kyotaku/index.html,"平日,土曜日",,,,,,,,,,,,,,
民間(営利法人)ではない: 医療法人,1420,練馬区,○,○,医療法人,1,1,独立系,8011605000384,医療法人社団善仁会,,,平和台居宅介護支援事業所アバンセ,1372014421,東京都練馬区平和台1-16-12,03-5922-2300,03-5922-2300,固定(23区),03-5922-2301,http://zenjinkai.net/heiwadai,"平日,土曜日,祝日",,,,,,,,,,,,,,
民間(営利法人)ではない: 医療法人,1421,練馬区,○,○,医療法人,1,1,独立系,8011605002496,医療法人社団嘉例会,,,居宅介護支援事業所　かりゆし,1372014645,東京都練馬区大泉学園町6-19-38大泉学園ふれあいクリニック　2階,03-4214-2400,03-4214-2400,固定(23区),03-6756-9814,,平日,,,,,,,,,,,,,,
民間(営利法人)ではない: 医療法人,1422,練馬区,○,○,医療法人,1,1,独立系,4011605000314,医療法人社団川満惠光会,,,医療法人社団川満惠光会　惠光ケアサポートプランニング,1372000677,東京都練馬区東大泉6-34-47コンフォート大泉学園Ⅱ-102,03-3922-3217,03-3922-3217,固定(23区),03-5947-6638,http://www.kawamitsu-geka.com,平日,,,,,,,,,,,,,,
民間(営利法人)ではない: 医療法人,1423,練馬区,○,○,医療法人,1,1,独立系,1011605000003,医療法人社団平成会,,,ケアプランセンター土支田ののはな,1372011674,東京都練馬区土支田2-29-192階,03-3922-8850,03-3922-8850,固定(23区),03-3922-8855,,"平日,土曜日,祝日",,,,,,,,,,,,,,
民間(営利法人)ではない: 医療法人,1424,練馬区,○,○,医療法人,1,1,独立系,1011605000416,医療法人社団平真会,,,医療法人社団平真会介護支援薬師堂すみ,1372006468,東京都練馬区向山１－１４－１６1Ｆ,03-3825-7387,03-3825-7387,固定(23区),03-5987-5667,http://www.yakushido.jp/,平日,,,,,,,,,,,,,,
民間(営利法人)ではない: 医療法人,1425,練馬区,○,○,医療法人,1,1,独立系,8021005005396,医療法人社団星の砂,,,居宅介護支援事業所　星の砂,1372015048,東京都練馬区大泉町3丁目2-17エステート大泉町2階,03-5933-3133,03-5933-3133,固定(23区),03-6904-4866,http://www.nerimanishi-clinic.com/,平日,,,,,,,,,,,,,,
民間(営利法人)ではない: 医療法人,1426,練馬区,○,○,医療法人,1,1,独立系,4011605000363,医療法人社団真成会,,,介護センターひまわり,1372000057,東京都練馬区豊玉上1-19-8メゾン清和1階,03-5999-1700,03-5999-1700,固定(23区),03-5999-1701,http://www.shinseikai-cc.jp/,平日,,,,,,,,,,,,,,
民間(営利法人)ではない: 医療法人,1427,練馬区,○,○,医療法人,1,1,独立系,5011605000370,医療法人社団翔洋会,,,ふきのとう居宅介護支援事業所,1372000164,東京都練馬区大泉学園町8-24-25,03-3924-2693,03-3924-2693,固定(23区),03-3924-2236,http://www.shoyokai.net/,"平日,土曜日",,,,,,,,,,,,,,
民間(営利法人)ではない: 医療法人,1428,練馬区,○,○,医療法人,1,1,独立系,5011605001443,医療法人社団錦祥会,,,医療法人社団錦祥会　居宅介護支援事業所　ほーぷ,1372009785,東京都練馬区錦1-14-20２階,０３－６２８１－０７３１,03-6281-0731,固定(23区),０３－５９２０－１０４７,http://www.nishiki-clinic.com,平日,,,,,,,,,,,,,,
民間(営利法人)ではない: NPO,1539,練馬区,○,○,NPO,1,1,独立系,2011605001215,特定非営利活動法人　柏の友,,,柏の友居宅介護支援事業所,1372004679,東京都練馬区貫井３－５－６ドンズビル３０２,03-3926-8261,03-3926-8261,固定(23区),03-3926-8262,,平日,,,,,,,,,,,,,,
民間(営利法人)ではない: NPO,1540,練馬区,○,○,NPO,1,1,独立系,2011605000225,特定非営利活動法人むすび,,,ＮＰＯむすび,1372006682,東京都練馬区光が丘3-9-3外階段２階,03-6904-3275,03-6904-3275,固定(23区),03-6904-3276,http://musubi-tasukeai.jimdo.com/,平日,,,,,,,,,,,,,,
民間(営利法人)ではない: NPO,1541,練馬区,○,○,NPO,1,1,独立系,6011605002300,特定非営利活動法人三義,,,あかねいろケアプラン成作所,1372013241,東京都練馬区豊玉北3-13-2継成ビル202号室,03-6914-9243,03-6914-9243,固定(23区),03-6914-9273,なし,平日,,,,,,,,,,,,,,
民間(営利法人)ではない: 社会福祉法人,1545,練馬区,○,○,社会福祉法人,1,1,独立系,6011605000469,社会福祉法人キングス・ガーデン東京,,,居宅介護支援練馬キングス・ガーデン,1372000214,東京都練馬区早宮2-10-22,03-5399-5317,03-5399-5317,固定(23区),03-5399-5220,http://www.kg-tokyo.or.jp,"平日,土曜日",,,,,,,,,,,,,,
民間(営利法人)ではない: 社会福祉法人,1547,練馬区,○,○,社会福祉法人,1,1,独立系,7010005001036,社会福祉法人東京福祉会,,,練馬高松園居宅介護支援事業所,1372001584,東京都練馬区高松２丁目９番３号,03-3926-8030,03-3926-8030,固定(23区),03-3926-7872,http://www.tfk.or.jp/,"平日,土曜日,祝日",,,,,,,,,,,,,,
民間(営利法人)ではない: NPO,1565,練馬区,○,○,NPO,1,1,独立系,5011605000222,ＮＰＯ法人アクト練馬たすけあいワーカーズエプロン,,,ケアプラン　エプロン,1372009280,東京都練馬区石神井町8-53-24,03-6915-9306,03-6915-9306,固定(23区),03-6915-9307,https://npo-epuron.org/,平日,,,,,,,,,,,,,,
民間(営利法人)ではない: 一般社団・財団,1571,荒川区,○,○,一般社団・財団,1,1,独立系,4011505001899,一般社団法人空と花,,,一般社団法人　空と花ケアマネステーション　日本財団在宅看護センター,1371804525,東京都荒川区町屋4-4-10野本ビル101,03-6806-6907,03-6806-6907,固定(23区),03-6806-6917,http://skyhana.jimdofree.com,平日,,,,,,,,,,,,,,
民間(営利法人)ではない: 一般社団・財団,1572,荒川区,○,○,一般社団・財団,1,1,医療機関併設,1011505000458,一般社団法人荒川区医師会,,,荒川区医師会ケアプランセンター,1371800226,東京都荒川区西日暮里６－５－３,03-3893-5533,03-3893-5533,固定(23区),03-3810-4768・,http://www.ark.tokyo.med.or.jp,平日,,,,,,,,,,,,,,
民間(営利法人)ではない: 医療法人,1573,荒川区,○,○,医療法人,1,1,医療機関併設,9011505000582,医療法人社団杏精会岡田病院,,,医療法人社団杏精会岡田病院居宅介護支援事業所,1371804780,東京都荒川区荒川5-3-1,03-5615-3637,03-5615-3637,固定(23区),03-5615-3620,https://okada.or.jp/,平日,,,,,,,,,,,,,,
民間(営利法人)ではない: 医療法人,1575,荒川区,○,○,医療法人,1,1,医療機関併設,8011505000591,医療法人社団関川会,,,医療法人社団関川会関川病院居宅介護支援事業所,1371800689,東京都荒川区西日暮里1丁目4番1号,03-3803-5154,03-3803-5154,固定(23区),03-3806-6808,http://www.sekikawa.or.jp,平日,,,,,,,,,,,,,,
民間(営利法人)ではない: 医療法人,1576,荒川区,○,○,医療法人,1,1,医療機関併設,1011505000557,医療法人財団源会,,,磯医院居宅介護支援センター,1371802404,東京都荒川区南千住５丁目９番１号,03-6426-2121,03-6426-2121,固定(23区),03-5615-2761,http://iso-hp.or.jp/,"平日,土曜日",,,,,,,,,,,,,,
民間(営利法人)ではない: 医療法人,1577,荒川区,○,○,医療法人,1,1,独立系,5011505000974,医療法人財団竹栄会,,,医療法人財団　　竹栄会　けんちの苑すみだ川指定居宅介護支援事業所,1371802727,東京都荒川区南千住3-8-11-1階1階,03-3891-7591,03-3891-7591,固定(23区),03-3891-7593,http://www.chikueikai.or.jp,"平日,土曜日,祝日",,,,,,,,,,,,,,
民間(営利法人)ではない: NPO,1599,荒川区,○,○,NPO,1,1,独立系,7011505001087,特定非営利活動法人　すこやか,,,特定非営利活動法人　荒川すこやかネットワーク,1371801810,東京都荒川区東日暮里2-21-1サンウッドヤマシタ101,03-3807-6045,03-3807-6045,固定(23区),03-3807-6049,http://www.sukoyaka.server-shared.com/,平日,,,,,,,,,,,,,,
民間(営利法人)ではない: NPO,1600,荒川区,○,○,NPO,1,1,独立系,4011505001032,特定非営利活動法人寿さん家,,,ＮＰＯ法人　寿さん家,1371801604,東京都荒川区南千住5-1-6,03-5604-0613,03-5604-0613,固定(23区),03-3806-8651,,平日,,,,,,,,,,,,,,
民間(営利法人)ではない: 医療法人,1601,荒川区,○,○,医療法人,1,1,訪問看護併設,8011505000559,社会医療法人社団一成会,,,社会医療法人社団一成会　訪問看護ステーションみどり,1371800036,東京都荒川区町屋４－１－１６,03-3892-0106,03-3892-0106,固定(23区),03-3892-0187,http://www.kimura-hp.or.jp/,"平日,土曜日",,,,,,,,,,,,,,
民間(営利法人)ではない: 社会福祉法人,1605,荒川区,○,,社会福祉法人,1,8,独立系,5050005000531,社会福祉法人北養会,,,指定居宅介護支援事業所さくら館,1371801539,東京都荒川区町屋７－１０－６,03-3894-3566,03-3894-3566,固定(23区),03-3894-3562,http://www.hokusuikai.or.jp,"平日,土曜日",,,,,,,,,,,,,,
民間(営利法人)ではない: 一般社団・財団,1622,葛飾区,○,○,一般社団・財団,1,1,医療機関併設,3011805002177,一般社団法人　葛飾区医師会,,,葛飾区医師会指定居宅介護支援事業所,1372200079,東京都葛飾区立石６－８－１４パークアベニュー１階,03-5670-8100,03-5670-8100,固定(23区),03-5670-8101,http://www.katsushika-med.or.jp/home.html,平日,,,,,,,,,,,,,,
民間(営利法人)ではない: 医療法人,1626,葛飾区,○,○,医療法人,1,1,独立系,1011805001593,医療法人社団　直和会,,,立石介護支援センター　ペンギン,1372207488,東京都葛飾区立石5-9-26ケアガーデンＩＳＨＩＤＡ１階,03-6657-7883,03-6657-7883,固定(23区),03-6657-7892,http://www.heisei-tateishi.net/,平日,,,,,,,,,,,,,,
民間(営利法人)ではない: 医療法人,1627,葛飾区,○,○,医療法人,1,1,医療機関併設,5011805002407,医療法人社団　靖元会,,,新小岩わたなべクリニック居宅介護支援事業所,1372206837,東京都葛飾区新小岩4-12-52階,03-5678-6271,03-5678-6271,固定(23区),03-5678-6272,http://www.seigen-kai.com//,"平日,土曜日",,,,,,,,,,,,,,
民間(営利法人)ではない: 医療法人,1628,葛飾区,○,,医療法人,1,15,独立系,8030005010463,医療法人社団協友会,,,指定居宅介護支援事業所　リハビリケアかつしか,1372205763,東京都葛飾区西新小岩３－３７－８,03－3694－8320,03-3694-8320,固定(23区),03－3694－8332,https://rc-katsushika.jp/,平日,,,,,,,,,,,,,,
民間(営利法人)ではない: 医療法人,1629,葛飾区,○,○,医療法人,1,1,医療機関併設,6011805000756,医療法人社団厚生会,,,医療法人社団　厚生会　栗原医院,1372201275,東京都葛飾区新小岩3-8-1モンシェール103,03-5661-1649,03-5661-1649,固定(23区),03-6424-5951,,"平日,祝日",,,,,,,,,,,,,,
民間(営利法人)ではない: 医療法人,1632,葛飾区,○,○,医療法人,1,1,独立系,5011805000831,医療法人社団玲瓏会,,,金町中央居宅介護支援事業所,1372208262,東京都葛飾区金町1-9-1,03-3607-2217,03-3607-2217,固定(23区),03-6311-7448,http://www.reiroukai.or.jp/,"平日,土曜日",,,,,,,,,,,,,,
民間(営利法人)ではない: 医療法人,1634,葛飾区,○,○,医療法人,1,1,独立系,6011805002117,医療法人社団ＭＸＰＧ,,,医療法人社団MXPG　SILVERSUPPORTGARDENSもみの木,1372206092,東京都葛飾区細田4-18-7ジュネス細田101号室,03-5612-6333,03-5612-6333,固定(23区),03-5612-6332,https://www.mxpg.jp/,平日,,,,,,,,,,,,,,
民間(営利法人)ではない: 医療法人,1635,葛飾区,○,○,医療法人,1,1,医療機関併設,5011805000773,医療法人財団慈光会,,,医療法人財団慈光会堀切中央病院,1372200582,東京都葛飾区堀切７丁目４番４号,03-5629-2235,03-5629-2235,固定(23区),03-5629-2220,http://www.horikiri-ch.or.jp/,"平日,土曜日",,,,,,,,,,,,,,
民間(営利法人)ではない: 不明(法人格の記載なし),1636,葛飾区,○,○,不明(法人格の記載なし),1,1,独立系,5011805000914,厚生福祉会,,,東四つ木介護サポートセンター,1372202315,東京都葛飾区東四つ木４－４４－２－１０１,03-5670-3533,03-5670-3533,固定(23区),03-5670-3720,http://www.higashiyotsugi.net/index.html,"平日,土曜日",,,,,,,,,,,,,,
民間(営利法人)ではない: 協同組合,1672,葛飾区,○,○,協同組合,1,1,独立系,6011805001242,東京葛飾医療生活協同組合,,,居宅介護支援事業所「ほりきり」,1372200327,東京都葛飾区白鳥2-3-6,03-3690-2080,03-3690-2080,固定(23区),03-3690-7225,https://www.katsuseikyo.or.jp,平日,,,,,,,,,,,,,,
民間(営利法人)ではない: NPO,1738,葛飾区,○,○,NPO,1,1,独立系,2030005016350,特定非営利活動法人百花,,,結衣居宅,1372208403,東京都葛飾区水元2-9-15ハイツ田中Ⅱ105,03-5876-3520,03-5876-3520,固定(23区),03-5876-3521,,平日,,,,,,,,,,,,,,
民間(営利法人)ではない: 社会福祉法人,1741,葛飾区,○,○,社会福祉法人,1,1,独立系,8011805002346,社会福祉法人アストリー,,,アンブル宝町ケアサポートセンター,1372207009,東京都葛飾区宝町1-2-9,03-5654-8883,03-5654-8883,固定(23区),03-5654-8881,http://astory.jp,平日,,,,,,,,,,,,,,
民間(営利法人)ではない: 社会福祉法人,1746,葛飾区,○,○,社会福祉法人,1,1,独立系,2010605000631,社会福祉法人東京愛育苑,,,東京愛育苑居宅介護支援センター,1372203552,東京都葛飾区水元3-13-2,03-5660-3437,03-5660-3437,固定(23区),03-5660-3492,http://www.aiikuen-gr.com/,平日,,,,,,,,,,,,,,
民間(営利法人)ではない: 社会福祉法人,1747,葛飾区,○,○,社会福祉法人,1,1,独立系,2010105000297,社会福祉法人武蔵野会,,,居宅介護支援事業所　あやめ,1372201655,東京都葛飾区西水元二丁目２－８,03-3826-2956,03-3826-2956,固定(23区),03-3826-2957,http://care-net.biz/13/ayama/,平日,,,,,,,,,,,,,,
民間(営利法人)ではない: 社会福祉法人,1748,葛飾区,○,○,社会福祉法人,1,1,独立系,9011805000919,社会福祉法人清遊の家,,,すずうら指定居宅介護支援事業所,1372202299,東京都葛飾区西新小岩　3-37-27,03-5670-3696,03-5670-3696,固定(23区),03-5670-3772,http://www.seiyunoie.or.jp/,"平日,土曜日",,,,,,,,,,,,,,
民間(営利法人)ではない: 医療法人,1761,豊島区,○,○,医療法人,1,1,独立系,5013305000295,医療法人社団仁泉会,,,としま居宅介護支援事業所,1371600683,東京都豊島区南長崎5-26-2,03-5982-8381,03-5982-8381,固定(23区),03-6908-3076,http://toshimashowa.or.jp,平日,,,,,,,,,,,,,,
民間(営利法人)ではない: 医療法人,1762,豊島区,○,○,医療法人,1,1,医療機関併設,5013305001351,医療法人社団育生會,,,山口医院居宅介護支援事業所,1371605179,東京都豊島区西巣鴨　１－１９－１７,０３－５９０７－３８６３,03-5907-3863,固定(23区),０３－６９０３－７８１２,http://www.yamaguchi-hp.com,"平日,祝日",,,,,,,,,,,,,,
民間(営利法人)ではない: NPO,1804,豊島区,○,○,NPO,1,1,独立系,2013305000942,特定非営利活動法人やすらぎ,,,やすら木,1371601970,東京都豊島区雑司が谷２－２２－１８１Ｆ,03-5952-7500,03-5952-7500,固定(23区),03-5952-7502,https://yasuragi.lolipop.jp/,平日,,,,,,,,,,,,,,
民間(営利法人)ではない: NPO,1805,豊島区,○,○,NPO,1,1,独立系,8013305001290,特定非営利活動法人ケアプランゆたか,,,特定非営利活動法人ケアプランゆたか,1371603364,東京都豊島区目白4-31-3,03-6682-4689,03-6682-4689,固定(23区),03-6682-4742,,平日,,,,,,,,,,,,,,
民間(営利法人)ではない: 社会福祉法人,1807,豊島区,○,○,社会福祉法人,1,1,独立系,2013305000744,社会福祉法人地球郷,,,ゆきわりそう介護保険相談室,1371602259,東京都豊島区南長崎６丁目１９番地５号ゆきわりそう1F,03-3950-3852,03-3950-3852,固定(23区),03-3950-3841,http://www.yukiwari.org,平日,,,,,,,,,,,,,,
民間(営利法人)ではない: 社会福祉法人,1810,豊島区,○,,社会福祉法人,1,2,独立系,2140005006588,社会福祉法人桑の実園福祉会,,,東池袋桑の実園　居宅介護支援事業所,1371606011,東京都豊島区東池袋５丁目３９番１８号特別養護老人ホーム東池袋桑の実園,03-5928-3002,03-5928-3002,固定(23区),03-5928-3004,https://www.kuwanomien.jp/,"平日,土曜日,祝日",,,,,,,,,,,,,,
民間(営利法人)ではない: 社会福祉法人,1822,足立区,○,,社会福祉法人,1,9,独立系,7230005007201,シャカイフクシホウジン　イミズマンヨウカイ,,,万葉居宅介護支援事業所,1372112282,東京都足立区六月2丁目11番20号,03-5856-4377,03-5856-4377,固定(23区),03-5856-4378,http://www.adachimanyouen.jp,"平日,祝日",,,,,,,,,,,,,,
民間(営利法人)ではない: 一般社団・財団,1830,足立区,○,○,一般社団・財団,1,1,独立系,6011805000021,一般財団法人博慈会,,,博慈会居宅介護支援事業所,1372101285,東京都足立区鹿浜５丁目１３番７号,03-3856-7511,03-3856-7511,固定(23区),03-5839-3568,http://www.hakujikai.or.jp,"平日,土曜日",,,,,,,,,,,,,,
民間(営利法人)ではない: 医療法人,1834,足立区,○,○,医療法人,1,1,独立系,4011805000584,医療法人社団あすは会,,,東伊興指定居宅介護支援事業所,1372100519,東京都足立区東伊興三丁目20番7号,03-5837-5540,03-5837-5540,固定(23区),03-5837-5541,http://www7b.biglobe.ne.jp/~asuha/,"平日,土曜日",,,,,,,,,,,,,,
民間(営利法人)ではない: 医療法人,1837,足立区,○,○,医療法人,1,1,独立系,9011105000818,医療法人社団六扇会,,,医療法人社団六扇会居宅介護支援ステーション,1372110518,東京都足立区扇１－３０－１３,０３－５８３８－０８８０,03-5838-0880,固定(23区),０３－５８３８－０８８３,https://rokusenkai.jp/,"平日,祝日",,,,,,,,,,,,,,
民間(営利法人)ではない: 医療法人,1838,足立区,○,○,医療法人,1,1,医療機関併設,8011805000622,医療法人社団宏心会,,,六ツ木診療所居宅介護支援事業所,1372100279,東京都足立区佐野2-32-11,03-5613-8666,03-5613-8666,固定(23区),03-5613-8667,http://mutsugi.webmedipr.jp/,"平日,土曜日",,,,,,,,,,,,,,
民間(営利法人)ではない: 医療法人,1839,足立区,○,○,医療法人,1,1,独立系,2011805000693,医療法人社団容生会,,,医療法人社団　容生会　ケアマネジメントオアシス,1372100162,東京都足立区保木間1丁目37番20号ほきまクリニック5階,03-5242-7661,03-5242-7661,固定(23区),03-5242-7662,https://www.yosei.or.jp/nursing-care/oasis,"平日,土曜日",,,,,,,,,,,,,,
民間(営利法人)ではない: 医療法人,1840,足立区,○,○,医療法人,1,1,医療機関併設,1011805000661,医療法人社団成仁,,,医療法人社団　成仁医院,1372100451,東京都足立区中川4-2-14,050-3734-5294,050-3734-5294,IP電話,03-3605-9092,http://www.seijin.org/,"平日,土曜日",,,,,,,,,,,,,,
民間(営利法人)ではない: 医療法人,1841,足立区,○,○,医療法人,1,1,独立系,9011805001297,医療法人社団東京朝日会,,,医療法人社団東京朝日会　居宅介護支援事業所あさひ,1372107159,東京都足立区平野　１－２－３あさひ病院,03-5242-5837,03-5242-5837,固定(23区),03-5242-5826,http://www.tokyo-asahi.or.jp,"平日,土曜日",,,,,,,,,,,,,,
民間(営利法人)ではない: 医療法人,1842,足立区,○,○,医療法人,1,1,訪問看護併設,5011805001904,医療法人社団東京東双泉会,,,かのん訪問看護ステーション居宅介護支援事業所,1372109379,東京都足立区綾瀬5-14-16金子ビル302,03-5613-1199,03-5613-1199,固定(23区),03-3628-1771,https://sosenkai-east.or.jp,平日,,,,,,,,,,,,,,
民間(営利法人)ではない: 医療法人,1843,足立区,○,○,医療法人,1,1,独立系,9011805000654,医療法人社団眞仁会,,,医療法人社団眞仁会　青井在宅介護支援事業所,1372103380,東京都足立区青井4-29-23,03-5888-8665,03-5888-8665,固定(23区),03-5888-8664,https://v0-aoikyotaku-shinjinkai-lp.vercel.app/,平日,,,,,,,,,,,,,,
民間(営利法人)ではない: 医療法人,1846,足立区,○,,医療法人,1,2,独立系,1011805000579,医療法人社団苑田会,,,そのだ居宅介護支援事業所,1372110351,東京都足立区保木間四丁目１５番１６号,０３－３８８５－０４０５,03-3885-0405,固定(23区),０３－５８３１－０４２２,,"平日,土曜日,祝日",,,,,,,,,,,,,,
民間(営利法人)ではない: 医療法人,1848,足立区,○,○,医療法人,1,1,独立系,1013305000299,医療法人財団厚生協会,,,指定居宅介護支援事業者保木間,1372100113,東京都足立区保木間5-23-20,03-3859-8701,03-3859-8701,固定(23区),03-3859-8711,http://homepage1.nifty.com/TAG/,"平日,土曜日",,,,,,,,,,,,,,
民間(営利法人)ではない: 社会福祉法人,1881,足立区,○,,社会福祉法人,1,2,独立系,8080005004907,杉の子,,,居宅介護支援センター　中央本町,1372102283,東京都足立区中央本町4－14－20,03-3880-0008,03-3880-0008,固定(23区),03-3886-1600,http://s-suginoko.or.jp/,"平日,土曜日",,,,,,,,,,,,,,
民間(営利法人)ではない: 医療法人,1968,足立区,○,○,医療法人,1,1,独立系,1011805000645,特定医療法人社団潤恵会,,,特定医療法人社団潤恵会　ひのき居宅介護支援センター,1372102895,東京都足立区新田２－１６－１３,03-5902-3323,03-5902-3323,固定(23区),03-5902-3124,http://www.keijin-hospital.or.jp/,"平日,土曜日",,,,,,,,,,,,,,
民間(営利法人)ではない: NPO,1969,足立区,○,○,NPO,1,1,独立系,8011805001629,特定非営利活動法人かなえ,,,宅ろう所ひらの,1372105195,東京都足立区平野1-23-4寺山ハイツ101,03-5831-6881,03-5831-6881,固定(23区),03-5831-6882,http://www.takurousho-hirano.jp,平日,,,,,,,,,,,,,,
民間(営利法人)ではない: NPO,1970,足立区,○,○,NPO,1,1,独立系,5030005012735,特定非営利活動法人ケアたつ,,,二ツ橋ケアプランサービス,1372114627,東京都足立区舎人4-1-17グリーンパーク二ツ橋101,03-5647-8914,03-5647-8914,固定(23区),03-5647-8915,,平日,,,,,,,,,,,,,,
民間(営利法人)ではない: NPO,1971,足立区,○,○,NPO,1,1,独立系,7011805001646,特定非営利活動法人ケアサポーター・もやい,,,もやい綾瀬,1372111177,東京都足立区綾瀬３丁目17-25藤和綾瀬コープ106号,03-5697-8322,03-5697-8322,固定(23区),03-5697-8320,,平日,,,,,,,,,,,,,,
民間(営利法人)ではない: NPO,1972,足立区,○,○,NPO,1,1,独立系,5011805001838,特定非営利活動法人ライフサポートいぶき,,,ＮＰＯ法人ライフサポートいぶき　居宅介護支援事業所,1372106789,東京都足立区六月３－１－５清和マンション,03-5831-0103,03-5831-0103,固定(23区),03-5831-0048,http://www.ibuki-kaigo.or.jp/,平日,,,,,,,,,,,,,,
民間(営利法人)ではない: 協同組合,1973,足立区,○,○,協同組合,1,1,独立系,5013305000626,生活協同組合・東京高齢協,,,東京高齢協のぞみ,1372100154,東京都足立区谷中４－１３－１１南勢堂ビル１階,03-5856-0886,03-5856-0886,固定(23区),03-5888-6997,,"平日,祝日",,,,,,,,,,,,,,
民間(営利法人)ではない: 医療法人,1974,足立区,○,○,医療法人,1,1,独立系,7011805000648,社会医療法人社団　昭愛会,,,水野指定居宅介護支援事業所,1372100469,東京都足立区西新井6－２４－１６水野第２リハビリテーションクリニック　３階,03-3898-8866,03-3898-8866,固定(23区),03-3898-8868,http://www.mizuno.or.jp/,"平日,土曜日",,,,,,,,,,,,,,
民間(営利法人)ではない: 医療法人,1975,足立区,○,○,医療法人,1,1,独立系,5011805000583,社会医療法人社団医善会,,,社会医療法人社団医善会　いずみ居宅介護支援,1372105294,東京都足立区本木1-3-7いずみ記念病院内,03-5888-2124,03-5888-2124,固定(23区),03-5888-2135,http://www.izumikinen.or.jp,"平日,土曜日",,,,,,,,,,,,,,
民間(営利法人)ではない: 医療法人,1976,足立区,○,○,医療法人,1,1,独立系,5011805000641,社会医療法人社団慈生会,,,居宅介護支援事業所　等潤,1372100063,東京都足立区一ツ家4-2-15,03-3850-0361,03-3850-0361,固定(23区),03-3850-0313,https://www.jiseikai-phcc.jp.care,"平日,土曜日",,,,,,,,,,,,,,
民間(営利法人)ではない: 社会福祉法人,1977,足立区,○,,社会福祉法人,1,2,施設併設,3011805000874,社会福祉法人　友興会,,,居宅介護支援事業所　友興の園,1372101012,東京都足立区西新井本町4－13－16,03-3890-0430,03-3890-0430,固定(23区),03-3890-0453,https://yukokai.or.jp/gracehome/,"平日,土曜日,祝日",,,,,,,,,,,,,,
民間(営利法人)ではない: 社会福祉法人,1983,足立区,○,○,社会福祉法人,1,1,施設併設,9030005012483,社会福祉法人孝慈会,,,居宅介護支援事業所　古千谷苑,1372114932,東京都足立区古千谷本町1-3-19,03-3856-7257,03-3856-7257,固定(23区),03-3897-7237,https://kojikai.org/,平日,,,,,,,,,,,,,,
民間(営利法人)ではない: 社会福祉法人,1984,足立区,○,○,社会福祉法人,1,1,独立系,8011805000894,社会福祉法人愛寿会,,,あいじゅケアプランセンター,1372100915,東京都足立区西綾瀬３－２－１,03-5681-7680,03-5681-7680,固定(23区),03-6678-1903,http://www.aijukai.com/,"平日,土曜日",,,,,,,,,,,,,,
民間(営利法人)ではない: 社会福祉法人,1985,足立区,○,,社会福祉法人,1,6,独立系,6480005002376,社会福祉法人愛心会,,,居宅介護支援事業所ロイヤル足立,1372114643,東京都足立区舎人3丁目１－１９,03-6807-1435,03-6807-1435,固定(23区),03-6807-1436,,"平日,土曜日",,,,,,,,,,,,,,
民間(営利法人)ではない: 社会福祉法人,1986,足立区,○,,社会福祉法人,1,2,独立系,9240005011381,社会福祉法人新生福祉会,,,新田楽生苑居宅介護支援事業所,1372113884,東京都足立区新田1-21-20,03-6903-0309,03-6903-0309,固定(23区),03-6903-0310,https://rakusei.or.jp/,"平日,祝日",,,,,,,,,,,,,,
民間(営利法人)ではない: 社会福祉法人,1989,足立区,○,,社会福祉法人,1,3,独立系,4011805001574,社会福祉法人白寿会,,,プレミア扇居宅介護支援事業所,1372105336,東京都足立区扇1-3-5,03-3890-3405,03-3890-3405,固定(23区),03-3890-3393,http://100.or.jp,"平日,土曜日,祝日",,,,,,,,,,,,,,
民間(営利法人)ではない: 社会福祉法人,1992,足立区,○,○,社会福祉法人,1,1,独立系,2011805001444,社会福祉法人西新井だいわ会,,,居宅介護支援事業所ふれあい西新井,1372103406,東京都足立区西新井２－５－５,03-5838-1386,03-5838-1386,固定(23区),03-5838-1387,http://www.nishiaraidaiwakai.or.jp,"平日,土曜日",,,,,,,,,,,,,,
民間(営利法人)ではない: 社会福祉法人,1993,足立区,○,○,社会福祉法人,1,1,独立系,3011805000899,社会福祉法人足立邦栄会,,,デイサービスセンターさくら居宅介護支援事業所,1372101889,東京都足立区皿沼二丁目８番８号,03-5691-7055,03-5691-7055,固定(23区),03-5691-8147,https://www.houeikai.gr.jp,"平日,祝日",,,,,,,,,,,,,,
民間(営利法人)ではない: 社会福祉法人,1994,足立区,○,○,社会福祉法人,1,1,独立系,1013105001308,社会福祉法人道心会,,,あだちまちの相談室,1372114197,東京都足立区古千谷本町1-7-20OMレジデンス古千谷本町,050-3613-5892,050-3613-5892,IP電話,03-4333-9916,https://adachi.tokuyou.jp/,平日,,,,,,,,,,,,,,
民間(営利法人)ではない: 一般社団・財団,2002,あきる野市,○,○,一般社団・財団,1,1,独立系,8013105001697,一般社団法人こーゆうネットワーク,,,こーゆうケアネット,1375200829,東京都あきる野市雨間325番地岡野ビル202号,042-518-7736,042-518-7736,固定(多摩等),042-518-7737,https://koyunetwork.com/,平日,,,,,,,,,,,,,,
民間(営利法人)ではない: 医療法人,2003,あきる野市,○,○,医療法人,1,1,医療機関併設,1013105000813,医療法人社団　豊信会,,,草花クリニック訪問看護ステーション,1375200340,東京都あきる野市草花27221階,042-532-3233,042-532-3233,固定(多摩等),042-532-3787,http://www.kusabanaclinic.jp,平日,,,,,,,,,,,,,,
民間(営利法人)ではない: 医療法人,2004,あきる野市,○,○,医療法人,1,1,訪問看護併設,5013105000280,医療法人社団秀仁会,,,医療法人社団　秀仁会　訪問看護ステーションさくら,1374900247,東京都あきる野市瀬戸岡433-1,042-511-2896,042-511-2896,固定(多摩等),042-532-7128,http://居宅介護支援さくら.jp,平日,,,,,,,,,,,,,,
民間(営利法人)ではない: 医療法人,2005,あきる野市,○,○,医療法人,1,1,医療機関併設,1013105000350,医療法人財団暁,,,あきる台病院指定居宅介護支援事業所,1375200654,東京都あきる野市秋川5丁目1番地8あきる台在宅医療福祉センター　2階,042-550-7026,042-550-7026,固定(多摩等),042-550-6107,,"平日,祝日",,,,,,,,,,,,,,
民間(営利法人)ではない: 社協,2011,あきる野市,○,○,社協,1,1,社協・包括,3013105000051,社会福祉法人　あきる野市社会福祉協議会,,,あきる野市社協ケアセンター,1374900205,東京都あきる野市平沢175-4秋川ふれあいセンター内,042-595-9036,042-595-9036,固定(多摩等),042-559-3561,http://www.akiruno-shakyo.or.jp/,平日,,,,,,,,,,,,,,
民間(営利法人)ではない: 社会福祉法人,2012,あきる野市,○,○,社会福祉法人,1,1,独立系,3013105000019,社会福祉法人　松楓会,,,松楓会あきる野指定居宅介護支援事業所,1374900395,東京都あきる野市菅生1159,042-558-7012,042-558-7012,固定(多摩等),042-558-6581,http://www.pinemaple.or.jp,平日,,,,,,,,,,,,,,
民間(営利法人)ではない: 社会福祉法人,2013,あきる野市,○,○,社会福祉法人,1,1,独立系,4013105000050,社会福祉法人　渓流会,,,草花ケアサポート,1374900478,東京都あきる野市草花１９８０番地,042-559-8131,042-559-8131,固定(多摩等),042-559-8173,http://www.keiryu.or.jp/,"平日,祝日",,,,,,,,,,,,,,
民間(営利法人)ではない: 医療法人,2019,三鷹市,○,○,医療法人,1,1,独立系,2012405001719,医療法人社団佳仁会,,,ケアプランみずほ,1373600731,東京都三鷹市新川４－２５－１８,0422-46-8811,0422-46-8811,固定(多摩等),0422-46-0055,http://www.keijin-kai.or.jp/,平日,,,,,,,,,,,,,,
民間(営利法人)ではない: 医療法人,2020,三鷹市,○,○,医療法人,1,1,独立系,5010105000187,医療法人社団充会,,,居宅介護支援事業所　太郎,1373600558,東京都三鷹市下連雀4-2-8,0422-76-6077,0422-76-6077,固定(多摩等),0422-76-6088,,"平日,土曜日,祝日",,,,,,,,,,,,,,
民間(営利法人)ではない: 医療法人,2021,三鷹市,○,,医療法人,1,2,独立系,3010805001503,医療法人社団向生會,,,ぴあメディカルケアプラン,1373603255,東京都三鷹市下連雀3-43-21藤和三鷹ホームズ203,0422-29-8830,0422-29-8830,固定(多摩等),0422-29-8228,https://www.peerhomonclinic.or.jp/,平日,,,,,,,,,,,,,,
民間(営利法人)ではない: 医療法人,2022,三鷹市,○,○,医療法人,1,1,独立系,3012405001453,医療法人社団永寿会,,,医療法人社団永寿会三鷹中央リハケア居宅介護支援事業所,1373601069,東京都三鷹市下連雀9-2-7,0422-70-1066,0422-70-1066,固定(多摩等),0422-70-0701,http://rehacare.webmedipr.jp/contents/kyotaku.html,平日,,,,,,,,,,,,,,
民間(営利法人)ではない: 医療法人,2023,三鷹市,○,○,医療法人,1,1,独立系,1012405001505,医療法人社団清恵会,,,ケアプランみんなの家,1373602620,東京都三鷹市下連雀6-18-30-101,0422-49-6655,0422-49-6655,固定(多摩等),0422-26-9266,http://www.shinohara-hospital.or.jp/,平日,,,,,,,,,,,,,,
民間(営利法人)ではない: 医療法人,2024,三鷹市,○,○,医療法人,1,1,医療機関併設,8430005009861,医療法人社団積信会,,,長谷川病院居宅介護支援事業所,1373602257,東京都三鷹市深大寺2-30-172F,0422-30-5316,0422-30-5316,固定(多摩等),0422-33-0337,,平日,,,,,,,,,,,,,,
民間(営利法人)ではない: 医療法人,2025,三鷹市,○,○,医療法人,1,1,訪問看護併設,6012405001450,医療法人財団慈生会,,,医療法人財団慈生会野村訪問看護ステーション,1373600095,東京都三鷹市下連雀8-3-6,0422-47-4870,0422-47-4870,固定(多摩等),0422-47-5506,http://www.nomura.or.jp,平日,,,,,,,,,,,,,,
民間(営利法人)ではない: NPO,2052,三鷹市,○,○,NPO,1,1,独立系,7012405002183,特定非営利活動法人グレースケア機構,,,NPOグレースケア相談事業部,1373603198,東京都三鷹市大沢4－8－8三鷹市福祉Laboどんぐり山3階協働研究推進室A,080-4788-7517,080-4788-7517,携帯,050-3730-8200,https://g-care.org/,平日,,,,,,,,,,,,,,
民間(営利法人)ではない: 社会福祉法人,2055,三鷹市,○,○,社会福祉法人,1,1,独立系,5012405001690,社会福祉法人三鷹市社会福祉事業団,,,はなかいどう指定居宅介護支援事業所,1373600160,東京都三鷹市牟礼６－１２－３０,0422-76-8815,0422-76-8815,固定(多摩等),0422-44-9772,https://www.mitaka.or.jp/,平日,,,,,,,,,,,,,,
民間(営利法人)ではない: 社協,2056,三鷹市,○,○,社協,1,1,社協・包括,1012405001587,社会福祉法人三鷹市社会福祉協議会,,,三鷹市社会福祉協議会　居宅介護支援事業所,1373601218,東京都三鷹市新川6-37-1三鷹中央防災公園・元気創造プラザ3階福祉センター,0422-79-3505,0422-79-3505,固定(多摩等),0422-71-2053,https://www.mitakashakyo.or.jp/,平日,,,,,,,,,,,,,,
民間(営利法人)ではない: 一般社団・財団,2066,八王子市,○,○,一般社団・財団,1,1,医療機関併設,4010105001599,一般社団法人八王子市医師会,,,八王子市医師会立ケアプランセンター,1372900504,東京都八王子市本町13-2八王子市医師会館,042-620-7051,042-620-7051,固定(多摩等),042-620-7057,https://hachihoukan.jp,平日,,,,,,,,,,,,,,
民間(営利法人)ではない: 一般社団・財団,2067,八王子市,○,○,一般社団・財団,1,1,独立系,5010105000006,一般財団法人　仁和会,,,一般財団法人　仁和会介護支援センター花,1372900595,東京都八王子市東町2-11,042-646-5552,042-646-5552,固定(多摩等),042-644-3761,http://www.jinwakai.jp,"平日,土曜日",,,,,,,,,,,,,,
民間(営利法人)ではない: 医療法人,2072,八王子市,○,,医療法人,1,2,医療機関併設,3290005001508,医療法人　永寿会,,,医療法人永寿会陵北病院,1372900124,東京都八王子市西寺方町315番地,042-651-3374,042-651-3374,固定(多摩等),042-651-2319,http://eijyukai.jp,"平日,祝日",,,,,,,,,,,,,,
民間(営利法人)ではない: 医療法人,2074,八王子市,○,○,医療法人,1,1,独立系,9010105000101,医療法人社団光生会,,,居宅介護支援事業所ぐらんぱぐらんま,1372903219,東京都八王子市下恩方町1817-2M&K2ビル101号,042-650-6450,042-650-6450,固定(多摩等),042-650-6451,,"平日,土曜日",,,,,,,,,,,,,,
民間(営利法人)ではない: 医療法人,2075,八王子市,○,○,医療法人,1,1,独立系,3010105000189,医療法人社団明和会,,,居宅介護支援事業所ウエストケアセンター,1372901221,東京都八王子市上川町２１３５番地,042-654-5516,042-654-5516,固定(多摩等),042-654-7716,http://west-care.jp,"平日,土曜日",,,,,,,,,,,,,,
民間(営利法人)ではない: 医療法人,2076,八王子市,○,,医療法人,1,2,独立系,5010105000088,医療法人社団永生会,,,指定居宅介護支援事業所　片倉,1372900249,東京都八王子市片倉町440-2,042-632-6335,042-632-6335,固定(多摩等),042-632-6352,http://www.eisei.or.jp,"平日,土曜日",,,,,,,,,,,,,,
民間(営利法人)ではない: 医療法人,2077,八王子市,○,○,医療法人,1,1,独立系,6010105000104,医療法人社団玉栄会,,,指定居宅介護支援事業所「元八王子」,1372900207,東京都八王子市上壱分方町71－4,042-651-5823,042-651-5823,固定(多摩等),042-651-5723,http://www.anglecourt.or.jp,"平日,土曜日",,,,,,,,,,,,,,
民間(営利法人)ではない: 医療法人,2078,八王子市,○,○,医療法人,1,1,独立系,2010105000198,医療法人財団緑雲会,,,指定居宅介護支援事業所ハイネス,1372901783,東京都八王子市中野町２０８２－１,042-655-6360,042-655-6360,固定(多摩等),042-628-5687,,"平日,土曜日",,,,,,,,,,,,,,
民間(営利法人)ではない: NPO,2148,八王子市,○,○,NPO,1,1,独立系,2010105000776,特定非営利活動法人ゆぎの里,,,ケアプランゆぎの里,1372906766,東京都八王子市越野773番地,042-670-8805,042-670-8805,固定(多摩等),042-670-8804,http://yugino-sato.org/,平日,,,,,,,,,,,,,,
民間(営利法人)ではない: NPO,2149,八王子市,○,○,NPO,1,1,独立系,6010105000070,特定非営利活動法人市民ユニットりぼん,,,ケアプランサービスりぼん,1372900926,東京都八王子市横川町1166番地2メゾンさつきの101号,042-621-4781,042-621-4781,固定(多摩等),042-621-4381,http://shiminunit-ribon.com/,"平日,土曜日",,,,,,,,,,,,,,
民間(営利法人)ではない: 社会福祉法人,2150,八王子市,○,○,社会福祉法人,1,1,独立系,7010105000251,社会福祉法人　アゼリヤ会,,,居宅介護支援センターみやま,1372900173,東京都八王子市美山町1463,042-650-6327,042-650-6327,固定(多摩等),042-650-6328,https://azeriya-miyamaday.jp/kyotaku,"平日,土曜日",,,,,,,,,,,,,,
民間(営利法人)ではない: 社会福祉法人,2151,八王子市,○,○,社会福祉法人,1,1,施設併設,4010105000287,社会福祉法人　八王子心成会,,,八王子心成苑,1372901387,東京都八王子市館町1795番地1,042-669-0771,042-669-0771,固定(多摩等),042-663-1186,http://www.sinseien.or.jp,"平日,祝日",,,,,,,,,,,,,,
民間(営利法人)ではない: 社会福祉法人,2152,八王子市,○,○,社会福祉法人,1,1,独立系,8010105000250,社会福祉法人　愛信芳主会,,,丘の上ケアプランセンター,1372901288,東京都八王子市片倉町1151-2,042-683-2796,042-683-2796,固定(多摩等),042-683-2792,http://www.aishinhoushukai.jp/,"平日,土曜日",,,,,,,,,,,,,,
民間(営利法人)ではない: 社会福祉法人,2153,八王子市,○,○,社会福祉法人,1,1,独立系,6010105001721,社会福祉法人いきいき福祉会,,,ケアプランセンターいきいき,1372907673,東京都八王子市東町2-3共立ビル３階,042-639-7625,042-639-7625,固定(多摩等),042-639-7632,http://ikiiki-fukushi.jp/careplan.html,"平日,土曜日",,,,,,,,,,,,,,
民間(営利法人)ではない: 社会福祉法人,2154,八王子市,○,○,社会福祉法人,1,1,独立系,9010105000258,社会福祉法人ゆずの木,,,居宅介護支援事業所　ゆずの樹,1372901817,東京都八王子市上柚木1550介護老人福祉施設　多摩シルバーハウス,042-670-5311,042-670-5311,固定(多摩等),042-670-5312,http://www.t-s-h.jp,平日,,,,,,,,,,,,,,
民間(営利法人)ではない: 社会福祉法人,2157,八王子市,○,○,社会福祉法人,1,1,独立系,4010105000279,社会福祉法人多摩養育園,,,桜の里ケアマネジメントセンター,1372900553,東京都八王子市犬目町560－1特別養護老人ホーム　桜の里,042－659-8739,042-659-8739,固定(多摩等),042－654-3902,http://www.tamatokuyou.net/,"平日,土曜日",,,,,,,,,,,,,,
民間(営利法人)ではない: 社会福祉法人,2158,八王子市,○,○,社会福祉法人,1,1,独立系,9010105000282,社会福祉法人東京玉葉会,,,指定居宅介護支援事業所川口,1372900215,東京都八王子市川口町1543番地新浅川園内,042-654-7027,042-654-7027,固定(多摩等),042-654-1170,http://www.seiyoen.com/publics/index/52,"平日,土曜日",,,,,,,,,,,,,,
民間(営利法人)ではない: 社会福祉法人,2161,八王子市,○,○,社会福祉法人,1,1,独立系,5010105000294,社会福祉法人美薗会,,,絹の道ケアプランセンター,1372900561,東京都八王子市鑓水94番地,042-674-8200,042-674-8200,固定(多摩等),042-674-9733,http://www.kinu-michi.jp,"平日,土曜日,日曜日,祝日",,,,,,,,,,,,,,
民間(営利法人)ではない: 社会福祉法人,2162,八王子市,○,○,社会福祉法人,1,1,独立系,6010105000269,社会福祉法人親和福祉会,,,指定居宅介護支援事業所　中野山王,1372906576,東京都八王子市中野山王3-5-23第一山王ビル1階103号室,042-686-1402,042-686-1402,固定(多摩等),042-686-1403,http://www.komatubaraen.or.jp,"平日,土曜日",,,,,,,,,,,,,,
民間(営利法人)ではない: 一般社団・財団,2167,国分寺市,○,○,一般社団・財団,1,1,独立系,9012405002743,一般財団法人国分寺市健康福祉サービス協会,,,一般財団法人国分寺市健康福祉サービス協会,1373100096,東京都国分寺市泉町2-3-8国分寺市いずみプラザ,042-321-5081,042-321-5081,固定(多摩等),042-321-5806,https://kokubunji-fukushi.com,"平日,土曜日",,,,,,,,,,,,,,
民間(営利法人)ではない: 協同組合,2168,国分寺市,○,○,協同組合,1,1,医療機関併設,3012405000174,三多摩医療生活協同組合,,,三多摩医療生活協同組合　国分寺診療所,1373100021,東京都国分寺市本町4-12-14,042-325-0784,042-325-0784,固定(多摩等),042-325-0785,http://www.santama-iryou.com,平日,,,,,,,,,,,,,,
民間(営利法人)ではない: NPO,2184,国分寺市,○,○,NPO,1,1,独立系,6012805000003,特定非営利活動法人ケア・センターやわらぎ,,,介護相談センターやわらぎ・国分寺,1373100286,東京都国分寺市本町四丁目1番2号エスポアール花澤台1階,042-327-0417,042-327-0417,固定(多摩等),042-327-0415,http://www.yawaragi.or.jp/,"平日,土曜日,祝日",,,,,,,,,,,,,,
民間(営利法人)ではない: 社会福祉法人,2187,国分寺市,○,○,社会福祉法人,1,1,施設併設,9012405000508,社会福祉法人普門会,,,居宅介護支援センターにしき苑,1373100062,東京都国分寺市東恋ヶ窪2-22-38,042-327-2225,042-327-2225,固定(多摩等),042-328-3908,http://www.nishiki-en.com,"平日,土曜日",,,,,,,,,,,,,,
民間(営利法人)ではない: 社会福祉法人,2188,国分寺市,○,○,社会福祉法人,1,1,独立系,4012405000082,社会福祉法人浴光会,,,浴光介護支援サービス,1373100088,東京都国分寺市東恋ヶ窪3-28-15浴光ShineZ寮３階,042-313-7768,042-313-7768,固定(多摩等),042-313-7769,https://kyotaku.yokukou.net/index.html,平日,,,,,,,,,,,,,,
民間(営利法人)ではない: 一般社団・財団,2189,国立市,○,○,一般社団・財団,1,1,独立系,8012405002331,一般社団法人たまぷらねっと,,,在宅ケアセンターたまぷらねっと,1373400835,東京都国立市西2-11-23関ビル第二101,042-505-5441,042-505-5441,固定(多摩等),042-505-5442,http://tamapula.info,平日,,,,,,,,,,,,,,
民間(営利法人)ではない: 医療法人,2190,国立市,○,○,医療法人,1,1,独立系,9010905000655,医療法人社団　三水会,,,医療法人社団　三水会　あるふぁ指定居宅介護支援事業所,1373800620,東京都国立市富士見台1-20-1グランドール国立101,042-505-4722,042-505-4722,固定(多摩等),042-505-4725,http://www.sansuikai.jp/,平日,,,,,,,,,,,,,,
民間(営利法人)ではない: 医療法人,2191,国立市,○,○,医療法人,1,1,独立系,3012405000224,医療法人社団つくし会,,,医療法人社団つくし会　居宅介護支援事業所,1373401122,東京都　国立市　西2-26-29,042－574－3305,042-574-3305,固定(多摩等),042－505－5234,http://www.nitta-clinic.or.jp,"平日,土曜日",,,,,,,,,,,,,,
民間(営利法人)ではない: 医療法人,2193,国立市,○,○,医療法人,1,1,独立系,4012805002736,医療法人社団松明会,,,ひまわり国立,1373401460,東京都国立市富士見台1-24-11カーサパイン２F,042-505-8355,042-505-8355,固定(多摩等),042-505-6405,https://sunflower.torchlight.tokyo/,平日,,,,,,,,,,,,,,
民間(営利法人)ではない: 社協,2203,国立市,○,○,社協,1,1,社協・包括,3012405000075,社会福祉法人　国立市社会福祉協議会,,,国立市社会福祉協議会ケアプランセンター,1373400082,東京都国立市富士見台2丁目38番地の５くにたち福祉会館,042-580-1353,042-580-1353,固定(多摩等),042-580-7112,http://www.kunitachi-csw.tokyo,平日,,,,,,,,,,,,,,
民間(営利法人)ではない: 社会福祉法人,2204,国立市,○,○,社会福祉法人,1,1,独立系,1012405000060,社会福祉法人　弥生会,,,くにたち苑指定居宅介護支援事業所,1373400033,東京都国立市泉３－１－６,042-577-3111,042-577-3111,固定(多摩等),042-577-1301,http://www.kuni-en.com,"平日,土曜日",,,,,,,,,,,,,,
民間(営利法人)ではない: 不明(法人格の記載なし),2205,多摩市,○,○,不明(法人格の記載なし),1,1,独立系,5012403004167,TSMサービス,,,フレンドリーケア,1375002076,東京都多摩市豊ヶ丘1-60-8トウタクサン102,042-400-7141,042-400-7141,固定(多摩等),042-400-7142,http://hp.kaipoke.biz/s99/,平日,,,,,,,,,,,,,,
民間(営利法人)ではない: NPO,2222,多摩市,○,○,NPO,1,1,独立系,7013405000318,特定非営利活動法人麻の葉,,,ケアプラン麻の葉,1375000930,東京都多摩市落合6-15-3第三椎の木ビル106,042-337-8288,042-337-8288,固定(多摩等),042-337-8388,http://www.asanoha.jp,"平日,土曜日",,,,,,,,,,,,,,
民間(営利法人)ではない: 社会福祉法人,2226,多摩市,○,○,社会福祉法人,1,1,独立系,5013405000138,社会福祉法人大和会,,,和光園居宅介護支援事業所,1375000054,東京都多摩市和田１５３２番地,042-389-6878,042-389-6878,固定(多摩等),042-389-3315,http://yamatokai-tokyo.or.jp/,"平日,土曜日,祝日",,,,,,,,,,,,,,
民間(営利法人)ではない: 社会福祉法人,2228,多摩市,○,○,社会福祉法人,1,1,独立系,7013405000152,社会福祉法人桜ヶ丘社会事業協会,,,さくらが丘居宅介護支援事業所,1375000039,東京都多摩市連光寺１－１－１,042-373-4511,042-373-4511,固定(多摩等),042-375-3600,http://www.swfsakura.or.jp/zaitaku/,"平日,土曜日",,,,,,,,,,,,,,
民間(営利法人)ではない: 社会福祉法人,2229,多摩市,○,○,社会福祉法人,1,1,独立系,4013405000139,社会福祉法人楽友会,,,白楽荘居宅介護支援事業所,1375000062,東京都多摩市山王下１－１８－２,042-376-4968,042-376-4968,固定(多摩等),042-376-4962,http://www.rakuyuukai.com,平日,,,,,,,,,,,,,,
民間(営利法人)ではない: 一般社団・財団,2233,小平市,○,○,一般社団・財団,1,1,医療機関併設,5012705001696,一般社団法人小平市医師会,,,一般社団法人　小平市医師会ケアマネージメントセンター,1374300067,東京都小平市学園西町3-24-13,042-348-3231,042-348-3231,固定(多摩等),042-348-3232,http://www.kodaira-med.or.jp/,平日,,,,,,,,,,,,,,
民間(営利法人)ではない: 一般社団・財団,2234,小平市,○,○,一般社団・財団,1,1,独立系,5012705000021,一般財団法人多摩緑成会,,,ケアプランセンター　てとてと小平,1374303723,東京都小平市小川西町2-35-1整育園通所センター1階,0423121505,0423121505,固定(多摩等),0423121506,https://tetote.to/office/kodaira-care/,"平日,土曜日,祝日",,,,,,,,,,,,,,
民間(営利法人)ではない: 医療法人,2235,小平市,○,,医療法人,1,2,独立系,1480005002810,医療法人徳寿会,,,居宅介護支援事業所　プラチナ・ヴィラ小平,1374301982,東京都小平市鈴木町1-85-1,042-349-3506,042-349-3506,固定(多摩等),042-349-3520,http://www.platinum-villa.jp/index.html,"平日,祝日",,,,,,,,,,,,,,
民間(営利法人)ではない: NPO,2260,小平市,○,○,NPO,1,1,独立系,5012705001309,特定非営利活動法人コミュニティケアリンク東京,,,ケアタウン小平ケアマネジメントセンター,1374302402,東京都小平市御幸町131番5号ケアタウン小平,042-324-8882,042-324-8882,固定(多摩等),042-324-8882,https://caretownkodaira.net/,平日,,,,,,,,,,,,,,
民間(営利法人)ではない: NPO,2261,小平市,○,○,NPO,1,1,独立系,8012705000497,特定非営利活動法人地域福祉ネットワーク第二こだま,,,第２こだま介護支援センター,1374302394,東京都小平市津田町1-12-8,042-343-0456,042-343-0456,固定(多摩等),042-313-6605,,平日,,,,,,,,,,,,,,
民間(営利法人)ではない: NPO,2262,小平市,○,○,NPO,1,1,独立系,8012705000489,特定非営利活動法人西東京自立支援センター,,,プログレスケアセンター,1374303210,東京都小平市花小金井南町1-14-2,042-451-9551,042-451-9551,固定(多摩等),042-451-9551,,平日,,,,,,,,,,,,,,
民間(営利法人)ではない: 社会福祉法人,2263,小平市,○,○,社会福祉法人,1,1,独立系,1012705001733,社会福祉法人　あいの樹,,,あい,1374302196,東京都小平市小川西町5-22-12,042-349-2191,042-349-2191,固定(多摩等),042-349-2192,http://www.ainoki.or.jp,"平日,祝日",,,,,,,,,,,,,,
民間(営利法人)ではない: 社会福祉法人,2266,小平市,○,○,社会福祉法人,1,1,独立系,3012705000114,社会福祉法人多摩済生医療団,,,指定居宅介護支援事業所多摩済生ケアセンター,1374300034,東京都小平市美園町3-12-1,042-342-6673,042-342-6673,固定(多摩等),042-342-1535,http://www.tama-sai.jp,"平日,祝日",,,,,,,,,,,,,,
民間(営利法人)ではない: 社会福祉法人,2269,小平市,○,○,社会福祉法人,1,1,施設併設,4012705000138,社会福祉法人緑友会,,,小川ホーム介護計画センター,1374300059,東京都小平市小川西町2丁目35番2号,042-347-1115,042-347-1115,固定(多摩等),042-347-5900,http://www.ogawahome.or.jp,"平日,土曜日",,,,,,,,,,,,,,
民間(営利法人)ではない: 社会福祉法人,2270,小平市,○,,社会福祉法人,1,5,独立系,5250005005147,社会福祉法人緑山会,,,グランてらす小平団地　居宅介護支援事業所,1374303772,東京都小平市喜平町3丁目1-41特別養護老人ホーム　グランてらす小平団地,070-4067-2127,070-4067-2127,携帯,042-313-8962,,平日,,,,,,,,,,,,,,
民間(営利法人)ではない: 社会福祉法人,2271,小平市,○,○,社会福祉法人,1,1,独立系,9012705000133,社会福祉法人黎明会,,,社会福祉法人黎明会在宅サービス総合センター指定居宅介護支援事業所,1374300026,東京都小平市小川町1丁目485番地,042-345-5343,042-345-5343,固定(多摩等),042-345-5348,https://www.reimeikai1945.jp/pages/50/,"平日,土曜日",,,,,,,,,,,,,,
民間(営利法人)ではない: 一般社団・財団,2279,小金井市,○,○,一般社団・財団,1,1,独立系,1012405003773,一般社団法人Ｌｉｎｋ　Ｓｏｌｕｔｉｏｎ,,,リンク居宅介護支援事業所,1374101804,東京都小金井市東町5-27-7,042-401-1885,042-401-1885,固定(多摩等),042-401-1886,https://linksolution.jp/,"平日,土曜日,祝日",,,,,,,,,,,,,,
民間(営利法人)ではない: 協同組合,2281,小金井市,○,○,協同組合,1,1,独立系,4012405000173,北多摩中央医療生活協同組合,,,指定居宅介護支援事業所のがわ介護相談室,1374100038,東京都小金井市本町１－１５－９むさし小金井診療所3階,042-386-6330,042-386-6330,固定(多摩等),042-386-8307,http://www.kitatama.coop/,平日,,,,,,,,,,,,,,
民間(営利法人)ではない: 医療法人,2282,小金井市,○,○,医療法人,1,1,独立系,1012405000259,医療法人社団一白会,,,リハビリケアプランきくち,1374101408,東京都小金井市東町3-12-8,0422-26-1545,0422-26-1545,固定(多摩等),0422-31-1255,,平日,,,,,,,,,,,,,,
民間(営利法人)ではない: 医療法人,2283,小金井市,○,○,医療法人,1,1,独立系,4012405004496,医療法人社団成令会,,,24ケアマネ介護丸,1374102067,東京都小金井市前原町３－４０－２０小金井ビューハイツ１０７号,042-316-3000,042-316-3000,固定(多摩等),042-316-3001,https://kaigomaru.com/,平日,,,,,,,,,,,,,,
民間(営利法人)ではない: NPO,2303,小金井市,○,○,NPO,1,1,独立系,8012405000517,特定非営利法人小金井かいわい,,,ケアプラン小金井かいわい,1374101671,東京都小金井市東町4-37-23,042-316-5553,042-316-5553,固定(多摩等),042-316-5524,http://www.kaiwai.org/,平日,,,,,,,,,,,,,,
民間(営利法人)ではない: NPO,2304,小金井市,○,○,NPO,1,1,独立系,6012405000007,特定非営利活動法人　エンゼルの会,,,サービスブティック　エンゼル,1373801578,東京都小金井市貫井南町１－５－２３,042-384-4713,042-384-4713,固定(多摩等),042-384-5813,,平日,,,,,,,,,,,,,,
民間(営利法人)ではない: NPO,2305,小金井市,○,○,NPO,1,1,独立系,2012405000530,特定非営利活動法人　ケアサポート湧,,,ケアプラン相談室湧,1374100442,東京都小金井市前原町3-36-16,042-386-6355,042-386-6355,固定(多摩等),042-386-5310,http://caresupport-you.com,"平日,土曜日",,,,,,,,,,,,,,
民間(営利法人)ではない: NPO,2306,小金井市,○,○,NPO,1,1,独立系,8012405000500,特定非営利活動法人エヌピーオー萼,,,ケアマネジメントセンターうてな,1374100400,東京都小金井市本町5丁目３７－８,070‐1470-6428,070-1470-6428,携帯,042-380-9931,,平日,,,,,,,,,,,,,,
民間(営利法人)ではない: NPO,2307,小金井市,○,○,NPO,1,1,独立系,6012405002481,特定非営利活動法人泰山木,,,泰山木介護保険サービス,1373601929,東京都小金井市貫井南町4-11-11グランバレイ１０３号,042-380-8224,042-380-8224,固定(多摩等),042-380-8225,https://www.npotaisanboku.org/,平日,,,,,,,,,,,,,,
民間(営利法人)ではない: 社会福祉法人,2309,小金井市,○,○,社会福祉法人,1,1,独立系,9012405000086,社会福祉法人　聖ヨハネ会,,,桜町ケアマネージメントセンター,1374100061,東京都小金井市桜町1-9-5桜町高齢者在宅サービスセンター,042-381-0006,042-381-0006,固定(多摩等),042-387-2324,http://www.seiyohanekai.or.jp/,"平日,土曜日,祝日",,,,,,,,,,,,,,
民間(営利法人)ではない: 医療法人,2315,府中市,○,○,医療法人,1,1,独立系,1012405000201,医療法人社団共済会,,,居宅介護支援事業所さくらい,1373802105,東京都府中市是政2-35-11オークヴィラⅠ201,042-314-0521,042-314-0521,固定(多摩等),042-365-0818,,平日,,,,,,,,,,,,,,
民間(営利法人)ではない: 医療法人,2317,府中市,○,○,医療法人,1,1,独立系,5012405000197,医療法人社団恵仁会,,,なごみ居宅介護支援事業所,1373801545,東京都府中市住吉町5-18-71階103,042-351-8352,042-351-8352,固定(多摩等),042-351-8354,,平日,,,,,,,,,,,,,,
民間(営利法人)ではない: 医療法人,2318,府中市,○,○,医療法人,1,1,独立系,5012805000111,医療法人社団珠泉会,,,ウイング介護サービスセンター,1373800612,東京都府中市四谷６丁目１５番２介護老人保健施設ウイング内,042-358-9352,042-358-9352,固定(多摩等),042-358-9337,http://www.syusenkai.or.jp,"平日,祝日",,,,,,,,,,,,,,
民間(営利法人)ではない: 医療法人,2319,府中市,○,○,医療法人,1,1,独立系,7012405000583,医療法人社団興也会,,,コートウエスト府中　居宅介護支援事業所,1373802907,東京都府中市西府町3-17-6コートウエスト府中１階,042-302-2081,042-302-2081,固定(多摩等),042-319-8092,http://kouyakai.webmedipr.jp,平日,,,,,,,,,,,,,,
民間(営利法人)ではない: NPO,2345,府中市,○,○,NPO,1,1,独立系,1012405004094,特定非営利活動法人芽生会,,,ケアチーム大芽,1373803764,東京都府中市若松町１－２－５芽生会BLD　５階,０４２－３１４－７０１２,042-314-7012,固定(多摩等),０４２－３１４－７０１５,http://www.careteam-taiga.co.jp/,平日,,,,,,,,,,,,,,
民間(営利法人)ではない: 社会福祉法人,2348,府中市,○,○,社会福祉法人,1,1,独立系,7012405000088,社会福祉法人安立園,,,安立園指定居宅介護支援事業所,1373800075,東京都府中市晴見町１－１３－５,042-367-6541,042-367-6541,固定(多摩等),042-319-0230,http://www.anryuen.jp/,"平日,土曜日,祝日",,,,,,,,,,,,,,
民間(営利法人)ではない: 社協,2349,府中市,○,○,社協,1,1,社協・包括,2012405000076,社会福祉法人府中市社会福祉協議会,,,社会福祉法人府中市社会福祉協議会府中ケアサポートセンター,1373801552,東京都府中市府中町1-30府中市立ふれあい会館２階,042-363-1761,042-363-1761,固定(多摩等),042-363-1402,http://www.fsyakyo.or.jp,平日,,,,,,,,,,,,,,
民間(営利法人)ではない: 社会福祉法人,2350,府中市,○,○,社会福祉法人,1,1,独立系,2012405000497,社会福祉法人府中西和会,,,鳳仙寮居宅介護支援事業所,1373800901,東京都府中市西府町2-24-6,042-360-1316,042-360-1316,固定(多摩等),042-360-1325,http://www.housenryo.jp/,"平日,土曜日,日曜日,祝日",,,,,,,,,,,,,,
民間(営利法人)ではない: 医療法人,2356,日野市,○,○,医療法人,1,1,独立系,3013405000057,医療法人社団　　英世会,,,指定居宅介護支援事業所　カメリア,1373500246,東京都日野市日野本町6丁目3番地１７,042-589-3661,042-589-3661,固定(多摩等),042-589-3651,https://www.eiseikaihino.com/,"平日,祝日",,,,,,,,,,,,,,
民間(営利法人)ではない: 医療法人,2357,日野市,○,○,医療法人,1,1,独立系,4013405000056,医療法人社団佐々木クリニック,,,居宅介護支援事業所・いいプラン,1373501574,東京都日野市東平山３－１－１,042-585-8064,042-585-8064,固定(多摩等),042-585-8066,http://roken-cr.jp/index.html,平日,,,,,,,,,,,,,,
民間(営利法人)ではない: 医療法人,2358,日野市,○,○,医療法人,1,1,独立系,9013405000051,医療法人社団康明会,,,とよだ居宅介護支援事業所,1373500048,東京都日野市豊田3-1-8プレシス豊田1F,042-589-1771,042-589-1771,固定(多摩等),042-589-1820,http://www.komei-mc.or.jp,"平日,土曜日,日曜日,祝日",,,,,,,,,,,,,,
民間(営利法人)ではない: 医療法人,2359,日野市,○,○,医療法人,1,1,独立系,6012405000221,医療法人社団心施会,,,居宅介護支援事業所・ふれんど,1373500980,東京都日野市落川1070リヴェージュ百草園1Ｆ,042-599-0305,042-599-0305,固定(多摩等),042-599-0331,http://www.shinshikai.or.jp,平日,,,,,,,,,,,,,,
民間(営利法人)ではない: NPO,2378,日野市,○,○,NPO,1,1,独立系,5013405000666,特定非営利活動法人和いわい本舗,,,ふれあい,1373501186,東京都日野市日野１５７７日野宿山屋敷住宅南七番館１階,042-583-8158,042-583-8158,固定(多摩等),042-583-8194,,平日,,,,,,,,,,,,,,
民間(営利法人)ではない: 社会福祉法人,2381,日野市,○,○,社会福祉法人,1,1,独立系,8013405000663,社会福祉法人創隣会,,,居宅介護支援事業所　かりん,1373502168,東京都日野市多摩平　３－５－２１,042-514-8800,042-514-8800,固定(多摩等),042-514-8688,https://sourinkai.com/,平日,,,,,,,,,,,,,,
民間(営利法人)ではない: 社会福祉法人,2382,日野市,○,○,社会福祉法人,1,1,独立系,3013405000791,社会福祉法人友遊の家,,,友遊ケアセンター,1373501863,東京都日野市西平山2-2-15,042-584-5141,042-584-5141,固定(多摩等),042-584-4212,,"平日,土曜日",,,,,,,,,,,,,,
民間(営利法人)ではない: 社会福祉法人,2383,日野市,○,○,社会福祉法人,1,1,施設併設,4013405000659,社会福祉法人寿優和会,,,ケアマネジメントセンター浅川苑,1373501699,東京都日野市高幡651-5高幡マンション第２、1階,042-593-1010,042-593-1010,固定(多摩等),042-593-1034,http://care-net.biz/13/asakawaen/,平日,,,,,,,,,,,,,,
民間(営利法人)ではない: 不明(法人格の記載なし),2389,昭島市,○,○,不明(法人格の記載なし),1,1,施設併設,7012805000134,同胞互助会,,,居宅介護支援センター愛全園,1374000063,東京都昭島市田中町2-25-3,042-541-2911,042-541-2911,固定(多摩等),042-541-1661,https://aizenen.jp/index.html,"平日,土曜日,祝日",,,,,,,,,,,,,,
民間(営利法人)ではない: NPO,2404,昭島市,○,○,NPO,1,1,独立系,7012805000002,特定非営利活動法人アビリティクラブたすけあい昭島たすけあいワーカーズ大きなかぶ,,,ＮＰＯ・ＡＣＴ大きなかぶ居宅介護支援事業所,1374000964,東京都昭島市朝日町1-4-12マルマンビル２０１,042-545-0892,042-545-0892,固定(多摩等),042-519-5891,http://ookinakabu.jimdo.com/,平日,,,,,,,,,,,,,,
民間(営利法人)ではない: NPO,2423,東久留米市,○,○,NPO,1,1,独立系,4012705000468,特定非営利活動法人くらし支援センターでんでん虫,,,ケアプランネットでんでん虫,1374800892,東京都東久留米市新川町１丁目3番19号,042-473-0109,042-473-0109,固定(多摩等),042-473-0109,http://www,平日,,,,,,,,,,,,,,
民間(営利法人)ではない: NPO,2424,東久留米市,○,○,NPO,1,1,独立系,3012705000485,特定非営利活動法人地域ケアネットワークゆいまぁる,,,ゆいまぁる指定居宅介護支援事業所,1374800108,東京都東久留米市南沢2-13-11,042-479-2307,042-479-2307,固定(多摩等),042-479-2337,http://yuimarlu.jp/,平日,,,,,,,,,,,,,,
民間(営利法人)ではない: NPO,2425,東久留米市,○,○,NPO,1,1,独立系,1012705000487,特定非営利活動法人湧水,,,シニアライフケアプランセンター,1374800165,東京都東久留米市前沢4丁目32番9号,042-479-0638,042-479-0638,固定(多摩等),042-477-0858,http://siniaraifu.org,平日,,,,,,,,,,,,,,
民間(営利法人)ではない: NPO,2426,東久留米市,○,○,NPO,1,1,独立系,9012705000488,特定非営利活動法人自立福祉会,,,ウィル～アシスタントバンク,1373900131,東京都東久留米市本町3-6-8橋本ビル204,042-477-0553,042-477-0553,固定(多摩等),042-472-4023,,平日,,,,,,,,,,,,,,
民間(営利法人)ではない: 社会福祉法人,2427,東久留米市,○,○,社会福祉法人,1,1,独立系,1012705000132,社会福祉法人　竹恵会,,,けんちの里指定居宅介護支援事業所,1374800496,東京都東久留米市下里４丁目２番５０号,042-472-0697,042-472-0697,固定(多摩等),042-479-1025,http://www.kenchi-sato.or.jp,"平日,土曜日",,,,,,,,,,,,,,
民間(営利法人)ではない: 社会福祉法人,2429,東久留米市,○,,社会福祉法人,1,3,独立系,7012705000135,社会福祉法人三育ライフ,,,高齢者在宅サービスセンター　シャローム南沢居宅介護支援事業所,1374800132,東京都東久留米市南沢5-18-36,042-467-1620,042-467-1620,固定(多摩等),042-477-2080,http://syalom-tokyo.net,平日,,,,,,,,,,,,,,
民間(営利法人)ではない: 社会福祉法人,2430,東久留米市,○,,社会福祉法人,1,5,独立系,4030005003479,社会福祉法人安心会,,,居宅介護支援事業所ひばりが丘ふれあいの里,1374801965,東京都東久留米市ひばりが丘団地7番地10号ひばりが丘ふれあいの里,042-452-0650,042-452-0650,固定(多摩等),042-452-0651,https://anshinkai-gr.jp/anshinkai,"平日,祝日",,,,,,,,,,,,,,
民間(営利法人)ではない: 社会福祉法人,2444,東大和市,○,○,社会福祉法人,1,1,独立系,5012805000169,社会福祉法人向会,,,ケアプランニング向台,1374600185,東京都東大和市芋窪3-1611-1,042-563-8776,042-563-8776,固定(多摩等),042-590-3287,http://www.mukoukai.org,"平日,土曜日,祝日",,,,,,,,,,,,,,
民間(営利法人)ではない: 社協,2446,東大和市,○,○,社協,1,1,社協・包括,1012805000156,社会福祉法人東大和市社会福祉協議会,,,東大和社協ケアマネジメントセンター,1374600029,東京都東大和市中央３－９１２－３,042-564-0054,042-564-0054,固定(多摩等),042-564-3680,https://www.higashiyamatoshakyou.or.jp,平日,,,,,,,,,,,,,,
民間(営利法人)ではない: 公益法人,2449,東村山市,○,○,公益法人,1,1,独立系,2010005015593,公益財団法人結核予防会,,,公益財団法人結核予防会　居宅介護支援センター保生の森,1372700458,東京都東村山市諏訪町３丁目６番地１,042-391-1467（,042-391-1467,固定(多摩等),042-391-1429,https://www.jata-hosei.jp/,平日,,,,,,,,,,,,,,
民間(営利法人)ではない: 医療法人,2451,東村山市,○,○,医療法人,1,1,独立系,4012705000286,医療法人社団　新新会,,,すずらん指定居宅介護支援事業所,1372700128,東京都東村山市青葉町2-25-16ブルメゾン201,042-393-8488,042-393-8488,固定(多摩等),042-393-2808,http://sinsinkai.com/roken/included-roken/#included-01,"平日,土曜日",,,,,,,,,,,,,,
民間(営利法人)ではない: NPO,2475,東村山市,○,○,NPO,1,1,独立系,5012705001283,特定非営利活動法人ひなたぼっこ遊,,,ひなたぼっこ遊居宅介護支援センター,1372700912,東京都東村山市諏訪町2-23-13,042-397-4653,042-397-4653,固定(多摩等),042-397-4653,http://suwadayhana.jimdo.com/,平日,,,,,,,,,,,,,,
民間(営利法人)ではない: NPO,2476,東村山市,○,○,NPO,1,1,独立系,2012705001906,特定非営利活動法人樹会,,,ケアプランセンター楓,1372702819,東村山市美住町1-14-1,042-207-7709,042-207-7709,固定(多摩等),042-313-0899,https://tatsukikai.wordpress.com/,平日,,,,,,,,,,,,,,
民間(営利法人)ではない: 医療法人,2478,東村山市,○,○,医療法人,1,1,独立系,4012705000212,社会医療法人社団愛有会,,,指定居宅介護支援事業所はぎやま,1372700110,東京都東村山市本町4-7-14,042-391-3007,042-391-3007,固定(多摩等),042-313-3235,https://aiyukai-group.or.jp/hagiyama/,"平日,土曜日",,,,,,,,,,,,,,
民間(営利法人)ではない: 社会福祉法人,2479,東村山市,○,○,社会福祉法人,1,1,独立系,4012705000121,社会福祉法人　村山苑,,,ほんちょうケアセンター,1372701548,東京都東村山市本町３－４３－１,042-306-2270,042-306-2270,固定(多摩等),042-399-2103,http://murayamaen.or.jp/,"平日,土曜日",,,,,,,,,,,,,,
民間(営利法人)ではない: 社会福祉法人,2481,東村山市,○,,社会福祉法人,1,4,独立系,8050005005759,社会福祉法人愛和会,,,指定居宅介護支援事業所はるびの郷,1372700789,東京都東村山市秋津町　１－３２－１８特別養護老人ホームはるびの郷　施設敷地内,042-397-6088,042-397-6088,固定(多摩等),042-397-6686,http://www.ai-wa-kai.com/,"平日,土曜日,祝日",,,,,,,,,,,,,,
民間(営利法人)ではない: 社協,2483,東村山市,○,○,社協,1,1,社協・包括,7012705000102,社会福祉法人東村山市社会福祉協議会,,,東村山市社会福祉協議会指定居宅介護支援事業所,1372700045,東京都東村山市野口町１－２５－１５,042-399-3261,042-399-3261,固定(多摩等),042-393-0411,http://hm-shakyo.or.jp,平日,,,,,,,,,,,,,,
民間(営利法人)ではない: 社会福祉法人,2487,東村山市,○,○,社会福祉法人,1,1,独立系,5012705000112,社会福祉法人緑風会,,,緑風荘居宅介護支援事業所,1372700201,東京都東村山市萩山町3-31-1,042-392-8691,042-392-8691,固定(多摩等),042-392-8658,http://ryokufuusou.com/,"平日,土曜日,日曜日,祝日",,,,,,,,,,,,,,
民間(営利法人)ではない: NPO,2496,武蔵村山市,○,○,NPO,1,1,独立系,3012805002588,特定非営利活動法人訪問看護ステーションゆいまーる,,,ケアプランセンターゆいゆい,1374901377,東京都武蔵村山市榎3丁目51番地2サウスウインド1F,042-506-8641,042-506-8641,固定(多摩等),042-506-8647,https://yuima-ru7591.jimdo.com/,"平日,土曜日",,,,,,,,,,,,,,
民間(営利法人)ではない: 社会福祉法人,2497,武蔵村山市,○,○,社会福祉法人,1,1,独立系,2012805000171,社会福祉法人　村山福祉会,,,伊奈平苑ケアプランセンター,1374900023,東京都武蔵村山市伊奈平６－１４－２,042-560-3905,042-560-3905,固定(多摩等),042-560-6985,http://www.inadairaen.com,"平日,土曜日",,,,,,,,,,,,,,
民間(営利法人)ではない: 社会福祉法人,2498,武蔵村山市,○,○,社会福祉法人,1,1,施設併設,4012805000178,社会福祉法人　武蔵村山正徳会,,,サンシャインホーム　ケアマネジメントセンター,1374900015,東京都武蔵村山市伊奈平4丁目10番地の2,042-520-0180,042-520-0180,固定(多摩等),042-531-2321,http://www.sunshinehome.or.jp,"平日,土曜日,祝日",,,,,,,,,,,,,,
民間(営利法人)ではない: 医療法人,2504,武蔵野市,○,○,医療法人,1,1,独立系,8012405001457,医療法人社団　東仁会,,,居宅介護支援事業所　東京サポートセンター,1373302593,東京都武蔵野市吉祥寺本町1-31-11KSビル502,0422-68-3700,0422-68-3700,固定(多摩等),0422-68-3701,,"平日,祝日",,,,,,,,,,,,,,
民間(営利法人)ではない: 医療法人,2505,武蔵野市,○,○,医療法人,1,1,医療機関併設,4012405001469,医療法人社団ゆうの会,,,むさしの共立診療所ケアプランセンター,1373300159,東京都武蔵野市西久保2-17-11,0422-52-2666,0422-52-2666,固定(多摩等),0422-52-2689,http://www.kyoritsuclinic.org/,平日,,,,,,,,,,,,,,
民間(営利法人)ではない: 医療法人,2506,武蔵野市,○,○,医療法人,1,1,独立系,2012405001454,医療法人社団陽和会,,,グリーンパーク居宅介護支援事業所,1373300811,東京都武蔵野市緑町２－３－２１,0422-37-2941,0422-37-2941,固定(多摩等),0422-50-1211,http://www.yohwakai.com/hgp/consign/,平日,,,,,,,,,,,,,,
民間(営利法人)ではない: 不明(法人格の記載なし),2511,武蔵野市,○,○,不明(法人格の記載なし),1,1,独立系,4011005001441,日本アビリティーズ協会,,,吉祥寺本町在宅介護支援センター指定居宅介護支援事業所,1373301447,東京都武蔵野市吉祥寺本町4-20-13吉祥寺本町在宅介護支援センター,0422-23-1213,0422-23-1213,固定(多摩等),0422-23-1238,https://www.abilities.jp/,平日,,,,,,,,,,,,,,
民間(営利法人)ではない: 社会福祉法人,2530,武蔵野市,○,○,社会福祉法人,1,1,独立系,7012405001581,社会福祉法人武蔵野,,,ゆとりえ指定居宅介護支援事業所,1373300027,東京都武蔵野市吉祥寺南町4-25-5,0422-72-0313,0422-72-0313,固定(多摩等),0422-72-0321,http://fuku-musashino.or.jp,"平日,土曜日",,,,,,,,,,,,,,
民間(営利法人)ではない: 社会福祉法人,2532,武蔵野市,○,○,社会福祉法人,1,1,独立系,2012405001710,社会福祉法人親の家,,,親の家,1373300803,東京都武蔵野市八幡町3-4-18,0422-55-0507,0422-55-0507,固定(多摩等),0422-55-0578,https://oyanoie.jp,"平日,祝日",,,,,,,,,,,,,,
民間(営利法人)ではない: 一般社団・財団,2534,清瀬市,○,○,一般社団・財団,1,1,訪問看護併設,7012705001678,一般社団法人清風の会,,,けやき通り訪問看護ステーション,1374701249,東京都清瀬市上清戸２－１２－１３メゾン中川１０１,042-497-2361,042-497-2361,固定(多摩等),042-497-2352,http://www.seifuunokai.jp/,平日,,,,,,,,,,,,,,
民間(営利法人)ではない: 不明(法人格の記載なし),2535,清瀬市,○,○,不明(法人格の記載なし),1,1,独立系,4012705000105,信愛報恩会,,,清瀬市在宅介護支援センター信愛,1374700027,東京都清瀬市梅園2-3-15,042-492-1811,042-492-1811,固定(多摩等),042-433-1851,https://shin-ai.or.jp/sono/,平日,,,,,,,,,,,,,,
民間(営利法人)ではない: 医療法人,2537,清瀬市,○,○,医療法人,1,1,医療機関併設,7012705000267,医療法人社団ホスピティウム聖十字会,,,中島医院こもれび居宅介護支援事業所,1374701595,東京都清瀬市元町１－１－９１０１,０４２－４９７－２７１０,042-497-2710,固定(多摩等),,http://www.hospice-nakajima.com/,"平日,祝日",,,,,,,,,,,,,,
民間(営利法人)ではない: 医療法人,2538,清瀬市,○,○,医療法人,1,1,医療機関併設,9012705000257,医療法人社団雅会,,,医療法人社団雅会　山本病院　居宅介護支援事業所,1374700076,東京都清瀬市野塩1-307-2,042-495-0456,042-495-0456,固定(多摩等),042-496-1522,http://www.yamamoto-hp.jp,"平日,土曜日",,,,,,,,,,,,,,
民間(営利法人)ではない: 医療法人,2539,清瀬市,○,○,医療法人,1,1,独立系,1012705000272,医療法社団弘善会,,,指定居宅介護支援事業所ラビアンローゼ,1374700175,東京都清瀬市下清戸3-385,042-491-1103,042-491-1103,固定(多摩等),042-491-9952,http://www.kouzenkai.com/,平日,,,,,,,,,,,,,,
民間(営利法人)ではない: 社会福祉法人,2549,清瀬市,○,○,社会福祉法人,1,1,施設併設,8011505000666,社会福祉法人　上宮会,,,特別養護老人ホーム上宮園居宅介護支援事業所,1374700050,東京都清瀬市竹丘3-3-31,042-491-3200,042-491-3200,固定(多摩等),042-493-0559,http://www.jyogu.com/jyoguen/,平日,,,,,,,,,,,,,,
民間(営利法人)ではない: 社会福祉法人,2552,清瀬市,○,○,社会福祉法人,1,1,独立系,9012705000141,社会福祉法人清悠会,,,社会福祉法人清悠会　ケア・センター悠々の会,1374700373,東京都清瀬市下清戸1-23-1,042-491-9207,042-491-9207,固定(多摩等),042-491-9006,http://www.seiyukai-yuuyuu.or.jp/,平日,,,,,,,,,,,,,,
民間(営利法人)ではない: 公益法人,2554,狛江市,○,○,公益法人,1,1,医療機関併設,3012405000835,公益社団法人　狛江市医師会,,,狛江市医師会訪問看護ステーション,1374500054,東京都狛江市元和泉２－３５－１あいとぴあセンター内,03-5497-7131,03-5497-7131,固定(23区),03-5497-7135,,平日,,,,,,,,,,,,,,
民間(営利法人)ではない: 医療法人,2555,狛江市,○,○,医療法人,1,1,独立系,7010605003575,医療法人社団　あまね会,,,あまね居宅介護支援事業所,1374501409,東京都狛江市中和泉2−11−1中和泉第一マンション102,03−6763−4040,03-6763-4040,固定(23区),03−6327−6573,,平日,,,,,,,,,,,,,,
民間(営利法人)ではない: NPO,2570,狛江市,○,○,NPO,1,1,独立系,3012405000488,特定非営利活動法人アビリティクラブたすけあい狛江たすけあいワーカーズなかよし,,,NPO・ACT居宅介護支援なかよし,1374500674,東京都狛江市和泉本町１－６－１５エスポワール狛江１０３号室,03-5761-9707,03-5761-9707,固定(23区),03-3480-2837,,平日,,,,,,,,,,,,,,
民間(営利法人)ではない: NPO,2571,狛江市,○,○,NPO,1,1,独立系,6012405002135,特定非営利活動法人医療福祉人材支援事業団,,,こまえケアサービス,1370200592,東京都狛江市中和泉1-9-10,03-5438-7721,03-5438-7721,固定(23区),03-5438-7722,https://www.komaecare.jp/,"平日,土曜日",,,,,,,,,,,,,,
民間(営利法人)ではない: NPO,2572,狛江市,○,○,NPO,1,1,独立系,2012405001339,特定非営利活動法人多摩川フレンズ,,,特定非営利活動法人多摩川フレンズ,1374500450,東京都狛江市猪方3-25-37東京土建一般労働組合狛江支部会館1階,03-5438-3811,03-5438-3811,固定(23区),03-5438-3814,,平日,,,,,,,,,,,,,,
民間(営利法人)ではない: 社会福祉法人,2574,狛江市,○,○,社会福祉法人,1,1,施設併設,6012405000915,社会福祉法人　狛江福祉会,,,こまえ苑,1374500013,東京都狛江市岩戸南四丁目17番17号,03-3489-2417,03-3489-2417,固定(23区),03-3489-2587,https://www.komaeen.or.jp,"平日,土曜日",,,,,,,,,,,,,,
民間(営利法人)ではない: 社協,2576,狛江市,○,○,社協,1,1,独立系,8012405000913,社会福祉法人狛江市社会福祉協議会,,,あいとぴあ,1374500039,東京都狛江市元和泉２－３５－１あいとぴあセンター,03-5438-7333,03-5438-7333,固定(23区),03-3430-9779,https://welfare.komae.org/,"平日,土曜日",,,,,,,,,,,,,,
民間(営利法人)ではない: 一般社団・財団,2587,町田市,○,,一般社団・財団,1,2,独立系,8020005012122,一般社団法人ロコモラボラトリー,,,すてきな介護　ケアマネジメント,1373206547,東京都町田市中町3-8-11ビバリース中町101,042-739-6231,042-739-6231,固定(多摩等),042-739-6232,,"平日,土曜日,祝日",,,,,,,,,,,,,,
民間(営利法人)ではない: 一般社団・財団,2588,町田市,○,○,一般社団・財団,1,1,独立系,3012305000150,一般財団法人ひふみ会,,,ココ・ヨリドコ,1373207677,東京都町田市小野路町11-1,050-5799-4468,050-5799-4468,IP電話,050-5482-5454,http://koko@yoridoko.com,平日,,,,,,,,,,,,,,
民間(営利法人)ではない: 不明(法人格の記載なし),2590,町田市,○,○,不明(法人格の記載なし),1,1,独立系,1012302008173,光介護サービス,,,居宅介護支援光介護サービス,1373202496,東京都町田市金森２丁目１２-１３2F,042-732-6002,042-732-6002,固定(多摩等),042-732-6003,https://hikarikaigoservice.com/,"平日,土曜日,祝日",,,,,,,,,,,,,,
民間(営利法人)ではない: 医療法人,2592,町田市,○,,医療法人,1,2,訪問看護併設,2012305000267,医療法人社団　三医会　鶴川記念病院,,,医療法人社団　三医会　訪問看護ステーション　鶴川ひまわり,1373200326,東京都町田市三輪町1059-1,044-987-5877,044-987-5877,固定(多摩等),044-987-2323,http://www.tsurukawakousei.or.jp,平日,,,,,,,,,,,,,,
民間(営利法人)ではない: 医療法人,2593,町田市,○,○,医療法人,1,1,独立系,6012305000239,医療法人社団　芙蓉会,,,芙蓉ケアプラン,1373205226,東京都町田市南町田２－５－１０101号室,０４２－７８８－３３０１,042-788-3301,固定(多摩等),０４２－７８８－３３０９,http://www.fuyou.or.jp,"平日,土曜日,祝日",,,,,,,,,,,,,,
民間(営利法人)ではない: 医療法人,2594,町田市,○,○,医療法人,1,1,独立系,7012305001632,医療法人社団おおぞら会,,,医療法人社団おおぞら会居宅介護支援事業所ウイング町田,1373207883,東京都町田市忠生3-25-11忠生ビル301号室,042-816-3385,042-816-3385,固定(多摩等),042-794-6411,,平日,,,,,,,,,,,,,,
民間(営利法人)ではない: 医療法人,2595,町田市,○,○,医療法人,1,1,医療機関併設,6400605000150,医療法人社団創生会,,,町田病院指定居宅介護支援事業所,1373205812,東京都町田市木曽西4-12‐22KISOコミュニティーベース2階,042-794-6573,042-794-6573,固定(多摩等),042-794-6103,http://www.machidahospital.jp/index.html,平日,,,,,,,,,,,,,,
民間(営利法人)ではない: 医療法人,2596,町田市,○,○,医療法人,1,1,医療機関併設,7012305000007,医療法人社団幸益会,,,かわむらクリニック居宅介護支援事業所,1373207651,東京都町田市本町田29431番地1マンション・サンライズヒル303号,042-703-3566,042-703-3566,固定(多摩等),042-732-3366,https://kawamura-clinic.jp,平日,,,,,,,,,,,,,,
民間(営利法人)ではない: 医療法人,2598,町田市,○,○,医療法人,1,1,独立系,0101050000880,医療法人社団永生会,,,ケアプランセンター　ぴあの,1373204526,東京都町田市鶴間七丁目３番３号介護老人保健施設オネスティ南町田1F,042-706-8808,042-706-8808,固定(多摩等),042-706-8807,http://honesty.eisei.or.jp,平日,,,,,,,,,,,,,,
民間(営利法人)ではない: 医療法人,2599,町田市,○,○,医療法人,1,1,独立系,7012305000279,医療法人社団泰大会,,,薬師台おはな介護相談所,1373205507,東京都町田市薬師台１丁目２５番地１２薬師台メディカルテラス,042-737-0771,042-737-0771,固定(多摩等),042-737-0772,https://taidaikai.com/home-care-support-office/,平日,,,,,,,,,,,,,,
民間(営利法人)ではない: 医療法人,2600,町田市,○,,医療法人,1,20,医療機関併設,4011405000068,医療法人財団明理会,,,鶴川サナトリウム病院　居宅介護支援事業所,1373200581,東京都町田市広袴2-12-3,042-735-1806,042-735-1806,固定(多摩等),042-735-1188,http://www.ims.gr.jp/turukawa/,"平日,土曜日",,,,,,,,,,,,,,
民間(営利法人)ではない: 社会福祉法人,2604,町田市,○,,社会福祉法人,1,2,独立系,5420005006061,天寿園会,,,居宅介護支援センター椿,1373204542,東京都町田市相原町2311-1,042-700-1188,042-700-1188,固定(多摩等),042-700-2777,http://www.tenjuen.net/,"平日,土曜日,祝日",,,,,,,,,,,,,,
民間(営利法人)ではない: 不明(法人格の記載なし),2605,町田市,○,○,不明(法人格の記載なし),1,1,医療機関併設,5012305001774,天恵会,,,敬愛クリニック在宅相談室,1373206521,東京都町田市忠生四丁目5番地10ウエルストンアネックス2階,042－794－9790,042-794-9790,固定(多摩等),042－794－9899,http://keiai-med.com,平日,,,,,,,,,,,,,,
民間(営利法人)ではない: NPO,2638,町田市,○,○,NPO,1,1,施設併設,2012305001257,特定非営利活動法人　アットホーム,,,特定非営利活動法人　アットホーム,1373202017,東京都町田市木曽東4-19-35,042-851-9252,042-851-9252,固定(多摩等),042-851-9542,,"平日,土曜日",,,,,,,,,,,,,,
民間(営利法人)ではない: NPO,2639,町田市,○,○,NPO,1,1,独立系,4012305000389,特定非営利活動法人　福祉開発研究センター,,,特定非営利活動法人　福祉開発研究センター,1373202009,東京都町田市森野３－１９－１７アコール町田１Ｆ,042-724-2940,042-724-2940,固定(多摩等),042-724-2949,http://wdrc.biz/,平日,,,,,,,,,,,,,,
民間(営利法人)ではない: NPO,2640,町田市,○,○,NPO,1,1,独立系,2012305001587,特定非営利活動法人こころ,,,居宅介護支援事業所こころ,1373204385,東京都町田市忠生4丁目19番地1,042-797-2556,042-797-2556,固定(多摩等),042-797-8556,http://npokokoro.jp/,平日,,,,,,,,,,,,,,
民間(営利法人)ではない: NPO,2641,町田市,○,○,NPO,1,1,独立系,9011105003226,特定非営利活動法人東京ケアネットワーク,,,町田サポートセンターあさひ,1373201688,東京都町田市旭町１－17－15,042-710-2751,042-710-2751,固定(多摩等),042-726-0013,http://care-net.biz/13/matida-asahi/index.php,"平日,土曜日,祝日",,,,,,,,,,,,,,
民間(営利法人)ではない: NPO,2642,町田市,○,○,NPO,1,1,独立系,5012305000371,特定非営利活動法人桜実会,,,桜実会,1373200896,東京都町田市玉川学園3-35-1玉川学園高齢者在宅サービスセンター,042-710-3380,042-710-3380,固定(多摩等),042-710-1292,http://www.ohmikai.com,"平日,土曜日,祝日",,,,,,,,,,,,,,
民間(営利法人)ではない: NPO,2643,町田市,○,○,NPO,1,1,独立系,9012305000384,特定非営利活動法人湧和,,,ケアプラン湧和,1373207818,東京都町田市本町田2102番地1,042-727-6810,042-727-6810,固定(多摩等),042-860-6222,https://www.npo-yuwa.com,"平日,土曜日,祝日",,,,,,,,,,,,,,
民間(営利法人)ではない: NPO,2644,町田市,○,○,NPO,1,1,独立系,6012305000420,特定非営利活動法人相原やまゆり会,,,相原やまゆり,1373202520,東京都町田市相原町3174,042-782-1877,042-782-1877,固定(多摩等),042-783-5126,http://aihara-yamayuri.org/,平日,,,,,,,,,,,,,,
民間(営利法人)ではない: 医療法人,2648,町田市,○,○,医療法人,1,1,独立系,2012305001224,社会医療法人社団正志会,,,南町田介護支援センターペンギン,1373205671,東京都町田市鶴間四丁目５番８号,042-706-8845,042-706-8845,固定(多摩等),042-706-8664,http://mmhp.jp,平日,,,,,,,,,,,,,,
民間(営利法人)ではない: 社会福祉法人,2649,町田市,○,○,社会福祉法人,1,1,独立系,6010105000260,社会福祉法人　　共助会,,,指定居宅介護支援事業所サンシルバー町田,1373200136,東京都町田市相原町２３７３番１,042-770-2552,042-770-2552,固定(多摩等),042-770-2531,,"平日,土曜日",,,,,,,,,,,,,,
民間(営利法人)ではない: 社会福祉法人,2650,町田市,○,○,社会福祉法人,1,1,施設併設,1060005002571,社会福祉法人　三光会,,,居宅介護支援事業所　町田誠心園,1373203965,東京都町田市下小山田町3352-8,042-798-5855,042-798-5855,固定(多摩等),042-798-5856,http://www.sankokai.com,平日,,,,,,,,,,,,,,
民間(営利法人)ではない: 社会福祉法人,2652,町田市,○,○,社会福祉法人,1,1,施設併設,9012305000236,社会福祉法人　嘉祥会,,,居宅介護支援事業所　ぬくもりの園,1373202868,東京都町田市下小山田町２７３５－４サービス付き高齢者向け住宅「清住の杜町田」１階,042-794-8681,042-794-8681,固定(多摩等),042-794-8682,http://www.kashokai.com,"平日,祝日",,,,,,,,,,,,,,
民間(営利法人)ではない: 社会福祉法人,2656,町田市,○,○,社会福祉法人,1,1,独立系,1012305000227,社会福祉法人創和会,,,ケアマネジメントセンター成瀬,1373200086,東京都町田市成瀬台３－２４－１,042-720-0348,042-720-0348,固定(多摩等),042-720-2205,http://ccnaruse.com,"平日,土曜日,祝日",,,,,,,,,,,,,,
民間(営利法人)ではない: 社会福祉法人,2663,町田市,○,,社会福祉法人,1,2,独立系,5021005002347,社会福祉法人泰政会,,,居宅介護支援事業所　レガメ町田,1373205986,東京都町田市南大谷1-41-1,042-728-1116,042-728-1116,固定(多摩等),042-728-0008,http://taiseikai-web.com,平日,,,,,,,,,,,,,,
民間(営利法人)ではない: 社会福祉法人,2667,町田市,○,○,社会福祉法人,1,1,独立系,3012305000233,社会福祉法人竹清会,,,美郷居宅介護支援事業所,1373200854,東京都町田市小山ヶ丘一丁目２番地９,042-797-6274,042-797-6274,固定(多摩等),042-797-3553,http://www.chikuseikai.com,"平日,土曜日,祝日",,,,,,,,,,,,,,
民間(営利法人)ではない: 一般社団・財団,2678,福生市,○,○,一般社団・財団,1,1,独立系,3013105001529,一般社団法人やなぎ社会福祉事務所,,,さわやか介護,1374400719,東京都福生市志茂169-1ﾗｲｵﾝｽﾞﾏﾝｼｮﾝ福生105,042-513-0244,042-513-0244,固定(多摩等),042-513-0245,,平日,,,,,,,,,,,,,,
民間(営利法人)ではない: 医療法人,2679,福生市,○,○,医療法人,1,1,独立系,4010405006463,医療法人社団光暉会,,,ひかりメディケア居宅介護支援事業所,1374400941,東京都福生市本町95-3メディケア953-1階,042-539-2630,042-539-2630,固定(多摩等),042-539-2660,http://photon.or.jp,"平日,土曜日,日曜日,祝日",,,,,,,,,,,,,,
民間(営利法人)ではない: 医療法人,2680,福生市,○,○,医療法人,1,1,施設併設,9013105000005,医療法人社団永進会,,,居宅介護支援事業所南田園,1374400305,東京都福生市南田園2丁目9番1グリーンシティ南田園103,042-539-2200,042-539-2200,固定(多摩等),042-539-0012,https://www.zenjinkai-group.jp/eishinkai/care_center/yuai_villa/,平日,,,,,,,,,,,,,,
民間(営利法人)ではない: NPO,2688,福生市,○,○,NPO,1,1,独立系,3013105000092,特定非営利活動法人ケアサービスいずみ,,,特定非営利活動法人　ケアサービスいずみ,1374400032,東京都福生市志茂187番地,042-513-7244,042-513-7244,固定(多摩等),042-551-7732,,"平日,土曜日,祝日",,,,,,,,,,,,,,
民間(営利法人)ではない: 社会福祉法人,2689,福生市,○,○,社会福祉法人,1,1,独立系,6013105000040,社会福祉法人もくせい会,,,指定居宅介護支援事業所武蔵野,1374400057,東京都福生市福生2300番4,042-539-3541,042-539-3541,固定(多摩等),042-553-6686,http://www.mokuseikai.or.jp,"平日,土曜日,日曜日,祝日",,,,,,,,,,,,,,
民間(営利法人)ではない: 社会福祉法人,2690,福生市,○,○,社会福祉法人,1,1,独立系,1013105000037,社会福祉法人福陽会,,,介護プランセンターサンシャインビラ（第２サンシャインビラ内）,1374400065,東京都福生市福生3244-10,042-553-3765,042-553-3765,固定(多摩等),042-553-3729,http://www.fukuyokai.or.jp,"平日,土曜日,日曜日,祝日",,,,,,,,,,,,,,
民間(営利法人)ではない: 医療法人,2691,稲城市,○,,医療法人,1,2,独立系,2110005013109,医療法人俊榮会,,,稲城居宅介護支援事業所ほほえみ,1375100573,東京都稲城市東長沼3111-1T’sgarden105,042-377-8826,042-377-8826,固定(多摩等),042-401-7980,http://inagi-hohoemi.com,平日,,,,,,,,,,,,,,
民間(営利法人)ではない: 医療法人,2692,稲城市,○,○,医療法人,1,1,独立系,9012405002470,医療法人社団秀巧会,,,稲城わかばケアプランセンター,1375100680,東京都稲城市東長沼3106-3オークプラザ1階,042-401-5310,042-401-5310,固定(多摩等),042-370-0533,,"平日,土曜日",,,,,,,,,,,,,,
民間(営利法人)ではない: 医療法人,2698,稲城市,○,,医療法人,1,3,独立系,3012405002212,特定医療法人社団　研精会,,,介護支援センターゆい若葉台,1375100037,東京都稲城市若葉台３－７－１,042-331-6601,042-331-6601,固定(多摩等),042-331-1724,https://www.kenseikai-group.or.jp/,"平日,土曜日",,,,,,,,,,,,,,
民間(営利法人)ではない: 社会福祉法人,2701,稲城市,○,○,社会福祉法人,1,1,独立系,1013405000158,社会福祉法人平尾会,,,ひらお苑ケアマネジメント相談センター,1375100011,東京都稲城市平尾2-49-20,042-331-6088,042-331-6088,固定(多摩等),042-350-5578,http://www.hiraokai.or.jp,"平日,土曜日,祝日",,,,,,,,,,,,,,
民間(営利法人)ではない: 社会福祉法人,2702,稲城市,○,○,社会福祉法人,1,1,独立系,2013405000157,社会福祉法人永明会,,,いなぎ苑介護支援サービスセンター,1375100045,東京都稲城市百村255番地,042-379-5500,042-379-5500,固定(多摩等),042-379-5131,http://www.inagien.jp,"平日,土曜日,祝日",,,,,,,,,,,,,,
民間(営利法人)ではない: 一般社団・財団,2704,立川市,○,○,一般社団・財団,1,1,独立系,7012805001371,一般社団法人　介護グループふれあい,,,居宅介護支援事業所　介護グループふれあい,1373501434,東京都立川市羽衣町2-41-1羽衣第一ビル2階,042-595-6620,042-595-6620,固定(多摩等),042-595-6621,http://www.fureaikaigo.com/,平日,,,,,,,,,,,,,,
民間(営利法人)ではない: 一般社団・財団,2705,立川市,○,○,一般社団・財団,1,1,独立系,7012805001446,一般社団法人栄福祉会,,,介護相談ケアサポートさかえ,1373003423,東京都立川市栄町3-2みかもビル1階,042-540-1034,042-540-1034,固定(多摩等),042-540-1035,http://sakaefukushi.jp/,平日,,,,,,,,,,,,,,
民間(営利法人)ではない: 医療法人,2706,立川市,○,○,医療法人,1,1,独立系,9012805001312,医療法人社団　光誠会,,,居宅介護支援事業所パークサイドヴィラ,1373003381,東京都立川市富士見町1-36-6,042-595-8892,042-595-8892,固定(多摩等),,,平日,,,,,,,,,,,,,,
民間(営利法人)ではない: 医療法人,2708,立川市,○,○,医療法人,1,1,独立系,3012805000121,医療法人社団東京石心会,,,立川ケアプランセンターわかば,1373000569,東京都立川市若葉町4-24-2若葉町団地37号棟107号室,042-538-1220,042-538-1220,固定(多摩等),042-535-8404,http://tokyosekishinkai.jp/wakaba/careplan/about.php,平日,,,,,,,,,,,,,,
民間(営利法人)ではない: 医療法人,2709,立川市,○,○,医療法人,1,1,施設併設,3012805000071,医療法人財団　立川中央病院,,,介護老人保健施設アルカディア指定居宅介護支援事業所,1373003399,東京都立川市上砂町３丁目２－１,042－537－7885,042-537-7885,固定(多摩等),042－537－7895,http://www.arcadia-kaigo.com/,平日,,,,,,,,,,,,,,
民間(営利法人)ではない: NPO,2731,立川市,○,○,NPO,1,1,独立系,3012805001474,特定非営利活動法人老援団,,,老援団幸町居宅介護支援事業所,1373002136,東京都立川市幸町一丁目５番地１,042-537-7340,042-537-7340,固定(多摩等),042-537-7341,,"平日,土曜日",,,,,,,,,,,,,,
民間(営利法人)ではない: 社会福祉法人,2733,立川市,○,○,社会福祉法人,1,1,独立系,3012805000170,社会福祉法人　欅会,,,西砂指定居宅介護支援事業所,1373000163,東京都立川市西砂町５－５－５,042-531-5550,042-531-5550,固定(多摩等),042-531-3451,http://www.keyakikai.or.jp,"平日,土曜日,祝日",,,,,,,,,,,,,,
民間(営利法人)ではない: 社会福祉法人,2736,立川市,○,○,社会福祉法人,1,1,独立系,3012805002547,社会福祉法人三多摩福祉会,,,ケアプランセンター　なのはな　立川,1373002821,東京都立川市錦町1-16-151階,042-523-7026,042-523-7026,固定(多摩等),042-523-7036,http://3fuku.com,平日,,,,,,,,,,,,,,
民間(営利法人)ではない: 社会福祉法人,2737,立川市,○,○,社会福祉法人,1,1,独立系,1012805000180,社会福祉法人幹福祉会,,,ヘルプ協会たちかわ,1373000502,東京都立川市錦町3-1-29サンハイム立川１階,042-526-2898,042-526-2898,固定(多摩等),042-521-1664,http://www.mikifukushikai.jp/tachikawa.htm,平日,,,,,,,,,,,,,,
民間(営利法人)ではない: 社会福祉法人,2739,立川市,○,○,社会福祉法人,1,1,独立系,4012805000153,社会福祉法人敬愛会,,,居宅介護支援事業所上砂地域福祉サービスセンター,1373400561,東京都立川市上砂町1-13-1,042-537-7750,042-537-7750,固定(多摩等),042-536-7182,http://www.keiaikai.org/,"平日,祝日",,,,,,,,,,,,,,
民間(営利法人)ではない: 社協,2741,立川市,○,○,社協,1,1,社協・包括,2012805000147,社会福祉法人立川市社会福祉協議会,,,立川市社会福祉協議会指定居宅介護支援事業所,1373000049,東京都立川市富士見町２丁目３６番４７号立川市総合福祉センター,042-523-9309,042-523-9309,固定(多摩等),042-548-1747,http://www.tachikawa-shakyo.jp/homesupportoffice.html,"平日,土曜日",,,,,,,,,,,,,,
民間(営利法人)ではない: 医療法人,2746,羽村市,○,,医療法人,1,22,施設併設,1010005004837,医療法人社団　葵会,,,西多摩・あおいホームケアサービス,1375300553,東京都羽村市双葉町２－２１－１西多摩病院,042-554-0838,042-554-0838,固定(多摩等),042-554-3009,http://www.aoikai.jp/nishitama,平日,,,,,,,,,,,,,,
民間(営利法人)ではない: 医療法人,2747,羽村市,○,○,医療法人,1,1,独立系,6013105000255,医療法人社団真愛会,,,あかしあの里　指定居宅介護支援事業所,1372400802,東京都羽村市玉川2-6-6,042-555-5663,042-555-5663,固定(多摩等),042-578-3561,http://www.shinaikai.jp/akashiajigyou/,平日,,,,,,,,,,,,,,
民間(営利法人)ではない: 一般社団・財団,2761,西東京市,○,○,一般社団・財団,1,1,医療機関併設,7012705000036,一般社団法人西東京市医師会,,,西東京市医師会ケアプランセンター,1375400213,東京都西東京市中町1-1-5西東京市中町分庁舎,042-425-4422,042-425-4422,固定(多摩等),042-424-5996,http://www.nishitokyo-med.jp/care/care.html,平日,,,,,,,,,,,,,,
民間(営利法人)ではない: 医療法人,2763,西東京市,○,○,医療法人,1,1,独立系,2012705000271,医療法人社団　欅会,,,居宅介護支援　ゆいな,1375425129,東京都西東京市南町五丁目1番15号田無南口ｸﾘﾆｯｸ3階,042-451-9230,042-451-9230,固定(多摩等),042-451-9231,https://tanashi-cl.com/caremanager.html,"平日,祝日",,,,,,,,,,,,,,
民間(営利法人)ではない: 医療法人,2764,西東京市,○,○,医療法人,1,1,医療機関併設,5012705002067,医療法人社団颯凌会,,,颯凌会まつばらホームクリニック居宅介護支援事業所,1375424999,東京都西東京市東町4-14-18かえでビル1階B,042-438-6556,042-438-6556,固定(多摩等),042-438-6557,https://m-hc.jp/,"平日,祝日",,,,,,,,,,,,,,
民間(営利法人)ではない: NPO,2791,西東京市,○,○,NPO,1,1,独立系,5012705000491,特定非営利活動法人サポートハウス年輪,,,年輪ケアプランセンター,1373900156,東京都西東京市田無町5-4-8第一和光ビル1F,042-466-3177,042-466-3177,固定(多摩等),042-466-3177,http://www.npo-nenrin.com,"平日,祝日",,,,,,,,,,,,,,
民間(営利法人)ではない: 社会福祉法人,2792,西東京市,○,○,社会福祉法人,1,1,独立系,6030005006975,社会福祉法人　千曲会,,,健光園在宅介護支援センター,1373900123,東京都西東京市田無町5-5-19,042-469-8973,042-469-8973,固定(多摩等),042-469-8946,http://www.kenkouen.or.jp,平日,,,,,,,,,,,,,,
民間(営利法人)ではない: 社会福祉法人,2794,西東京市,○,○,社会福祉法人,1,1,独立系,9012705000100,社会福祉法人東京老人ホーム,,,めぐみ園指定居宅介護支援事業所,1373700044,東京都西東京市柳沢4丁目1番3号,042-467-2794,042-467-2794,固定(多摩等),042-460-4655,http://www.tokyo-rojin-home.or.jp/,"平日,土曜日",,,,,,,,,,,,,,
民間(営利法人)ではない: 社会福祉法人,2795,西東京市,○,○,社会福祉法人,1,1,独立系,3012705000147,社会福祉法人東京聖新会,,,フローラ田無　指定居宅介護支援事業所,1373900115,東京都西東京市向台町2-16-22,042-468-2313,042-468-2313,固定(多摩等),042-468-5288,http://www.tokyo-seishinkai.or.jp/,平日,,,,,,,,,,,,,,
民間(営利法人)ではない: 社会福祉法人,2797,西東京市,○,○,社会福祉法人,1,1,独立系,8012705000142,社会福祉法人都心会,,,保谷苑居宅介護支援事業所,1373700036,東京都西東京市栄町3-7-13第一昭栄ハイツ102号室,042-439-7221,042-439-7221,固定(多摩等),042-439-9201,http://www.toshinkai.or.jp,"平日,土曜日,祝日",,,,,,,,,,,,,,
民間(営利法人)ではない: 社会福祉法人,2798,西東京市,○,○,社会福祉法人,1,1,独立系,1012705000149,社会福祉法人鶴寿会,,,クレインケアマネジメントセンター,1373900149,東京都西東京市西原町４丁目３番５号,042-468-3300,042-468-3300,固定(多摩等),042-468-3351,http://www.kurein.org,"平日,土曜日,祝日",,,,,,,,,,,,,,
民間(営利法人)ではない: 公益法人,2804,調布市,○,○,公益法人,1,1,医療機関併設,8012405002496,公益社団法人　調布市医師会,,,調布市医師会指定居宅介護支援事業所,1374200325,東京都調布市小島町３丁目６８番地９,042-499-7731,042-499-7731,固定(多摩等),042-499-7699,http://www.chofu-med.or.jp/,平日,,,,,,,,,,,,,,
民間(営利法人)ではない: 公益法人,2805,調布市,○,○,公益法人,1,1,独立系,9012405002751,公益財団法人調布ゆうあい福祉公社,,,公益財団法人調布ゆうあい福祉公社,1374200044,東京都調布市国領町3丁目8-1,042-481-7711,042-481-7711,固定(多摩等),042-483-4378,https://www.chofu-yu-ai.or.jp/,平日,,,,,,,,,,,,,,
民間(営利法人)ではない: 医療法人,2806,調布市,○,○,医療法人,1,1,独立系,2011805000586,医療法人社団　大和会,,,医療法人社団　大和会　多摩川居宅介護支援事業所,1374202214,東京都調布市国領町5丁目31番地1号,042-499-3932,042-499-3932,固定(多摩等),042-499-3933,http://www.tamagawahp.jp,平日,,,,,,,,,,,,,,
民間(営利法人)ではない: 医療法人,2807,調布市,○,○,医療法人,1,1,独立系,3012405000851,医療法人社団東山会,,,医療法人社団　東山会　とうざん居宅介護支援事業所,1374200382,東京都調布市布田1-36-6ロロール調布1階,042-481-5731,042-481-5731,固定(多摩等),042-481-5632,http://www.touzan.or.jp,"平日,土曜日",,,,,,,,,,,,,,
民間(営利法人)ではない: 医療法人,2808,調布市,○,○,医療法人,1,1,独立系,2010905001296,医療法人社団永研会,,,医療法人社団　永研会　ケアプランちとせ調布居宅介護支援事業所,1374203568,東京都調布市布田4-5-5ラフィーネ調布２番館101,042－426－9570,042-426-9570,固定(多摩等),042－426－9571,https://eikenkai.jp/,平日,,,,,,,,,,,,,,
民間(営利法人)ではない: 医療法人,2809,調布市,○,○,医療法人,1,1,独立系,8012405000847,医療法人社団青山会,,,指定居宅介護支援事業所　「せいじゅ」,1374200465,東京都調布市上石原３丁目３３－１７,042-483-1315,042-483-1315,固定(多摩等),042-483-1369,http://www.aoki-hospital.jp,平日,,,,,,,,,,,,,,
民間(営利法人)ではない: NPO,2834,調布市,○,○,NPO,1,1,独立系,9012405000466,特定非営利活動法人　調布はこべ,,,ケアプランNPO・はこべ,1374201521,東京都調布市調布ヶ丘2-4-15カルム415-202,042-485-5653,042-485-5653,固定(多摩等),042-444-1277,http://chofuhakobe.org,平日,,,,,,,,,,,,,,
民間(営利法人)ではない: 社会福祉法人,2839,調布市,○,○,社会福祉法人,1,1,施設併設,4012405000628,社会福祉法人桐仁会,,,居宅介護支援事業所　ちょうふ花園,1374201273,東京都調布市下石原3-44-1,042-484-2296,042-484-2296,固定(多摩等),042-484-2286,http://www.tojinkai.or.jp/,"平日,土曜日,日曜日,祝日",,,,,,,,,,,,,,
民間(営利法人)ではない: 医療法人,2843,青梅市,○,○,医療法人,1,1,独立系,5013105000818,医療法人社団三秀会,,,三慶居宅介護支援事業所,1372801165,東京都青梅市大柳町1412番地青梅三慶病院,0428-24-6923,0428-24-6923,固定(多摩等),0428-84-2117,http://omesankeihp.ip/,平日,,,,,,,,,,,,,,
民間(営利法人)ではない: 医療法人,2845,青梅市,○,,医療法人,1,2,訪問看護併設,5013105001106,医療法人社団和風会,,,医療法人社団　和風会　梅の園訪問看護居宅介護支援センター,1372800480,東京都青梅市長淵6-483-4ダイユーマンション1F,0428-23-8585,0428-23-8585,固定(多摩等),0428-23-8590,http://www.wafukai.or.jp/,平日,,,,,,,,,,,,,,
民間(営利法人)ではない: 医療法人,2846,青梅市,○,○,医療法人,1,1,独立系,9013105001647,医療法人社団輝真会,,,介護の相談室　クレセント,1372802197,東京都青梅市新町3‐66‐3,0428‐78‐0005,0428-78-0005,固定(多摩等),0428‐78‐0006,https://www.hccome.jp,平日,,,,,,,,,,,,,,
民間(営利法人)ではない: 医療法人,2847,青梅市,○,○,医療法人,1,1,医療機関併設,2013105001298,医療法人財団利定会,,,大久野病院居宅介護支援事業所,1372400752,東京都青梅市千ケ瀬町5丁目610番11,0428-78-3113,0428-78-3113,固定(多摩等),0428-78-3110,http://www.oogunohp.com,"平日,土曜日",,,,,,,,,,,,,,
民間(営利法人)ではない: 医療法人,2848,青梅市,○,○,医療法人,1,1,独立系,2013105001100,医療法人財団岩尾会,,,医療法人財団岩尾会すえひろ指定居宅介護支援事業所,1372800035,東京都青梅市末広町1丁目4番地の５,0428-32-0105,0428-32-0105,固定(多摩等),0428-32-1110,http://care-net.biz/13/iwaokai/suehiro_b43.php,"平日,土曜日",,,,,,,,,,,,,,
民間(営利法人)ではない: 社会福祉法人,2855,青梅市,○,,社会福祉法人,1,2,施設併設,1013105001084,社会福祉法人　　青芳会,,,居宅介護支援事業所　今井苑,1372801678,東京都青梅市今井2-1111-1,0428‐31‐3830,0428-31-3830,固定(多摩等),0428‐32‐3871,http://www.imaien.jp,平日,,,,,,,,,,,,,,
民間(営利法人)ではない: 社会福祉法人,2859,青梅市,○,○,社会福祉法人,1,1,独立系,5013105001072,社会福祉法人博仁会,,,博仁会ケアサポートセンターひまわり,1372800043,東京都青梅市富岡1丁目318番地,0428-74-7555,0428-74-7555,固定(多摩等),0428-74-5892,http://www.hakujin-kai.or.jp,"平日,土曜日,祝日",,,,,,,,,,,,,,
民間(営利法人)ではない: 社会福祉法人,2862,青梅市,○,○,社会福祉法人,1,1,独立系,3013105001082,社会福祉法人積善会,,,東青梅居宅介護支援事業所,1372801132,東京都青梅市東青梅１－５－２８,0428-84-0513,0428-84-0513,固定(多摩等),0428-84-0514,http://www.nagabuchien.or.jp/,"平日,土曜日,祝日",,,,,,,,,,,,,,
民間(営利法人)ではない: 社会福祉法人,2863,青梅市,○,○,社会福祉法人,1,1,独立系,2013105001083,社会福祉法人長淵福祉会,,,第２カントリービラ青梅居宅介護支援事業所,1372800274,東京都青梅市長淵１丁目９３９番地１,0428-21-5531,0428-21-5531,固定(多摩等),0428-20-8076,http://www.2nd-country-villa.com,平日,,,,,,,,,,,,,,
民間(営利法人)ではない: 社会福祉法人,2866,三宅村,○,○,社会福祉法人,1,1,独立系,8010005009441,社会福祉法人三宅島あじさいの会,,,社会福祉法人　三宅島あじさいの会　三宅村指定居宅介護支援事業所,1370300343,東京都三宅島三宅村阿古８０７番地１,04994-5-0061,04994-5-0061,固定(多摩等),04994-5-0884,,"平日,土曜日,祝日",,,,,,,,,,,,,,
民間(営利法人)ではない: 一般社団・財団,2867,八丈町,○,○,一般社団・財団,1,1,独立系,4010005023776,一般社団法人櫻壽会,,,櫻壽ケアプラン支援事業所,1370304386,東京都八丈島八丈町大賀郷7486-6,04996-9-5892,04996-9-5892,固定(多摩等),04996-9-5993,,平日,,,,,,,,,,,,,,
民間(営利法人)ではない: 社会福祉法人,2868,八丈町,○,○,社会福祉法人,1,1,独立系,7010005014987,社会福祉法人養和会,,,養和会指定居宅介護支援事業所,1370300178,東京都八丈島八丈町大賀郷7670-1,04996-9-5470,04996-9-5470,固定(多摩等),04996-2-5051,http://www.yowakai.sakura.ne.jp/,"平日,土曜日,日曜日,祝日",,,,,,,,,,,,,,
民間(営利法人)ではない: 社協,2871,大島町,○,○,社協,1,1,社協・包括,5010005014931,大島社会福祉協議会,,,大島社会福祉協議会居宅介護支援事業所,1370300426,東京都大島町元町2-1-4,04992-2-3773,04992-2-3773,固定(多摩等),04992-2-3998,http://oshima.tokyoislands-shakyo.com/,平日,,,,,,,,,,,,,,
民間(営利法人)ではない: 社会福祉法人,2873,大島町,○,○,社会福祉法人,1,1,独立系,2010005014934,社会福祉法人椿の里,,,大島町指定居宅介護支援事業所,1370300129,東京都大島町元町字地の岡45-1,04992-2-0301,04992-2-0301,固定(多摩等),04992-2-4735,http://care-net.biz/13/tubakinosato/,平日,,,,,,,,,,,,,,
民間(営利法人)ではない: 社会福祉法人,2875,奥多摩町,○,○,社会福祉法人,1,1,独立系,6013105001096,社会福祉法人グリーンウッド,,,居宅介護支援事業所白丸ケアセンター,1372401024,東京都西多摩郡奥多摩町白丸２６３番地,0428-83-3737,0428-83-3737,固定(多摩等),0428-83-3713,http://www.green-wood.jp,平日,,,,,,,,,,,,,,
民間(営利法人)ではない: 社協,2876,奥多摩町,○,○,社協,1,1,独立系,4013105001098,社会福祉法人奥多摩町社会福祉協議会,,,ケアサポート奥多摩,1372401040,東京都西多摩郡奥多摩町氷川1111番地,0428-83-2768,0428-83-2768,固定(多摩等),0428-83-2774,http://www.okusyakyo.jp,平日,,,,,,,,,,,,,,
民間(営利法人)ではない: 医療法人,2878,日の出町,○,,医療法人,1,2,独立系,7490005002580,医療法人互生会,,,医療法人互生会　ファミリート日の出ケアセンター,1372401164,東京都西多摩郡日の出町平井351-1,042-588-7971,042-588-7971,固定(多摩等),042-597-5712,http://www.goseikai.jp,"平日,祝日",,,,,,,,,,,,,,
民間(営利法人)ではない: 社会福祉法人,2880,日の出町,○,○,社会福祉法人,1,1,施設併設,3013105001314,社会福祉法人サンライズ,,,介護相談センターひので理想郷の園,1372400422,東京都西多摩郡日の出町平井3076,042-597-3273,042-597-3273,固定(多摩等),042-597-3880,http://www.h-sunrise.com/,平日,,,,,,,,,,,,,,
民間(営利法人)ではない: 社協,2881,日の出町,○,○,社協,1,1,社協・包括,7013105001310,社会福祉法人日の出町社会福祉協議会,,,社会福祉法人日の出町社会福祉協議会指定居宅介護支援事業所,1372400380,東京都西多摩郡日の出町大字平井２７８０番地,042-597-4845/,042-597-4845,固定(多摩等),042-597-7150,http://hinodeshakyo.jpn.org,平日,,,,,,,,,,,,,,
民間(営利法人)ではない: 社会福祉法人,2883,日の出町,○,○,社会福祉法人,1,1,独立系,1013105001076,社会福祉法人青梅白寿会,,,ケアプランセンター嬉々,1372401487,東京都西多摩郡日の出町平井3820介護老人保健施設ウェルピア白寿　１階,042-597-6231,042-597-6231,固定(多摩等),042-597-6241,,平日,,,,,,,,,,,,,,
民間(営利法人)ではない: 社会福祉法人,2884,檜原村,○,○,社会福祉法人,1,1,施設併設,5013105001304,社会福祉法人　仁愛会,,,サナホーム指定居宅介護支援事業所,1372400117,東京都西多摩郡檜原村３７９１－４,042-598-1101,042-598-1101,固定(多摩等),042-598-1103,https://www.jinaikai.jp,"平日,土曜日,日曜日,祝日",,,,,,,,,,,,,,
民間(営利法人)ではない: 社会福祉法人,2885,檜原村,○,○,社会福祉法人,1,1,独立系,2013105001315,社会福祉法人緑水会,,,桧原苑居宅介護支援事業所,1372400851,東京都西多摩郡檜原村5650番地８,042-598-0333,042-598-0333,固定(多摩等),042-598-0334,http://www.hinoharaen.jp,平日,,,,,,,,,,,,,,
民間(営利法人)ではない: 医療法人,2887,瑞穂町,○,○,医療法人,1,1,独立系,1013105000268,医療法人社団幹人会,,,居宅介護支援事業所菜の花,1372401131,東京都西多摩郡瑞穂町殿ヶ谷451-1,042-568-0345,042-568-0345,固定(多摩等),042-568-0346,http://www.kanjinkai.net,平日,,,,,,,,,,,,,,
民間(営利法人)ではない: 社会福祉法人,2891,瑞穂町,○,○,社会福祉法人,1,1,独立系,9013105000038,社会福祉法人平成会,,,指定居宅介護支援事業所　不老の郷,1372400059,東京都西多摩郡瑞穂町二本木1319,042-557-3030,042-557-3030,固定(多摩等),042-557-3210,https://www.furounosato.org,"平日,土曜日,日曜日,祝日",,,,,,,,,,,,,,
民間(営利法人)ではない: 社会福祉法人,2892,瑞穂町,○,○,社会福祉法人,1,1,独立系,6013105000057,社会福祉法人梅の樹会,,,在宅介護支援センターフラワープラム,1372400349,東京都西多摩郡瑞穂町長岡長谷部83番地1,042-556-5755,042-556-5755,固定(多摩等),042-568-1577,http://www.flowerplum.jp,"平日,土曜日,祝日",,,,,,,,,,,,,,
民間(営利法人)ではない: 社会福祉法人,2893,神津島村,○,○,社会福祉法人,1,1,独立系,7010005015028,社会福祉法人つつじ会,,,神津島やすらぎの里,1370303628,東京都神津島村字沢尻１１番１,04992-8-1171,04992-8-1171,固定(多摩等),04992-8-1173,http://www.kouzu-yasuragi.net/,"平日,土曜日,日曜日,祝日",,,,,,,,,,,,,,
